country,iso3,spei,spei_date,year,month,spei_lag1,spei_lag2,spei_lag3
Afghanistan,AFG,-0.10182334,2019-01-16,2019,1,-0.09216996,0.17337486,-0.4998759
Aland,ALA,-0.5845547,2019-01-16,2019,1,-0.5919029,-0.573946,-0.5683613
Albania,ALB,-0.22967805,2019-01-16,2019,1,-1.4893907,-1.8071146,-1.5763355
Algeria,DZA,-1.0814188,2019-01-16,2019,1,-0.5427769,0.31311363,0.7848637
Angola,AGO,0.09074912,2019-01-16,2019,1,0.08361511,0.13265133,0.01503926
Antarctica,ATA,,2019-01-16,2019,1,,,
Argentina,ARG,0.5836947,2019-01-16,2019,1,0.65683836,0.89015007,0.23334531
Armenia,ARM,1.0363027,2019-01-16,2019,1,1.1712614,-0.4086053,-0.2566068
Australia,AUS,-0.6767873,2019-01-16,2019,1,-0.3733929,-0.34082553,-0.596778
Austria,AUT,0.3997119,2019-01-16,2019,1,-0.6072786,-1.1070646,-0.96981037
Azerbaijan,AZE,0.42078257,2019-01-16,2019,1,0.0657651,-1.1670783,-1.1892892
Bangladesh,BGD,-0.7984906,2019-01-16,2019,1,-0.98979837,-1.9425184,-2.4217472
Belarus,BLR,0.0877604,2019-01-16,2019,1,-0.5993056,-1.2869322,-1.3407288
Belgium,BEL,-0.28694797,2019-01-16,2019,1,-0.8990316,-1.9903138,-1.614068
Belize,BLZ,-0.52690655,2019-01-16,2019,1,0.15197073,0.37018886,0.8291466
Benin,BEN,-1.2309334,2019-01-16,2019,1,0.28036058,0.47881243,0.8024171
Bhutan,BTN,-0.5044776,2019-01-16,2019,1,-1.0864267,-2.1034398,-1.698047
Bolivia,BOL,0.1145545,2019-01-16,2019,1,0.8139932,0.4425104,0.5026235
Bosnia and Herzegovina,BIH,-0.74671865,2019-01-16,2019,1,-1.2496614,-1.5861815,-1.8333408
Botswana,BWA,-0.6016498,2019-01-16,2019,1,-0.87824404,-0.97950625,-1.0742748
Brazil,BRA,-0.11553618,2019-01-16,2019,1,0.28563017,0.08321205,-0.13061783
Brunei,BRN,-0.77071255,2019-01-16,2019,1,-1.0203966,-1.0716418,-1.3999658
Bulgaria,BGR,0.5554903,2019-01-16,2019,1,-0.6466883,-0.841258,-1.7584802
Burkina Faso,BFA,-1.4690838,2019-01-16,2019,1,0.21104781,0.69464576,0.94492
Burundi,BDI,0.45430762,2019-01-16,2019,1,-0.021936925,-1.3815506,-0.74218285
Cabo Verde,CPV,-0.40014565,2019-01-16,2019,1,-0.039520983,0.04914594,-0.02046964
Cambodia,KHM,-0.35742763,2019-01-16,2019,1,-0.8311942,-1.1079047,-0.77746415
Cameroon,CMR,0.0012856253,2019-01-16,2019,1,-0.58714634,-1.1715748,-1.0291281
Canada,CAN,0.36701372,2019-01-16,2019,1,0.20787428,0.42755792,0.30950654
Cayman Islands,CYM,,2019-01-16,2019,1,,,
Central African Republic,CAF,-0.4425374,2019-01-16,2019,1,-0.28681776,-0.7024217,-0.78262305
Chad,TCD,-0.4856645,2019-01-16,2019,1,-0.007377781,-0.4432866,-0.40548125
Chile,CHL,-0.3061873,2019-01-16,2019,1,0.053984735,0.30381653,-0.10073736
China,CHN,0.2970199,2019-01-16,2019,1,-0.1464321,0.038958535,0.32065314
Colombia,COL,-0.8541299,2019-01-16,2019,1,-0.6717622,0.010970891,-0.10677566
Comoros,COM,-0.6904536,2019-01-16,2019,1,-0.9904455,-0.94490725,-0.6285203
Costa Rica,CRI,-0.6310586,2019-01-16,2019,1,-0.1743319,-0.033549644,0.31446436
Croatia,HRV,-1.0436542,2019-01-16,2019,1,-1.3780793,-1.2365433,-1.4222242
Cuba,CUB,-0.49769983,2019-01-16,2019,1,-0.74008375,-1.0316366,-0.993035
Cyprus,CYP,1.5762076,2019-01-16,2019,1,1.188148,-0.03702037,-0.117405996
Czechia,CZE,0.28035554,2019-01-16,2019,1,-0.9851965,-1.4821149,-1.810728
Democratic Republic of the Congo,COD,0.12155283,2019-01-16,2019,1,0.12858376,-0.056324746,-0.079606935
Denmark,DNK,-0.7863284,2019-01-16,2019,1,-1.1056811,-1.7233484,-1.1362858
Djibouti,DJI,-0.67593473,2019-01-16,2019,1,-0.21134594,-0.038969908,-0.07313796
Dominican Republic,DOM,-1.2693185,2019-01-16,2019,1,-1.4569397,-1.154045,-1.6169012
East Timor,TLS,-1.4723969,2019-01-16,2019,1,-0.36105704,-0.20434736,-0.33011082
Ecuador,ECU,0.5699204,2019-01-16,2019,1,0.06560059,-0.42258495,-0.4631911
Egypt,EGY,-0.27481702,2019-01-16,2019,1,-0.45805928,-0.8350442,-1.3278815
El Salvador,SLV,-1.3473574,2019-01-16,2019,1,-0.10368756,-0.4380581,-0.22524107
Equatorial Guinea,GNQ,0.38556275,2019-01-16,2019,1,-1.0210814,-0.28834516,-0.79487014
Eritrea,ERI,-0.40492567,2019-01-16,2019,1,0.17580338,0.38727328,0.5033939
Estonia,EST,-0.651818,2019-01-16,2019,1,-0.99418616,-0.620113,-0.23004714
Ethiopia,ETH,-0.17721514,2019-01-16,2019,1,0.09835262,0.09297288,0.08950311
Falkland Islands,FLK,-1.0266868,2019-01-16,2019,1,-0.79594946,0.28091896,0.54242074
Faroe Islands,FRO,-0.37071964,2019-01-16,2019,1,-0.23345853,-0.0608458,-0.02904862
Fiji,FJI,-0.04864553,2019-01-16,2019,1,-0.04833042,0.4076277,-0.23704153
Finland,FIN,-0.4958804,2019-01-16,2019,1,-1.0272682,-0.6649763,-0.21059254
France,-99,-0.30680633,2019-01-16,2019,1,0.06433883,1.4841563,-0.0031997317
French Polynesia,PYF,-0.56714064,2019-01-16,2019,1,-2.2288346,-1.8564146,-1.597782
French Southern and Antarctic Lands,ATF,-1.2233441,2019-01-16,2019,1,-2.7352066,0.36740676,1.9220629
Gabon,GAB,0.40726104,2019-01-16,2019,1,-1.082304,-0.607004,-0.95022047
Gambia,GMB,-1.3441417,2019-01-16,2019,1,0.1324229,0.73762417,-0.33173683
Georgia,GEO,-0.08914985,2019-01-16,2019,1,-0.0962592,-0.8676534,-0.48886314
Germany,DEU,-0.089692086,2019-01-16,2019,1,-1.1924027,-2.2743928,-2.1079404
Ghana,GHA,-1.4353242,2019-01-16,2019,1,-0.017109318,0.42310384,0.9968096
Greece,GRC,0.51346415,2019-01-16,2019,1,-1.2572261,-0.694122,-0.5156806
Greenland,GRL,0.61293995,2019-01-16,2019,1,0.4682701,0.38850075,0.24871962
Guatemala,GTM,-0.11933477,2019-01-16,2019,1,0.36167422,-0.12087405,-0.3652421
Guinea,GIN,-1.1589417,2019-01-16,2019,1,0.01352343,0.4076401,0.32153532
Guinea-Bissau,GNB,-1.5486801,2019-01-16,2019,1,-0.049382593,0.72710425,-0.07216775
Guyana,GUY,-1.5020566,2019-01-16,2019,1,-1.6061468,0.24744669,-0.3868148
Haiti,HTI,-1.7776701,2019-01-16,2019,1,-1.5887362,-0.16436458,-0.5538927
Honduras,HND,-1.6594938,2019-01-16,2019,1,-1.339936,-0.93017465,0.35370627
Hungary,HUN,-0.58740914,2019-01-16,2019,1,-1.382882,-1.486488,-1.6912966
Iceland,ISL,1.1498585,2019-01-16,2019,1,1.1608795,1.0539433,0.44566798
India,IND,-0.16808234,2019-01-16,2019,1,-0.76599467,-0.5231524,-0.5185973
Indonesia,IDN,0.24631798,2019-01-16,2019,1,0.3286529,-0.096683726,-0.62146646
Iran,IRN,0.08598843,2019-01-16,2019,1,0.2990662,0.4615937,-0.39394572
Iraq,IRQ,0.76963055,2019-01-16,2019,1,1.3429593,0.80167156,-0.75945944
Ireland,IRL,0.57323444,2019-01-16,2019,1,0.7597342,0.16837643,-0.74450755
Israel,ISR,0.42522418,2019-01-16,2019,1,0.6454163,0.08080794,-0.1885568
Italy,ITA,-0.88803244,2019-01-16,2019,1,-0.8015662,-0.96364635,-0.66467774
Ivory Coast,CIV,-0.917051,2019-01-16,2019,1,0.27422628,0.59167767,0.9392654
Jamaica,JAM,-0.8658481,2019-01-16,2019,1,-1.6256478,-2.0088186,-1.8573827
Japan,JPN,-1.2727046,2019-01-16,2019,1,-0.722774,0.09743158,0.54232657
Jordan,JOR,0.6421655,2019-01-16,2019,1,0.5380215,0.06345513,-0.24041174
Kazakhstan,KAZ,0.0017879274,2019-01-16,2019,1,-0.0015075266,0.0056980005,-0.06682788
Kenya,KEN,-0.121781096,2019-01-16,2019,1,-0.5476977,-0.8919279,0.11103306
Kiribati,KIR,,2019-01-16,2019,1,,,
Kosovo,-99,-0.21823806,2019-01-16,2019,1,-0.30680633,0.06433883,1.4841563
Kuwait,KWT,0.43336987,2019-01-16,2019,1,1.5653954,1.8915606,-0.5949569
Kyrgyzstan,KGZ,0.3748812,2019-01-16,2019,1,0.24766472,0.20517908,-0.17870708
Laos,LAO,0.7337365,2019-01-16,2019,1,0.40517586,-1.1375779,-0.12851506
Latvia,LVA,-0.36423558,2019-01-16,2019,1,-0.7282416,-0.9345352,-0.56331885
Lebanon,LBN,1.0998397,2019-01-16,2019,1,0.98768467,-0.08463489,0.15892759
Lesotho,LSO,-2.041933,2019-01-16,2019,1,-2.1107068,-1.7723511,-0.95596606
Liberia,LBR,-0.24731897,2019-01-16,2019,1,-0.34849912,-0.35037568,-0.16397892
Libya,LBY,-0.1186913,2019-01-16,2019,1,-0.3512582,-0.62080693,-0.46320167
Lithuania,LTU,-0.1278843,2019-01-16,2019,1,-0.50564325,-1.2639658,-1.0092856
Luxembourg,LUX,0.16043182,2019-01-16,2019,1,-0.83668804,-2.351994,-1.8447255
Madagascar,MDG,-0.35585007,2019-01-16,2019,1,-0.6909011,-0.5780703,-1.1675074
Malawi,MWI,1.0812918,2019-01-16,2019,1,1.3034714,0.36575326,0.57441735
Malaysia,MYS,-0.16647883,2019-01-16,2019,1,0.1610923,-0.20601615,-0.6747571
Mali,MLI,-0.6890494,2019-01-16,2019,1,-0.042423822,0.1958658,0.42591122
Mauritania,MRT,-0.46182457,2019-01-16,2019,1,-0.3713248,0.03986105,-0.017409831
Mauritius,MUS,1.5839245,2019-01-16,2019,1,0.83396274,1.8067466,-0.7035858
Mexico,MEX,0.38025168,2019-01-16,2019,1,0.9051023,1.033655,0.7893026
Moldova,MDA,0.94638586,2019-01-16,2019,1,-0.6736434,-0.7088214,-2.098257
Mongolia,MNG,-1.060161,2019-01-16,2019,1,-1.1160874,-0.12010368,0.51244855
Montenegro,MNE,-0.19391955,2019-01-16,2019,1,-1.152001,-1.7940621,-1.9688102
Morocco,MAR,-1.2413234,2019-01-16,2019,1,-0.11702024,0.65184706,0.79695183
Mozambique,MOZ,0.286837,2019-01-16,2019,1,0.022941422,-0.38429585,-0.67592305
Myanmar,MMR,0.025526252,2019-01-16,2019,1,0.29866648,-0.19660015,0.2738351
Namibia,NAM,-0.29668456,2019-01-16,2019,1,-0.5153345,-0.17287987,0.050081976
Nepal,NPL,0.93363285,2019-01-16,2019,1,0.26350716,-0.042972747,-0.13924907
Netherlands,NLD,-0.67474395,2019-01-16,2019,1,-1.3896508,-2.277221,-1.7939283
New Caledonia,NCL,-0.86467093,2019-01-16,2019,1,-0.4848571,-0.48643327,-0.1607261
New Zealand,NZL,-0.86166203,2019-01-16,2019,1,-0.78165644,-1.0540665,-0.94521326
Nicaragua,NIC,-1.7622503,2019-01-16,2019,1,-1.3348565,-0.92792857,-0.42136857
Niger,NER,-0.10507703,2019-01-16,2019,1,0.9530429,0.82425183,0.41389245
Nigeria,NGA,-0.09086533,2019-01-16,2019,1,0.9252537,0.7277258,0.37677798
North Korea,PRK,-0.78325653,2019-01-16,2019,1,0.24954687,-0.3744454,0.17113315
North Macedonia,MKD,0.03484923,2019-01-16,2019,1,-1.4384366,-1.64263,-1.6411668
Northern Cyprus,-99,1.7281134,2019-01-16,2019,1,-0.21823806,-0.30680633,0.06433883
Norway,-99,0.1762639,2019-01-16,2019,1,1.7281134,-0.21823806,-0.30680633
Oman,OMN,-1.3328019,2019-01-16,2019,1,-0.73161286,-1.2020422,-1.190566
Pakistan,PAK,-0.8878635,2019-01-16,2019,1,-1.0696199,-0.7235932,-0.95675904
Palestine,PSE,0.40297484,2019-01-16,2019,1,0.5564468,0.07359616,0.07104287
Panama,PAN,-0.65598416,2019-01-16,2019,1,-0.35715634,-0.0443198,-0.13527554
Papua New Guinea,PNG,0.17197801,2019-01-16,2019,1,0.10890313,-0.012859283,-0.12805085
Paraguay,PRY,0.2407671,2019-01-16,2019,1,1.464759,2.041758,1.5832162
Peru,PER,0.36061656,2019-01-16,2019,1,0.2940766,0.13861562,0.3239111
Philippines,PHL,-0.19110076,2019-01-16,2019,1,-0.53853285,-0.47312716,-0.012493013
Poland,POL,0.07322924,2019-01-16,2019,1,-0.81479317,-1.5700173,-1.7605668
Portugal,PRT,-0.59805876,2019-01-16,2019,1,-0.13703479,0.28828278,-0.73447096
Puerto Rico,PRI,-0.38761613,2019-01-16,2019,1,0.021819413,-0.19372769,-0.35080513
Qatar,QAT,-0.21113984,2019-01-16,2019,1,0.48086742,0.37727752,-1.326221
Republic of Serbia,SRB,-0.2798117,2019-01-16,2019,1,-1.4305888,-1.9230627,-2.0419033
Republic of the Congo,COG,0.5139655,2019-01-16,2019,1,-0.23411953,-0.90624154,-1.0485588
Romania,ROU,0.949234,2019-01-16,2019,1,-0.53402305,-1.1787819,-1.985433
Russia,RUS,0.1489951,2019-01-16,2019,1,0.06488102,0.13662761,-0.23251964
Rwanda,RWA,-0.0013662458,2019-01-16,2019,1,-0.24816294,-1.530696,-0.8758262
Saint Vincent and the Grenadines,VCT,-1.5584279,2019-01-16,2019,1,-0.5066369,-0.69314456,-0.2977821
Samoa,WSM,0.33818305,2019-01-16,2019,1,0.92371863,0.5825074,0.89008445
Saudi Arabia,SAU,0.42364115,2019-01-16,2019,1,0.7699957,0.67574835,-0.6313903
Senegal,SEN,-0.9770819,2019-01-16,2019,1,0.13400124,0.8840391,-0.23313962
Siachen Glacier,-99,1.858379,2019-01-16,2019,1,0.1762639,1.7281134,-0.21823806
Sierra Leone,SLE,-0.36724487,2019-01-16,2019,1,-0.3775467,-0.29895666,-0.23088634
Slovakia,SVK,-0.36569637,2019-01-16,2019,1,-1.1280392,-1.2797893,-1.479161
Slovenia,SVN,-1.119756,2019-01-16,2019,1,-1.2609694,-0.9882107,-0.8868434
Solomon Islands,SLB,0.07206629,2019-01-16,2019,1,0.036674,0.053124677,0.03264587
Somalia,SOM,0.18665783,2019-01-16,2019,1,0.09035946,0.33151752,0.13582532
Somaliland,-99,-0.18083224,2019-01-16,2019,1,1.858379,0.1762639,1.7281134
South Africa,ZAF,-1.810701,2019-01-16,2019,1,-1.9222654,-1.4567024,-0.8480964
South Georgia and the Islands,SGS,-1.8647346,2019-01-16,2019,1,-1.9414136,-0.86997163,-1.1562978
South Korea,KOR,-0.64104307,2019-01-16,2019,1,1.5344559,0.8695251,0.4317639
South Sudan,SSD,-0.4472534,2019-01-16,2019,1,0.09830443,0.00823619,0.046274886
Spain,ESP,-0.44695657,2019-01-16,2019,1,0.28223646,0.47103888,-0.3932713
Sri Lanka,LKA,-0.91295534,2019-01-16,2019,1,0.10678453,0.5269536,0.37285644
Sudan,SDN,-0.71291333,2019-01-16,2019,1,-0.067138374,-0.029331353,-0.14519571
Suriname,SUR,-0.826028,2019-01-16,2019,1,-0.36411428,0.027921986,-0.61446947
Sweden,SWE,-0.1838066,2019-01-16,2019,1,-0.28796285,-0.1495544,0.06625748
Switzerland,CHE,0.06787978,2019-01-16,2019,1,-0.6403872,-2.0304685,-1.6415297
Syria,SYR,1.2708364,2019-01-16,2019,1,1.3101248,0.27371764,-0.15984064
Taiwan,TWN,0.2390584,2019-01-16,2019,1,0.2338162,0.27768314,0.6773606
Tajikistan,TJK,0.6749116,2019-01-16,2019,1,0.18017562,0.6614089,-0.06130296
Thailand,THA,0.1550091,2019-01-16,2019,1,-0.36374122,-1.3093792,-0.9596511
The Bahamas,BHS,-0.32459232,2019-01-16,2019,1,-1.431609,-1.2154211,-1.0417877
Togo,TGO,-1.535069,2019-01-16,2019,1,0.0576853,0.6747605,1.1843829
Trinidad and Tobago,TTO,-2.416236,2019-01-16,2019,1,-0.9472791,0.8336425,1.5232344
Tunisia,TUN,-0.8502675,2019-01-16,2019,1,0.24721602,0.88150054,1.3389924
Turkey,TUR,1.3380558,2019-01-16,2019,1,1.2116826,0.23168194,0.39372903
Turkmenistan,TKM,0.22854963,2019-01-16,2019,1,0.4185373,0.12423431,-0.32555676
Uganda,UGA,0.29417518,2019-01-16,2019,1,-0.42782927,-1.2106096,-1.0115331
Ukraine,UKR,0.8572409,2019-01-16,2019,1,-0.26907778,-0.99284387,-1.7198532
United Arab Emirates,ARE,0.013769458,2019-01-16,2019,1,0.34525433,-0.19675203,-1.1703439
United Kingdom,GBR,-0.5689841,2019-01-16,2019,1,-0.079673104,-0.19718395,-0.57381606
United Republic of Tanzania,TZA,0.07342777,2019-01-16,2019,1,0.26866177,-0.01873613,-0.15250567
United States Virgin Islands,VIR,-0.19498008,2019-01-16,2019,1,0.55796623,0.38895112,-0.13394324
United States of America,USA,0.6899689,2019-01-16,2019,1,1.0138329,0.6734157,0.6805201
Uruguay,URY,2.219555,2019-01-16,2019,1,0.9895354,0.5259692,0.4997519
Uzbekistan,UZB,0.46338657,2019-01-16,2019,1,0.24078271,-0.052557852,-0.60108644
Vanuatu,VUT,-0.021929296,2019-01-16,2019,1,0.028981788,0.09975775,0.113137454
Venezuela,VEN,-0.62917995,2019-01-16,2019,1,-0.5545344,-0.00021951084,-0.1337661
Vietnam,VNM,0.24423957,2019-01-16,2019,1,-0.3141006,-0.84994525,-0.553659
Western Sahara,ESH,-0.37241307,2019-01-16,2019,1,-0.12670045,-0.060317624,-0.05902511
Yemen,YEM,-1.061428,2019-01-16,2019,1,-0.60081697,-0.26308453,-0.028304068
Zambia,ZMB,0.20863771,2019-01-16,2019,1,0.18865097,-0.16409835,-0.62785065
Zimbabwe,ZWE,0.1553532,2019-01-16,2019,1,-0.29896402,-0.7276137,-1.3246394
eSwatini,SWZ,-1.9552495,2019-01-16,2019,1,-1.5905484,-1.20563,-0.53925127
Afghanistan,AFG,0.16538179,2019-02-15,2019,2,-0.10182334,-0.09216996,0.17337486
Aland,ALA,0.28004837,2019-02-15,2019,2,-0.5845547,-0.5919029,-0.573946
Albania,ALB,-0.47016254,2019-02-15,2019,2,-0.22967805,-1.4893907,-1.8071146
Algeria,DZA,-1.2537508,2019-02-15,2019,2,-1.0814188,-0.5427769,0.31311363
Angola,AGO,0.07559092,2019-02-15,2019,2,0.09074912,0.08361511,0.13265133
Antarctica,ATA,,2019-02-15,2019,2,,,
Argentina,ARG,-0.14190923,2019-02-15,2019,2,0.5836947,0.65683836,0.89015007
Armenia,ARM,1.6398523,2019-02-15,2019,2,1.0363027,1.1712614,-0.4086053
Australia,AUS,-1.048422,2019-02-15,2019,2,-0.6767873,-0.3733929,-0.34082553
Austria,AUT,0.5178075,2019-02-15,2019,2,0.3997119,-0.6072786,-1.1070646
Azerbaijan,AZE,0.74617064,2019-02-15,2019,2,0.42078257,0.0657651,-1.1670783
Bangladesh,BGD,1.1792088,2019-02-15,2019,2,-0.7984906,-0.98979837,-1.9425184
Belarus,BLR,0.2755166,2019-02-15,2019,2,0.0877604,-0.5993056,-1.2869322
Belgium,BEL,0.011934126,2019-02-15,2019,2,-0.28694797,-0.8990316,-1.9903138
Belize,BLZ,-0.7078858,2019-02-15,2019,2,-0.52690655,0.15197073,0.37018886
Benin,BEN,-0.6726852,2019-02-15,2019,2,-1.2309334,0.28036058,0.47881243
Bhutan,BTN,0.9822577,2019-02-15,2019,2,-0.5044776,-1.0864267,-2.1034398
Bolivia,BOL,-0.45051655,2019-02-15,2019,2,0.1145545,0.8139932,0.4425104
Bosnia and Herzegovina,BIH,-1.0426068,2019-02-15,2019,2,-0.74671865,-1.2496614,-1.5861815
Botswana,BWA,-0.32629177,2019-02-15,2019,2,-0.6016498,-0.87824404,-0.97950625
Brazil,BRA,-0.30097842,2019-02-15,2019,2,-0.11553618,0.28563017,0.08321205
Brunei,BRN,-0.9942771,2019-02-15,2019,2,-0.77071255,-1.0203966,-1.0716418
Bulgaria,BGR,-0.30531394,2019-02-15,2019,2,0.5554903,-0.6466883,-0.841258
Burkina Faso,BFA,-0.89592314,2019-02-15,2019,2,-1.4690838,0.21104781,0.69464576
Burundi,BDI,-0.036204435,2019-02-15,2019,2,0.45430762,-0.021936925,-1.3815506
Cabo Verde,CPV,-0.50758356,2019-02-15,2019,2,-0.40014565,-0.039520983,0.04914594
Cambodia,KHM,-0.33121607,2019-02-15,2019,2,-0.35742763,-0.8311942,-1.1079047
Cameroon,CMR,0.12727046,2019-02-15,2019,2,0.0012856253,-0.58714634,-1.1715748
Canada,CAN,0.32862702,2019-02-15,2019,2,0.36701372,0.20787428,0.42755792
Cayman Islands,CYM,,2019-02-15,2019,2,,,
Central African Republic,CAF,-0.79600614,2019-02-15,2019,2,-0.4425374,-0.28681776,-0.7024217
Chad,TCD,-1.1018106,2019-02-15,2019,2,-0.4856645,-0.007377781,-0.4432866
Chile,CHL,-0.6254133,2019-02-15,2019,2,-0.3061873,0.053984735,0.30381653
China,CHN,0.18078808,2019-02-15,2019,2,0.2970199,-0.1464321,0.038958535
Colombia,COL,-1.0076214,2019-02-15,2019,2,-0.8541299,-0.6717622,0.010970891
Comoros,COM,-0.8755826,2019-02-15,2019,2,-0.6904536,-0.9904455,-0.94490725
Costa Rica,CRI,-0.5823756,2019-02-15,2019,2,-0.6310586,-0.1743319,-0.033549644
Croatia,HRV,-1.2906017,2019-02-15,2019,2,-1.0436542,-1.3780793,-1.2365433
Cuba,CUB,-0.18816328,2019-02-15,2019,2,-0.49769983,-0.74008375,-1.0316366
Cyprus,CYP,1.5948972,2019-02-15,2019,2,1.5762076,1.188148,-0.03702037
Czechia,CZE,0.1154935,2019-02-15,2019,2,0.28035554,-0.9851965,-1.4821149
Democratic Republic of the Congo,COD,0.095151186,2019-02-15,2019,2,0.12155283,0.12858376,-0.056324746
Denmark,DNK,0.02804983,2019-02-15,2019,2,-0.7863284,-1.1056811,-1.7233484
Djibouti,DJI,-0.9962245,2019-02-15,2019,2,-0.67593473,-0.21134594,-0.038969908
Dominican Republic,DOM,-0.75978637,2019-02-15,2019,2,-1.2693185,-1.4569397,-1.154045
East Timor,TLS,-2.233224,2019-02-15,2019,2,-1.4723969,-0.36105704,-0.20434736
Ecuador,ECU,0.5172599,2019-02-15,2019,2,0.5699204,0.06560059,-0.42258495
Egypt,EGY,-0.23068024,2019-02-15,2019,2,-0.27481702,-0.45805928,-0.8350442
El Salvador,SLV,-1.1076462,2019-02-15,2019,2,-1.3473574,-0.10368756,-0.4380581
Equatorial Guinea,GNQ,-0.52142924,2019-02-15,2019,2,0.38556275,-1.0210814,-0.28834516
Eritrea,ERI,-0.79744947,2019-02-15,2019,2,-0.40492567,0.17580338,0.38727328
Estonia,EST,0.5443364,2019-02-15,2019,2,-0.651818,-0.99418616,-0.620113
Ethiopia,ETH,-0.7854059,2019-02-15,2019,2,-0.17721514,0.09835262,0.09297288
Falkland Islands,FLK,-0.41971844,2019-02-15,2019,2,-1.0266868,-0.79594946,0.28091896
Faroe Islands,FRO,-0.14996319,2019-02-15,2019,2,-0.37071964,-0.23345853,-0.0608458
Fiji,FJI,-0.87695754,2019-02-15,2019,2,-0.04864553,-0.04833042,0.4076277
Finland,FIN,0.78088164,2019-02-15,2019,2,-0.4958804,-1.0272682,-0.6649763
France,-99,-0.9086028,2019-02-15,2019,2,-0.18083224,1.858379,0.1762639
French Polynesia,PYF,0.09583926,2019-02-15,2019,2,-0.56714064,-2.2288346,-1.8564146
French Southern and Antarctic Lands,ATF,1.193893,2019-02-15,2019,2,-1.2233441,-2.7352066,0.36740676
Gabon,GAB,0.17160751,2019-02-15,2019,2,0.40726104,-1.082304,-0.607004
Gambia,GMB,-1.2544765,2019-02-15,2019,2,-1.3441417,0.1324229,0.73762417
Georgia,GEO,0.30207598,2019-02-15,2019,2,-0.08914985,-0.0962592,-0.8676534
Germany,DEU,0.17633824,2019-02-15,2019,2,-0.089692086,-1.1924027,-2.2743928
Ghana,GHA,-0.8538937,2019-02-15,2019,2,-1.4353242,-0.017109318,0.42310384
Greece,GRC,0.29170033,2019-02-15,2019,2,0.51346415,-1.2572261,-0.694122
Greenland,GRL,0.46528652,2019-02-15,2019,2,0.61293995,0.4682701,0.38850075
Guatemala,GTM,-0.652537,2019-02-15,2019,2,-0.11933477,0.36167422,-0.12087405
Guinea,GIN,-0.56920105,2019-02-15,2019,2,-1.1589417,0.01352343,0.4076401
Guinea-Bissau,GNB,-1.0288124,2019-02-15,2019,2,-1.5486801,-0.049382593,0.72710425
Guyana,GUY,-1.2697829,2019-02-15,2019,2,-1.5020566,-1.6061468,0.24744669
Haiti,HTI,-1.48192,2019-02-15,2019,2,-1.7776701,-1.5887362,-0.16436458
Honduras,HND,-0.71620417,2019-02-15,2019,2,-1.6594938,-1.339936,-0.93017465
Hungary,HUN,-0.82422334,2019-02-15,2019,2,-0.58740914,-1.382882,-1.486488
Iceland,ISL,0.85344106,2019-02-15,2019,2,1.1498585,1.1608795,1.0539433
India,IND,0.34374827,2019-02-15,2019,2,-0.16808234,-0.76599467,-0.5231524
Indonesia,IDN,-0.25214997,2019-02-15,2019,2,0.24631798,0.3286529,-0.096683726
Iran,IRN,-0.042322237,2019-02-15,2019,2,0.08598843,0.2990662,0.4615937
Iraq,IRQ,-0.15673073,2019-02-15,2019,2,0.76963055,1.3429593,0.80167156
Ireland,IRL,-0.24225731,2019-02-15,2019,2,0.57323444,0.7597342,0.16837643
Israel,ISR,0.8548709,2019-02-15,2019,2,0.42522418,0.6454163,0.08080794
Italy,ITA,-1.0528588,2019-02-15,2019,2,-0.88803244,-0.8015662,-0.96364635
Ivory Coast,CIV,-0.5452693,2019-02-15,2019,2,-0.917051,0.27422628,0.59167767
Jamaica,JAM,-0.3825291,2019-02-15,2019,2,-0.8658481,-1.6256478,-2.0088186
Japan,JPN,-0.95954806,2019-02-15,2019,2,-1.2727046,-0.722774,0.09743158
Jordan,JOR,0.9828677,2019-02-15,2019,2,0.6421655,0.5380215,0.06345513
Kazakhstan,KAZ,-0.35631996,2019-02-15,2019,2,0.0017879274,-0.0015075266,0.0056980005
Kenya,KEN,0.7116749,2019-02-15,2019,2,-0.121781096,-0.5476977,-0.8919279
Kiribati,KIR,,2019-02-15,2019,2,,,
Kosovo,-99,-0.60296124,2019-02-15,2019,2,-0.9086028,-0.18083224,1.858379
Kuwait,KWT,-1.4055976,2019-02-15,2019,2,0.43336987,1.5653954,1.8915606
Kyrgyzstan,KGZ,0.014502076,2019-02-15,2019,2,0.3748812,0.24766472,0.20517908
Laos,LAO,1.1662098,2019-02-15,2019,2,0.7337365,0.40517586,-1.1375779
Latvia,LVA,0.6913871,2019-02-15,2019,2,-0.36423558,-0.7282416,-0.9345352
Lebanon,LBN,1.4308003,2019-02-15,2019,2,1.0998397,0.98768467,-0.08463489
Lesotho,LSO,-1.2474147,2019-02-15,2019,2,-2.041933,-2.1107068,-1.7723511
Liberia,LBR,-0.10442618,2019-02-15,2019,2,-0.24731897,-0.34849912,-0.35037568
Libya,LBY,0.25736454,2019-02-15,2019,2,-0.1186913,-0.3512582,-0.62080693
Lithuania,LTU,0.6251632,2019-02-15,2019,2,-0.1278843,-0.50564325,-1.2639658
Luxembourg,LUX,0.47539997,2019-02-15,2019,2,0.16043182,-0.83668804,-2.351994
Madagascar,MDG,-0.43492642,2019-02-15,2019,2,-0.35585007,-0.6909011,-0.5780703
Malawi,MWI,1.293936,2019-02-15,2019,2,1.0812918,1.3034714,0.36575326
Malaysia,MYS,-0.52937025,2019-02-15,2019,2,-0.16647883,0.1610923,-0.20601615
Mali,MLI,-0.47670943,2019-02-15,2019,2,-0.6890494,-0.042423822,0.1958658
Mauritania,MRT,-0.71726805,2019-02-15,2019,2,-0.46182457,-0.3713248,0.03986105
Mauritius,MUS,0.39701328,2019-02-15,2019,2,1.5839245,0.83396274,1.8067466
Mexico,MEX,-0.1330123,2019-02-15,2019,2,0.38025168,0.9051023,1.033655
Moldova,MDA,0.24807729,2019-02-15,2019,2,0.94638586,-0.6736434,-0.7088214
Mongolia,MNG,-0.10573241,2019-02-15,2019,2,-1.060161,-1.1160874,-0.12010368
Montenegro,MNE,-0.53649086,2019-02-15,2019,2,-0.19391955,-1.152001,-1.7940621
Morocco,MAR,-1.7679129,2019-02-15,2019,2,-1.2413234,-0.11702024,0.65184706
Mozambique,MOZ,0.2528111,2019-02-15,2019,2,0.286837,0.022941422,-0.38429585
Myanmar,MMR,0.86202306,2019-02-15,2019,2,0.025526252,0.29866648,-0.19660015
Namibia,NAM,-0.17457917,2019-02-15,2019,2,-0.29668456,-0.5153345,-0.17287987
Nepal,NPL,0.98483473,2019-02-15,2019,2,0.93363285,0.26350716,-0.042972747
Netherlands,NLD,-0.02963626,2019-02-15,2019,2,-0.67474395,-1.3896508,-2.277221
New Caledonia,NCL,0.15284759,2019-02-15,2019,2,-0.86467093,-0.4848571,-0.48643327
New Zealand,NZL,-0.9886212,2019-02-15,2019,2,-0.86166203,-0.78165644,-1.0540665
Nicaragua,NIC,-1.4170235,2019-02-15,2019,2,-1.7622503,-1.3348565,-0.92792857
Niger,NER,0.06624038,2019-02-15,2019,2,-0.10507703,0.9530429,0.82425183
Nigeria,NGA,0.23790705,2019-02-15,2019,2,-0.09086533,0.9252537,0.7277258
North Korea,PRK,-1.6061883,2019-02-15,2019,2,-0.78325653,0.24954687,-0.3744454
North Macedonia,MKD,-0.59783304,2019-02-15,2019,2,0.03484923,-1.4384366,-1.64263
Northern Cyprus,-99,1.8397826,2019-02-15,2019,2,-0.60296124,-0.9086028,-0.18083224
Norway,-99,0.59936374,2019-02-15,2019,2,1.8397826,-0.60296124,-0.9086028
Oman,OMN,-1.2750005,2019-02-15,2019,2,-1.3328019,-0.73161286,-1.2020422
Pakistan,PAK,0.15565403,2019-02-15,2019,2,-0.8878635,-1.0696199,-0.7235932
Palestine,PSE,0.815114,2019-02-15,2019,2,0.40297484,0.5564468,0.07359616
Panama,PAN,-0.80582446,2019-02-15,2019,2,-0.65598416,-0.35715634,-0.0443198
Papua New Guinea,PNG,-0.08012621,2019-02-15,2019,2,0.17197801,0.10890313,-0.012859283
Paraguay,PRY,-0.827476,2019-02-15,2019,2,0.2407671,1.464759,2.041758
Peru,PER,0.30161572,2019-02-15,2019,2,0.36061656,0.2940766,0.13861562
Philippines,PHL,-0.059102524,2019-02-15,2019,2,-0.19110076,-0.53853285,-0.47312716
Poland,POL,0.3337282,2019-02-15,2019,2,0.07322924,-0.81479317,-1.5700173
Portugal,PRT,-1.6788759,2019-02-15,2019,2,-0.59805876,-0.13703479,0.28828278
Puerto Rico,PRI,-0.5648288,2019-02-15,2019,2,-0.38761613,0.021819413,-0.19372769
Qatar,QAT,-0.5994165,2019-02-15,2019,2,-0.21113984,0.48086742,0.37727752
Republic of Serbia,SRB,-0.56071955,2019-02-15,2019,2,-0.2798117,-1.4305888,-1.9230627
Republic of the Congo,COG,0.6061161,2019-02-15,2019,2,0.5139655,-0.23411953,-0.90624154
Romania,ROU,0.35160893,2019-02-15,2019,2,0.949234,-0.53402305,-1.1787819
Russia,RUS,0.27609426,2019-02-15,2019,2,0.1489951,0.06488102,0.13662761
Rwanda,RWA,-0.37216562,2019-02-15,2019,2,-0.0013662458,-0.24816294,-1.530696
Saint Vincent and the Grenadines,VCT,-1.8715507,2019-02-15,2019,2,-1.5584279,-0.5066369,-0.69314456
Samoa,WSM,1.0100273,2019-02-15,2019,2,0.33818305,0.92371863,0.5825074
Saudi Arabia,SAU,0.084443495,2019-02-15,2019,2,0.42364115,0.7699957,0.67574835
Senegal,SEN,-0.99121755,2019-02-15,2019,2,-0.9770819,0.13400124,0.8840391
Siachen Glacier,-99,1.3846908,2019-02-15,2019,2,0.59936374,1.8397826,-0.60296124
Sierra Leone,SLE,-0.20552367,2019-02-15,2019,2,-0.36724487,-0.3775467,-0.29895666
Slovakia,SVK,-0.43772846,2019-02-15,2019,2,-0.36569637,-1.1280392,-1.2797893
Slovenia,SVN,-1.1532017,2019-02-15,2019,2,-1.119756,-1.2609694,-0.9882107
Solomon Islands,SLB,0.042715006,2019-02-15,2019,2,0.07206629,0.036674,0.053124677
Somalia,SOM,-0.66349924,2019-02-15,2019,2,0.18665783,0.09035946,0.33151752
Somaliland,-99,-0.5381979,2019-02-15,2019,2,1.3846908,0.59936374,1.8397826
South Africa,ZAF,-1.2204827,2019-02-15,2019,2,-1.810701,-1.9222654,-1.4567024
South Georgia and the Islands,SGS,-2.0876002,2019-02-15,2019,2,-1.8647346,-1.9414136,-0.86997163
South Korea,KOR,-0.85170496,2019-02-15,2019,2,-0.64104307,1.5344559,0.8695251
South Sudan,SSD,-0.8052595,2019-02-15,2019,2,-0.4472534,0.09830443,0.00823619
Spain,ESP,-1.8005579,2019-02-15,2019,2,-0.44695657,0.28223646,0.47103888
Sri Lanka,LKA,-0.5825312,2019-02-15,2019,2,-0.91295534,0.10678453,0.5269536
Sudan,SDN,-0.82791054,2019-02-15,2019,2,-0.71291333,-0.067138374,-0.029331353
Suriname,SUR,-1.2484992,2019-02-15,2019,2,-0.826028,-0.36411428,0.027921986
Sweden,SWE,0.5225956,2019-02-15,2019,2,-0.1838066,-0.28796285,-0.1495544
Switzerland,CHE,0.36724076,2019-02-15,2019,2,0.06787978,-0.6403872,-2.0304685
Syria,SYR,1.1747768,2019-02-15,2019,2,1.2708364,1.3101248,0.27371764
Taiwan,TWN,-0.20247367,2019-02-15,2019,2,0.2390584,0.2338162,0.27768314
Tajikistan,TJK,-0.18633519,2019-02-15,2019,2,0.6749116,0.18017562,0.6614089
Thailand,THA,0.7094658,2019-02-15,2019,2,0.1550091,-0.36374122,-1.3093792
The Bahamas,BHS,0.45336178,2019-02-15,2019,2,-0.32459232,-1.431609,-1.2154211
Togo,TGO,-0.93800735,2019-02-15,2019,2,-1.535069,0.0576853,0.6747605
Trinidad and Tobago,TTO,-2.2321162,2019-02-15,2019,2,-2.416236,-0.9472791,0.8336425
Tunisia,TUN,-0.6264791,2019-02-15,2019,2,-0.8502675,0.24721602,0.88150054
Turkey,TUR,1.3766396,2019-02-15,2019,2,1.3380558,1.2116826,0.23168194
Turkmenistan,TKM,0.5402765,2019-02-15,2019,2,0.22854963,0.4185373,0.12423431
Uganda,UGA,0.8021758,2019-02-15,2019,2,0.29417518,-0.42782927,-1.2106096
Ukraine,UKR,0.668312,2019-02-15,2019,2,0.8572409,-0.26907778,-0.99284387
United Arab Emirates,ARE,-0.017916514,2019-02-15,2019,2,0.013769458,0.34525433,-0.19675203
United Kingdom,GBR,-0.94612706,2019-02-15,2019,2,-0.5689841,-0.079673104,-0.19718395
United Republic of Tanzania,TZA,-0.021003693,2019-02-15,2019,2,0.07342777,0.26866177,-0.01873613
United States Virgin Islands,VIR,-0.6187411,2019-02-15,2019,2,-0.19498008,0.55796623,0.38895112
United States of America,USA,1.0032333,2019-02-15,2019,2,0.6899689,1.0138329,0.6734157
Uruguay,URY,1.6878042,2019-02-15,2019,2,2.219555,0.9895354,0.5259692
Uzbekistan,UZB,0.09837133,2019-02-15,2019,2,0.46338657,0.24078271,-0.052557852
Vanuatu,VUT,0.09805446,2019-02-15,2019,2,-0.021929296,0.028981788,0.09975775
Venezuela,VEN,-0.6378819,2019-02-15,2019,2,-0.62917995,-0.5545344,-0.00021951084
Vietnam,VNM,0.6123382,2019-02-15,2019,2,0.24423957,-0.3141006,-0.84994525
Western Sahara,ESH,-0.88618124,2019-02-15,2019,2,-0.37241307,-0.12670045,-0.060317624
Yemen,YEM,-1.0053806,2019-02-15,2019,2,-1.061428,-0.60081697,-0.26308453
Zambia,ZMB,0.16444872,2019-02-15,2019,2,0.20863771,0.18865097,-0.16409835
Zimbabwe,ZWE,0.13480398,2019-02-15,2019,2,0.1553532,-0.29896402,-0.7276137
eSwatini,SWZ,-0.9924674,2019-02-15,2019,2,-1.9552495,-1.5905484,-1.20563
Afghanistan,AFG,0.7164733,2019-03-16,2019,3,0.16538179,-0.10182334,-0.09216996
Aland,ALA,1.1596091,2019-03-16,2019,3,0.28004837,-0.5845547,-0.5919029
Albania,ALB,-0.6255829,2019-03-16,2019,3,-0.47016254,-0.22967805,-1.4893907
Algeria,DZA,-0.5180652,2019-03-16,2019,3,-1.2537508,-1.0814188,-0.5427769
Angola,AGO,0.076445304,2019-03-16,2019,3,0.07559092,0.09074912,0.08361511
Antarctica,ATA,,2019-03-16,2019,3,,,
Argentina,ARG,0.1667355,2019-03-16,2019,3,-0.14190923,0.5836947,0.65683836
Armenia,ARM,0.771645,2019-03-16,2019,3,1.6398523,1.0363027,1.1712614
Australia,AUS,-0.8929997,2019-03-16,2019,3,-1.048422,-0.6767873,-0.3733929
Austria,AUT,-0.28448966,2019-03-16,2019,3,0.5178075,0.3997119,-0.6072786
Azerbaijan,AZE,0.34052488,2019-03-16,2019,3,0.74617064,0.42078257,0.0657651
Bangladesh,BGD,1.0899463,2019-03-16,2019,3,1.1792088,-0.7984906,-0.98979837
Belarus,BLR,-0.6118637,2019-03-16,2019,3,0.2755166,0.0877604,-0.5993056
Belgium,BEL,-0.04304186,2019-03-16,2019,3,0.011934126,-0.28694797,-0.8990316
Belize,BLZ,-0.864034,2019-03-16,2019,3,-0.7078858,-0.52690655,0.15197073
Benin,BEN,-0.5639366,2019-03-16,2019,3,-0.6726852,-1.2309334,0.28036058
Bhutan,BTN,0.365998,2019-03-16,2019,3,0.9822577,-0.5044776,-1.0864267
Bolivia,BOL,-0.8231644,2019-03-16,2019,3,-0.45051655,0.1145545,0.8139932
Bosnia and Herzegovina,BIH,-1.3798658,2019-03-16,2019,3,-1.0426068,-0.74671865,-1.2496614
Botswana,BWA,-0.47903395,2019-03-16,2019,3,-0.32629177,-0.6016498,-0.87824404
Brazil,BRA,-0.34667435,2019-03-16,2019,3,-0.30097842,-0.11553618,0.28563017
Brunei,BRN,-1.4311981,2019-03-16,2019,3,-0.9942771,-0.77071255,-1.0203966
Bulgaria,BGR,-1.1767316,2019-03-16,2019,3,-0.30531394,0.5554903,-0.6466883
Burkina Faso,BFA,-0.20680636,2019-03-16,2019,3,-0.89592314,-1.4690838,0.21104781
Burundi,BDI,-1.7624912,2019-03-16,2019,3,-0.036204435,0.45430762,-0.021936925
Cabo Verde,CPV,0.26026055,2019-03-16,2019,3,-0.50758356,-0.40014565,-0.039520983
Cambodia,KHM,-0.15672389,2019-03-16,2019,3,-0.33121607,-0.35742763,-0.8311942
Cameroon,CMR,0.1528231,2019-03-16,2019,3,0.12727046,0.0012856253,-0.58714634
Canada,CAN,-0.074866906,2019-03-16,2019,3,0.32862702,0.36701372,0.20787428
Cayman Islands,CYM,,2019-03-16,2019,3,,,
Central African Republic,CAF,-0.4714316,2019-03-16,2019,3,-0.79600614,-0.4425374,-0.28681776
Chad,TCD,-1.1500866,2019-03-16,2019,3,-1.1018106,-0.4856645,-0.007377781
Chile,CHL,-0.17724389,2019-03-16,2019,3,-0.6254133,-0.3061873,0.053984735
China,CHN,-0.6264081,2019-03-16,2019,3,0.18078808,0.2970199,-0.1464321
Colombia,COL,-0.3220051,2019-03-16,2019,3,-1.0076214,-0.8541299,-0.6717622
Comoros,COM,-1.9016781,2019-03-16,2019,3,-0.8755826,-0.6904536,-0.9904455
Costa Rica,CRI,-0.17386988,2019-03-16,2019,3,-0.5823756,-0.6310586,-0.1743319
Croatia,HRV,-1.3726158,2019-03-16,2019,3,-1.2906017,-1.0436542,-1.3780793
Cuba,CUB,0.08285605,2019-03-16,2019,3,-0.18816328,-0.49769983,-0.74008375
Cyprus,CYP,1.2688282,2019-03-16,2019,3,1.5948972,1.5762076,1.188148
Czechia,CZE,-0.9569414,2019-03-16,2019,3,0.1154935,0.28035554,-0.9851965
Democratic Republic of the Congo,COD,-0.17670408,2019-03-16,2019,3,0.095151186,0.12155283,0.12858376
Denmark,DNK,0.9920071,2019-03-16,2019,3,0.02804983,-0.7863284,-1.1056811
Djibouti,DJI,-0.7716484,2019-03-16,2019,3,-0.9962245,-0.67593473,-0.21134594
Dominican Republic,DOM,-0.70591426,2019-03-16,2019,3,-0.75978637,-1.2693185,-1.4569397
East Timor,TLS,-2.1198945,2019-03-16,2019,3,-2.233224,-1.4723969,-0.36105704
Ecuador,ECU,0.73207134,2019-03-16,2019,3,0.5172599,0.5699204,0.06560059
Egypt,EGY,-0.07987475,2019-03-16,2019,3,-0.23068024,-0.27481702,-0.45805928
El Salvador,SLV,-0.97784334,2019-03-16,2019,3,-1.1076462,-1.3473574,-0.10368756
Equatorial Guinea,GNQ,0.37692326,2019-03-16,2019,3,-0.52142924,0.38556275,-1.0210814
Eritrea,ERI,-0.8974956,2019-03-16,2019,3,-0.79744947,-0.40492567,0.17580338
Estonia,EST,1.4263796,2019-03-16,2019,3,0.5443364,-0.651818,-0.99418616
Ethiopia,ETH,-0.62635434,2019-03-16,2019,3,-0.7854059,-0.17721514,0.09835262
Falkland Islands,FLK,0.61734265,2019-03-16,2019,3,-0.41971844,-1.0266868,-0.79594946
Faroe Islands,FRO,0.048404835,2019-03-16,2019,3,-0.14996319,-0.37071964,-0.23345853
Fiji,FJI,-0.5398555,2019-03-16,2019,3,-0.87695754,-0.04864553,-0.04833042
Finland,FIN,1.5658314,2019-03-16,2019,3,0.78088164,-0.4958804,-1.0272682
France,-99,-1.4240361,2019-03-16,2019,3,-0.5381979,1.3846908,0.59936374
French Polynesia,PYF,0.7244219,2019-03-16,2019,3,0.09583926,-0.56714064,-2.2288346
French Southern and Antarctic Lands,ATF,1.8758461,2019-03-16,2019,3,1.193893,-1.2233441,-2.7352066
Gabon,GAB,0.17446771,2019-03-16,2019,3,0.17160751,0.40726104,-1.082304
Gambia,GMB,-0.33259964,2019-03-16,2019,3,-1.2544765,-1.3441417,0.1324229
Georgia,GEO,0.09197848,2019-03-16,2019,3,0.30207598,-0.08914985,-0.0962592
Germany,DEU,-0.23375395,2019-03-16,2019,3,0.17633824,-0.089692086,-1.1924027
Ghana,GHA,-0.20543222,2019-03-16,2019,3,-0.8538937,-1.4353242,-0.017109318
Greece,GRC,-0.023193186,2019-03-16,2019,3,0.29170033,0.51346415,-1.2572261
Greenland,GRL,0.34193188,2019-03-16,2019,3,0.46528652,0.61293995,0.4682701
Guatemala,GTM,-1.1343383,2019-03-16,2019,3,-0.652537,-0.11933477,0.36167422
Guinea,GIN,0.53872275,2019-03-16,2019,3,-0.56920105,-1.1589417,0.01352343
Guinea-Bissau,GNB,-0.433097,2019-03-16,2019,3,-1.0288124,-1.5486801,-0.049382593
Guyana,GUY,-1.3501827,2019-03-16,2019,3,-1.2697829,-1.5020566,-1.6061468
Haiti,HTI,-1.3521142,2019-03-16,2019,3,-1.48192,-1.7776701,-1.5887362
Honduras,HND,-0.39124647,2019-03-16,2019,3,-0.71620417,-1.6594938,-1.339936
Hungary,HUN,-1.5986915,2019-03-16,2019,3,-0.82422334,-0.58740914,-1.382882
Iceland,ISL,0.9568302,2019-03-16,2019,3,0.85344106,1.1498585,1.1608795
India,IND,-0.039683968,2019-03-16,2019,3,0.34374827,-0.16808234,-0.76599467
Indonesia,IDN,-0.4389686,2019-03-16,2019,3,-0.25214997,0.24631798,0.3286529
Iran,IRN,0.7797846,2019-03-16,2019,3,-0.042322237,0.08598843,0.2990662
Iraq,IRQ,0.22494309,2019-03-16,2019,3,-0.15673073,0.76963055,1.3429593
Ireland,IRL,0.04194855,2019-03-16,2019,3,-0.24225731,0.57323444,0.7597342
Israel,ISR,0.72451866,2019-03-16,2019,3,0.8548709,0.42522418,0.6454163
Italy,ITA,-1.1487827,2019-03-16,2019,3,-1.0528588,-0.88803244,-0.8015662
Ivory Coast,CIV,-0.14479698,2019-03-16,2019,3,-0.5452693,-0.917051,0.27422628
Jamaica,JAM,-0.06444986,2019-03-16,2019,3,-0.3825291,-0.8658481,-1.6256478
Japan,JPN,-1.4229342,2019-03-16,2019,3,-0.95954806,-1.2727046,-0.722774
Jordan,JOR,1.0299802,2019-03-16,2019,3,0.9828677,0.6421655,0.5380215
Kazakhstan,KAZ,-0.7536264,2019-03-16,2019,3,-0.35631996,0.0017879274,-0.0015075266
Kenya,KEN,0.9780663,2019-03-16,2019,3,0.7116749,-0.121781096,-0.5476977
Kiribati,KIR,,2019-03-16,2019,3,,,
Kosovo,-99,-1.2681562,2019-03-16,2019,3,-1.4240361,-0.5381979,1.3846908
Kuwait,KWT,-0.7300821,2019-03-16,2019,3,-1.4055976,0.43336987,1.5653954
Kyrgyzstan,KGZ,-0.5034579,2019-03-16,2019,3,0.014502076,0.3748812,0.24766472
Laos,LAO,-0.3104166,2019-03-16,2019,3,1.1662098,0.7337365,0.40517586
Latvia,LVA,1.0848883,2019-03-16,2019,3,0.6913871,-0.36423558,-0.7282416
Lebanon,LBN,1.2495143,2019-03-16,2019,3,1.4308003,1.0998397,0.98768467
Lesotho,LSO,-0.5929006,2019-03-16,2019,3,-1.2474147,-2.041933,-2.1107068
Liberia,LBR,-0.1633273,2019-03-16,2019,3,-0.10442618,-0.24731897,-0.34849912
Libya,LBY,0.28246558,2019-03-16,2019,3,0.25736454,-0.1186913,-0.3512582
Lithuania,LTU,0.29911274,2019-03-16,2019,3,0.6251632,-0.1278843,-0.50564325
Luxembourg,LUX,0.018899245,2019-03-16,2019,3,0.47539997,0.16043182,-0.83668804
Madagascar,MDG,0.27526978,2019-03-16,2019,3,-0.43492642,-0.35585007,-0.6909011
Malawi,MWI,1.3802443,2019-03-16,2019,3,1.293936,1.0812918,1.3034714
Malaysia,MYS,-1.2588993,2019-03-16,2019,3,-0.52937025,-0.16647883,0.1610923
Mali,MLI,-0.034489404,2019-03-16,2019,3,-0.47670943,-0.6890494,-0.042423822
Mauritania,MRT,-0.21682292,2019-03-16,2019,3,-0.71726805,-0.46182457,-0.3713248
Mauritius,MUS,-0.5717622,2019-03-16,2019,3,0.39701328,1.5839245,0.83396274
Mexico,MEX,-0.23289314,2019-03-16,2019,3,-0.1330123,0.38025168,0.9051023
Moldova,MDA,-1.0045575,2019-03-16,2019,3,0.24807729,0.94638586,-0.6736434
Mongolia,MNG,-1.357212,2019-03-16,2019,3,-0.10573241,-1.060161,-1.1160874
Montenegro,MNE,-1.0234196,2019-03-16,2019,3,-0.53649086,-0.19391955,-1.152001
Morocco,MAR,-1.4043089,2019-03-16,2019,3,-1.7679129,-1.2413234,-0.11702024
Mozambique,MOZ,0.4609419,2019-03-16,2019,3,0.2528111,0.286837,0.022941422
Myanmar,MMR,0.20066267,2019-03-16,2019,3,0.86202306,0.025526252,0.29866648
Namibia,NAM,-0.124262266,2019-03-16,2019,3,-0.17457917,-0.29668456,-0.5153345
Nepal,NPL,0.77887774,2019-03-16,2019,3,0.98483473,0.93363285,0.26350716
Netherlands,NLD,0.3848436,2019-03-16,2019,3,-0.02963626,-0.67474395,-1.3896508
New Caledonia,NCL,-0.35668468,2019-03-16,2019,3,0.15284759,-0.86467093,-0.4848571
New Zealand,NZL,-0.2718719,2019-03-16,2019,3,-0.9886212,-0.86166203,-0.78165644
Nicaragua,NIC,-0.9117751,2019-03-16,2019,3,-1.4170235,-1.7622503,-1.3348565
Niger,NER,-0.27368075,2019-03-16,2019,3,0.06624038,-0.10507703,0.9530429
Nigeria,NGA,-0.37537774,2019-03-16,2019,3,0.23790705,-0.09086533,0.9252537
North Korea,PRK,-1.870666,2019-03-16,2019,3,-1.6061883,-0.78325653,0.24954687
North Macedonia,MKD,-1.1573206,2019-03-16,2019,3,-0.59783304,0.03484923,-1.4384366
Northern Cyprus,-99,1.4280524,2019-03-16,2019,3,-1.2681562,-1.4240361,-0.5381979
Norway,-99,0.9556221,2019-03-16,2019,3,1.4280524,-1.2681562,-1.4240361
Oman,OMN,-1.192142,2019-03-16,2019,3,-1.2750005,-1.3328019,-0.73161286
Pakistan,PAK,1.1450487,2019-03-16,2019,3,0.15565403,-0.8878635,-1.0696199
Palestine,PSE,0.7713537,2019-03-16,2019,3,0.815114,0.40297484,0.5564468
Panama,PAN,-0.6725188,2019-03-16,2019,3,-0.80582446,-0.65598416,-0.35715634
Papua New Guinea,PNG,0.24022289,2019-03-16,2019,3,-0.08012621,0.17197801,0.10890313
Paraguay,PRY,0.5913198,2019-03-16,2019,3,-0.827476,0.2407671,1.464759
Peru,PER,0.18557903,2019-03-16,2019,3,0.30161572,0.36061656,0.2940766
Philippines,PHL,-0.8374859,2019-03-16,2019,3,-0.059102524,-0.19110076,-0.53853285
Poland,POL,-0.5131874,2019-03-16,2019,3,0.3337282,0.07322924,-0.81479317
Portugal,PRT,-1.6203494,2019-03-16,2019,3,-1.6788759,-0.59805876,-0.13703479
Puerto Rico,PRI,-0.6742499,2019-03-16,2019,3,-0.5648288,-0.38761613,0.021819413
Qatar,QAT,1.2948674,2019-03-16,2019,3,-0.5994165,-0.21113984,0.48086742
Republic of Serbia,SRB,-1.4625406,2019-03-16,2019,3,-0.56071955,-0.2798117,-1.4305888
Republic of the Congo,COG,-0.39973325,2019-03-16,2019,3,0.6061161,0.5139655,-0.23411953
Romania,ROU,-1.0944289,2019-03-16,2019,3,0.35160893,0.949234,-0.53402305
Russia,RUS,0.21387047,2019-03-16,2019,3,0.27609426,0.1489951,0.06488102
Rwanda,RWA,-1.9202694,2019-03-16,2019,3,-0.37216562,-0.0013662458,-0.24816294
Saint Vincent and the Grenadines,VCT,-1.8145012,2019-03-16,2019,3,-1.8715507,-1.5584279,-0.5066369
Samoa,WSM,0.6315718,2019-03-16,2019,3,1.0100273,0.33818305,0.92371863
Saudi Arabia,SAU,0.4133262,2019-03-16,2019,3,0.084443495,0.42364115,0.7699957
Senegal,SEN,-0.15659201,2019-03-16,2019,3,-0.99121755,-0.9770819,0.13400124
Siachen Glacier,-99,1.3029143,2019-03-16,2019,3,0.9556221,1.4280524,-1.2681562
Sierra Leone,SLE,-0.06540632,2019-03-16,2019,3,-0.20552367,-0.36724487,-0.3775467
Slovakia,SVK,-1.2579615,2019-03-16,2019,3,-0.43772846,-0.36569637,-1.1280392
Slovenia,SVN,-1.0160362,2019-03-16,2019,3,-1.1532017,-1.119756,-1.2609694
Solomon Islands,SLB,0.03714139,2019-03-16,2019,3,0.042715006,0.07206629,0.036674
Somalia,SOM,-0.6616624,2019-03-16,2019,3,-0.66349924,0.18665783,0.09035946
Somaliland,-99,-0.56484663,2019-03-16,2019,3,1.3029143,0.9556221,1.4280524
South Africa,ZAF,-1.0118772,2019-03-16,2019,3,-1.2204827,-1.810701,-1.9222654
South Georgia and the Islands,SGS,-0.3491294,2019-03-16,2019,3,-2.0876002,-1.8647346,-1.9414136
South Korea,KOR,-1.3795905,2019-03-16,2019,3,-0.85170496,-0.64104307,1.5344559
South Sudan,SSD,-0.74655014,2019-03-16,2019,3,-0.8052595,-0.4472534,0.09830443
Spain,ESP,-1.881451,2019-03-16,2019,3,-1.8005579,-0.44695657,0.28223646
Sri Lanka,LKA,-0.65940374,2019-03-16,2019,3,-0.5825312,-0.91295534,0.10678453
Sudan,SDN,-0.876637,2019-03-16,2019,3,-0.82791054,-0.71291333,-0.067138374
Suriname,SUR,-1.6227682,2019-03-16,2019,3,-1.2484992,-0.826028,-0.36411428
Sweden,SWE,1.1972731,2019-03-16,2019,3,0.5225956,-0.1838066,-0.28796285
Switzerland,CHE,-0.54945123,2019-03-16,2019,3,0.36724076,0.06787978,-0.6403872
Syria,SYR,1.0282696,2019-03-16,2019,3,1.1747768,1.2708364,1.3101248
Taiwan,TWN,0.11541506,2019-03-16,2019,3,-0.20247367,0.2390584,0.2338162
Tajikistan,TJK,-0.31931865,2019-03-16,2019,3,-0.18633519,0.6749116,0.18017562
Thailand,THA,-0.35465062,2019-03-16,2019,3,0.7094658,0.1550091,-0.36374122
The Bahamas,BHS,0.33836165,2019-03-16,2019,3,0.45336178,-0.32459232,-1.431609
Togo,TGO,-0.47104067,2019-03-16,2019,3,-0.93800735,-1.535069,0.0576853
Trinidad and Tobago,TTO,-1.3468213,2019-03-16,2019,3,-2.2321162,-2.416236,-0.9472791
Tunisia,TUN,0.402025,2019-03-16,2019,3,-0.6264791,-0.8502675,0.24721602
Turkey,TUR,0.20799471,2019-03-16,2019,3,1.3766396,1.3380558,1.2116826
Turkmenistan,TKM,0.5823409,2019-03-16,2019,3,0.5402765,0.22854963,0.4185373
Uganda,UGA,0.6231801,2019-03-16,2019,3,0.8021758,0.29417518,-0.42782927
Ukraine,UKR,-0.83192086,2019-03-16,2019,3,0.668312,0.8572409,-0.26907778
United Arab Emirates,ARE,0.4909988,2019-03-16,2019,3,-0.017916514,0.013769458,0.34525433
United Kingdom,GBR,-0.63381034,2019-03-16,2019,3,-0.94612706,-0.5689841,-0.079673104
United Republic of Tanzania,TZA,-0.14335771,2019-03-16,2019,3,-0.021003693,0.07342777,0.26866177
United States Virgin Islands,VIR,-0.88199407,2019-03-16,2019,3,-0.6187411,-0.19498008,0.55796623
United States of America,USA,0.82962084,2019-03-16,2019,3,1.0032333,0.6899689,1.0138329
Uruguay,URY,0.97007674,2019-03-16,2019,3,1.6878042,2.219555,0.9895354
Uzbekistan,UZB,-0.18761468,2019-03-16,2019,3,0.09837133,0.46338657,0.24078271
Vanuatu,VUT,0.08408911,2019-03-16,2019,3,0.09805446,-0.021929296,0.028981788
Venezuela,VEN,-0.61151236,2019-03-16,2019,3,-0.6378819,-0.62917995,-0.5545344
Vietnam,VNM,0.23435311,2019-03-16,2019,3,0.6123382,0.24423957,-0.3141006
Western Sahara,ESH,-0.685942,2019-03-16,2019,3,-0.88618124,-0.37241307,-0.12670045
Yemen,YEM,-0.5689314,2019-03-16,2019,3,-1.0053806,-1.061428,-0.60081697
Zambia,ZMB,0.064616434,2019-03-16,2019,3,0.16444872,0.20863771,0.18865097
Zimbabwe,ZWE,0.19868824,2019-03-16,2019,3,0.13480398,0.1553532,-0.29896402
eSwatini,SWZ,-0.10614137,2019-03-16,2019,3,-0.9924674,-1.9552495,-1.5905484
Afghanistan,AFG,1.1403052,2019-04-16,2019,4,0.7164733,0.16538179,-0.10182334
Aland,ALA,-0.62008643,2019-04-16,2019,4,1.1596091,0.28004837,-0.5845547
Albania,ALB,-1.2396582,2019-04-16,2019,4,-0.6255829,-0.47016254,-0.22967805
Algeria,DZA,-0.49394283,2019-04-16,2019,4,-0.5180652,-1.2537508,-1.0814188
Angola,AGO,0.093374446,2019-04-16,2019,4,0.076445304,0.07559092,0.09074912
Antarctica,ATA,,2019-04-16,2019,4,,,
Argentina,ARG,-0.19251855,2019-04-16,2019,4,0.1667355,-0.14190923,0.5836947
Armenia,ARM,0.8288189,2019-04-16,2019,4,0.771645,1.6398523,1.0363027
Australia,AUS,-0.7102595,2019-04-16,2019,4,-0.8929997,-1.048422,-0.6767873
Austria,AUT,-1.3368754,2019-04-16,2019,4,-0.28448966,0.5178075,0.3997119
Azerbaijan,AZE,0.49205315,2019-04-16,2019,4,0.34052488,0.74617064,0.42078257
Bangladesh,BGD,1.0980076,2019-04-16,2019,4,1.0899463,1.1792088,-0.7984906
Belarus,BLR,-2.2732158,2019-04-16,2019,4,-0.6118637,0.2755166,0.0877604
Belgium,BEL,-0.5803948,2019-04-16,2019,4,-0.04304186,0.011934126,-0.28694797
Belize,BLZ,0.2445876,2019-04-16,2019,4,-0.864034,-0.7078858,-0.52690655
Benin,BEN,-0.11917389,2019-04-16,2019,4,-0.5639366,-0.6726852,-1.2309334
Bhutan,BTN,0.42338437,2019-04-16,2019,4,0.365998,0.9822577,-0.5044776
Bolivia,BOL,-0.595699,2019-04-16,2019,4,-0.8231644,-0.45051655,0.1145545
Bosnia and Herzegovina,BIH,-1.2567276,2019-04-16,2019,4,-1.3798658,-1.0426068,-0.74671865
Botswana,BWA,-0.28774974,2019-04-16,2019,4,-0.47903395,-0.32629177,-0.6016498
Brazil,BRA,-0.018939193,2019-04-16,2019,4,-0.34667435,-0.30097842,-0.11553618
Brunei,BRN,-1.3997929,2019-04-16,2019,4,-1.4311981,-0.9942771,-0.77071255
Bulgaria,BGR,-1.1252776,2019-04-16,2019,4,-1.1767316,-0.30531394,0.5554903
Burkina Faso,BFA,0.08057756,2019-04-16,2019,4,-0.20680636,-0.89592314,-1.4690838
Burundi,BDI,-2.8133492,2019-04-16,2019,4,-1.7624912,-0.036204435,0.45430762
Cabo Verde,CPV,0.30310446,2019-04-16,2019,4,0.26026055,-0.50758356,-0.40014565
Cambodia,KHM,-0.19808765,2019-04-16,2019,4,-0.15672389,-0.33121607,-0.35742763
Cameroon,CMR,-0.17546996,2019-04-16,2019,4,0.1528231,0.12727046,0.0012856253
Canada,CAN,-0.20842145,2019-04-16,2019,4,-0.074866906,0.32862702,0.36701372
Cayman Islands,CYM,,2019-04-16,2019,4,,,
Central African Republic,CAF,-0.3556529,2019-04-16,2019,4,-0.4714316,-0.79600614,-0.4425374
Chad,TCD,-0.88440424,2019-04-16,2019,4,-1.1500866,-1.1018106,-0.4856645
Chile,CHL,-0.1007794,2019-04-16,2019,4,-0.17724389,-0.6254133,-0.3061873
China,CHN,-0.753716,2019-04-16,2019,4,-0.6264081,0.18078808,0.2970199
Colombia,COL,-0.3917174,2019-04-16,2019,4,-0.3220051,-1.0076214,-0.8541299
Comoros,COM,0.009760522,2019-04-16,2019,4,-1.9016781,-0.8755826,-0.6904536
Costa Rica,CRI,0.3622593,2019-04-16,2019,4,-0.17386988,-0.5823756,-0.6310586
Croatia,HRV,-1.1425192,2019-04-16,2019,4,-1.3726158,-1.2906017,-1.0436542
Cuba,CUB,0.0536824,2019-04-16,2019,4,0.08285605,-0.18816328,-0.49769983
Cyprus,CYP,0.82427853,2019-04-16,2019,4,1.2688282,1.5948972,1.5762076
Czechia,CZE,-1.8572505,2019-04-16,2019,4,-0.9569414,0.1154935,0.28035554
Democratic Republic of the Congo,COD,-0.14715447,2019-04-16,2019,4,-0.17670408,0.095151186,0.12155283
Denmark,DNK,-0.33583838,2019-04-16,2019,4,0.9920071,0.02804983,-0.7863284
Djibouti,DJI,-0.1807503,2019-04-16,2019,4,-0.7716484,-0.9962245,-0.67593473
Dominican Republic,DOM,-0.36661,2019-04-16,2019,4,-0.70591426,-0.75978637,-1.2693185
East Timor,TLS,-1.9887096,2019-04-16,2019,4,-2.1198945,-2.233224,-1.4723969
Ecuador,ECU,0.21522468,2019-04-16,2019,4,0.73207134,0.5172599,0.5699204
Egypt,EGY,0.12763377,2019-04-16,2019,4,-0.07987475,-0.23068024,-0.27481702
El Salvador,SLV,-0.6888695,2019-04-16,2019,4,-0.97784334,-1.1076462,-1.3473574
Equatorial Guinea,GNQ,0.42445076,2019-04-16,2019,4,0.37692326,-0.52142924,0.38556275
Eritrea,ERI,-0.7627932,2019-04-16,2019,4,-0.8974956,-0.79744947,-0.40492567
Estonia,EST,-1.0085584,2019-04-16,2019,4,1.4263796,0.5443364,-0.651818
Ethiopia,ETH,0.036303457,2019-04-16,2019,4,-0.62635434,-0.7854059,-0.17721514
Falkland Islands,FLK,0.43515304,2019-04-16,2019,4,0.61734265,-0.41971844,-1.0266868
Faroe Islands,FRO,-0.102332,2019-04-16,2019,4,0.048404835,-0.14996319,-0.37071964
Fiji,FJI,-0.03152899,2019-04-16,2019,4,-0.5398555,-0.87695754,-0.04864553
Finland,FIN,0.3824153,2019-04-16,2019,4,1.5658314,0.78088164,-0.4958804
France,-99,-1.2849857,2019-04-16,2019,4,-0.56484663,1.3029143,0.9556221
French Polynesia,PYF,0.053491082,2019-04-16,2019,4,0.7244219,0.09583926,-0.56714064
French Southern and Antarctic Lands,ATF,1.5130484,2019-04-16,2019,4,1.8758461,1.193893,-1.2233441
Gabon,GAB,0.21857564,2019-04-16,2019,4,0.17446771,0.17160751,0.40726104
Gambia,GMB,-0.0046028197,2019-04-16,2019,4,-0.33259964,-1.2544765,-1.3441417
Georgia,GEO,0.2265504,2019-04-16,2019,4,0.09197848,0.30207598,-0.08914985
Germany,DEU,-1.3457615,2019-04-16,2019,4,-0.23375395,0.17633824,-0.089692086
Ghana,GHA,-0.01939842,2019-04-16,2019,4,-0.20543222,-0.8538937,-1.4353242
Greece,GRC,-0.67198735,2019-04-16,2019,4,-0.023193186,0.29170033,0.51346415
Greenland,GRL,0.119246714,2019-04-16,2019,4,0.34193188,0.46528652,0.61293995
Guatemala,GTM,-1.0084139,2019-04-16,2019,4,-1.1343383,-0.652537,-0.11933477
Guinea,GIN,0.40669027,2019-04-16,2019,4,0.53872275,-0.56920105,-1.1589417
Guinea-Bissau,GNB,-0.18253794,2019-04-16,2019,4,-0.433097,-1.0288124,-1.5486801
Guyana,GUY,-1.5128418,2019-04-16,2019,4,-1.3501827,-1.2697829,-1.5020566
Haiti,HTI,-1.1967894,2019-04-16,2019,4,-1.3521142,-1.48192,-1.7776701
Honduras,HND,-0.49519002,2019-04-16,2019,4,-0.39124647,-0.71620417,-1.6594938
Hungary,HUN,-1.8404639,2019-04-16,2019,4,-1.5986915,-0.82422334,-0.58740914
Iceland,ISL,0.5201673,2019-04-16,2019,4,0.9568302,0.85344106,1.1498585
India,IND,-0.24271579,2019-04-16,2019,4,-0.039683968,0.34374827,-0.16808234
Indonesia,IDN,-0.3864542,2019-04-16,2019,4,-0.4389686,-0.25214997,0.24631798
Iran,IRN,1.277201,2019-04-16,2019,4,0.7797846,-0.042322237,0.08598843
Iraq,IRQ,0.8592354,2019-04-16,2019,4,0.22494309,-0.15673073,0.76963055
Ireland,IRL,1.0144067,2019-04-16,2019,4,0.04194855,-0.24225731,0.57323444
Israel,ISR,1.0140634,2019-04-16,2019,4,0.72451866,0.8548709,0.42522418
Italy,ITA,-1.2212169,2019-04-16,2019,4,-1.1487827,-1.0528588,-0.88803244
Ivory Coast,CIV,-0.025284842,2019-04-16,2019,4,-0.14479698,-0.5452693,-0.917051
Jamaica,JAM,0.4131349,2019-04-16,2019,4,-0.06444986,-0.3825291,-0.8658481
Japan,JPN,-1.2110718,2019-04-16,2019,4,-1.4229342,-0.95954806,-1.2727046
Jordan,JOR,1.0642065,2019-04-16,2019,4,1.0299802,0.9828677,0.6421655
Kazakhstan,KAZ,-0.42945752,2019-04-16,2019,4,-0.7536264,-0.35631996,0.0017879274
Kenya,KEN,0.55996144,2019-04-16,2019,4,0.9780663,0.7116749,-0.121781096
Kiribati,KIR,,2019-04-16,2019,4,,,
Kosovo,-99,-1.639514,2019-04-16,2019,4,-1.2849857,-0.56484663,1.3029143
Kuwait,KWT,0.10588521,2019-04-16,2019,4,-0.7300821,-1.4055976,0.43336987
Kyrgyzstan,KGZ,0.6826799,2019-04-16,2019,4,-0.5034579,0.014502076,0.3748812
Laos,LAO,-1.0256128,2019-04-16,2019,4,-0.3104166,1.1662098,0.7337365
Latvia,LVA,-1.6959068,2019-04-16,2019,4,1.0848883,0.6913871,-0.36423558
Lebanon,LBN,1.1517702,2019-04-16,2019,4,1.2495143,1.4308003,1.0998397
Lesotho,LSO,0.83126956,2019-04-16,2019,4,-0.5929006,-1.2474147,-2.041933
Liberia,LBR,-0.04113333,2019-04-16,2019,4,-0.1633273,-0.10442618,-0.24731897
Libya,LBY,0.38496068,2019-04-16,2019,4,0.28246558,0.25736454,-0.1186913
Lithuania,LTU,-2.0452268,2019-04-16,2019,4,0.29911274,0.6251632,-0.1278843
Luxembourg,LUX,-0.5583329,2019-04-16,2019,4,0.018899245,0.47539997,0.16043182
Madagascar,MDG,0.33826625,2019-04-16,2019,4,0.27526978,-0.43492642,-0.35585007
Malawi,MWI,1.324824,2019-04-16,2019,4,1.3802443,1.293936,1.0812918
Malaysia,MYS,-1.3769717,2019-04-16,2019,4,-1.2588993,-0.52937025,-0.16647883
Mali,MLI,0.17655404,2019-04-16,2019,4,-0.034489404,-0.47670943,-0.6890494
Mauritania,MRT,-0.113098584,2019-04-16,2019,4,-0.21682292,-0.71726805,-0.46182457
Mauritius,MUS,-1.784072,2019-04-16,2019,4,-0.5717622,0.39701328,1.5839245
Mexico,MEX,-0.5538309,2019-04-16,2019,4,-0.23289314,-0.1330123,0.38025168
Moldova,MDA,-1.599718,2019-04-16,2019,4,-1.0045575,0.24807729,0.94638586
Mongolia,MNG,-1.6666334,2019-04-16,2019,4,-1.357212,-0.10573241,-1.060161
Montenegro,MNE,-1.4832503,2019-04-16,2019,4,-1.0234196,-0.53649086,-0.19391955
Morocco,MAR,-1.1882982,2019-04-16,2019,4,-1.4043089,-1.7679129,-1.2413234
Mozambique,MOZ,0.61086756,2019-04-16,2019,4,0.4609419,0.2528111,0.286837
Myanmar,MMR,-0.8862015,2019-04-16,2019,4,0.20066267,0.86202306,0.025526252
Namibia,NAM,-0.12586293,2019-04-16,2019,4,-0.124262266,-0.17457917,-0.29668456
Nepal,NPL,0.92106897,2019-04-16,2019,4,0.77887774,0.98483473,0.93363285
Netherlands,NLD,-0.50858897,2019-04-16,2019,4,0.3848436,-0.02963626,-0.67474395
New Caledonia,NCL,0.3877841,2019-04-16,2019,4,-0.35668468,0.15284759,-0.86467093
New Zealand,NZL,0.72270685,2019-04-16,2019,4,-0.2718719,-0.9886212,-0.86166203
Nicaragua,NIC,-0.84660345,2019-04-16,2019,4,-0.9117751,-1.4170235,-1.7622503
Niger,NER,-0.023008352,2019-04-16,2019,4,-0.27368075,0.06624038,-0.10507703
Nigeria,NGA,-0.5347143,2019-04-16,2019,4,-0.37537774,0.23790705,-0.09086533
North Korea,PRK,-1.6710972,2019-04-16,2019,4,-1.870666,-1.6061883,-0.78325653
North Macedonia,MKD,-1.56419,2019-04-16,2019,4,-1.1573206,-0.59783304,0.03484923
Northern Cyprus,-99,1.0255601,2019-04-16,2019,4,-1.639514,-1.2849857,-0.56484663
Norway,-99,0.33670995,2019-04-16,2019,4,1.0255601,-1.639514,-1.2849857
Oman,OMN,-0.5906896,2019-04-16,2019,4,-1.192142,-1.2750005,-1.3328019
Pakistan,PAK,1.2421991,2019-04-16,2019,4,1.1450487,0.15565403,-0.8878635
Palestine,PSE,0.9864387,2019-04-16,2019,4,0.7713537,0.815114,0.40297484
Panama,PAN,-0.4588743,2019-04-16,2019,4,-0.6725188,-0.80582446,-0.65598416
Papua New Guinea,PNG,0.15693828,2019-04-16,2019,4,0.24022289,-0.08012621,0.17197801
Paraguay,PRY,1.3169261,2019-04-16,2019,4,0.5913198,-0.827476,0.2407671
Peru,PER,0.017697928,2019-04-16,2019,4,0.18557903,0.30161572,0.36061656
Philippines,PHL,-0.8868007,2019-04-16,2019,4,-0.8374859,-0.059102524,-0.19110076
Poland,POL,-1.9434049,2019-04-16,2019,4,-0.5131874,0.3337282,0.07322924
Portugal,PRT,-1.4207039,2019-04-16,2019,4,-1.6203494,-1.6788759,-0.59805876
Puerto Rico,PRI,-0.39084005,2019-04-16,2019,4,-0.6742499,-0.5648288,-0.38761613
Qatar,QAT,1.8541485,2019-04-16,2019,4,1.2948674,-0.5994165,-0.21113984
Republic of Serbia,SRB,-1.5906447,2019-04-16,2019,4,-1.4625406,-0.56071955,-0.2798117
Republic of the Congo,COG,-0.21439411,2019-04-16,2019,4,-0.39973325,0.6061161,0.5139655
Romania,ROU,-1.4494097,2019-04-16,2019,4,-1.0944289,0.35160893,0.949234
Russia,RUS,-0.1459789,2019-04-16,2019,4,0.21387047,0.27609426,0.1489951
Rwanda,RWA,-2.9745266,2019-04-16,2019,4,-1.9202694,-0.37216562,-0.0013662458
Saint Vincent and the Grenadines,VCT,-1.3446182,2019-04-16,2019,4,-1.8145012,-1.8715507,-1.5584279
Samoa,WSM,1.0136188,2019-04-16,2019,4,0.6315718,1.0100273,0.33818305
Saudi Arabia,SAU,0.25792086,2019-04-16,2019,4,0.4133262,0.084443495,0.42364115
Senegal,SEN,0.09004161,2019-04-16,2019,4,-0.15659201,-0.99121755,-0.9770819
Siachen Glacier,-99,0.33459347,2019-04-16,2019,4,0.33670995,1.0255601,-1.639514
Sierra Leone,SLE,0.008615388,2019-04-16,2019,4,-0.06540632,-0.20552367,-0.36724487
Slovakia,SVK,-1.7881604,2019-04-16,2019,4,-1.2579615,-0.43772846,-0.36569637
Slovenia,SVN,-0.68840265,2019-04-16,2019,4,-1.0160362,-1.1532017,-1.119756
Solomon Islands,SLB,-0.00087223406,2019-04-16,2019,4,0.03714139,0.042715006,0.07206629
Somalia,SOM,-0.4720305,2019-04-16,2019,4,-0.6616624,-0.66349924,0.18665783
Somaliland,-99,-0.1918253,2019-04-16,2019,4,0.33459347,0.33670995,1.0255601
South Africa,ZAF,-0.50793475,2019-04-16,2019,4,-1.0118772,-1.2204827,-1.810701
South Georgia and the Islands,SGS,-0.5185107,2019-04-16,2019,4,-0.3491294,-2.0876002,-1.8647346
South Korea,KOR,-0.8908161,2019-04-16,2019,4,-1.3795905,-0.85170496,-0.64104307
South Sudan,SSD,-0.4228242,2019-04-16,2019,4,-0.74655014,-0.8052595,-0.4472534
Spain,ESP,-1.3364875,2019-04-16,2019,4,-1.881451,-1.8005579,-0.44695657
Sri Lanka,LKA,-0.3300726,2019-04-16,2019,4,-0.65940374,-0.5825312,-0.91295534
Sudan,SDN,-0.58497494,2019-04-16,2019,4,-0.876637,-0.82791054,-0.71291333
Suriname,SUR,-1.4166504,2019-04-16,2019,4,-1.6227682,-1.2484992,-0.826028
Sweden,SWE,0.20240115,2019-04-16,2019,4,1.1972731,0.5225956,-0.1838066
Switzerland,CHE,-0.98995477,2019-04-16,2019,4,-0.54945123,0.36724076,0.06787978
Syria,SYR,1.3470592,2019-04-16,2019,4,1.0282696,1.1747768,1.2708364
Taiwan,TWN,0.21977392,2019-04-16,2019,4,0.11541506,-0.20247367,0.2390584
Tajikistan,TJK,0.6396139,2019-04-16,2019,4,-0.31931865,-0.18633519,0.6749116
Thailand,THA,-1.3380516,2019-04-16,2019,4,-0.35465062,0.7094658,0.1550091
The Bahamas,BHS,-0.067853875,2019-04-16,2019,4,0.33836165,0.45336178,-0.32459232
Togo,TGO,-0.1374068,2019-04-16,2019,4,-0.47104067,-0.93800735,-1.535069
Trinidad and Tobago,TTO,-0.2565789,2019-04-16,2019,4,-1.3468213,-2.2321162,-2.416236
Tunisia,TUN,0.34563363,2019-04-16,2019,4,0.402025,-0.6264791,-0.8502675
Turkey,TUR,0.1369722,2019-04-16,2019,4,0.20799471,1.3766396,1.3380558
Turkmenistan,TKM,1.4648619,2019-04-16,2019,4,0.5823409,0.5402765,0.22854963
Uganda,UGA,0.11748196,2019-04-16,2019,4,0.6231801,0.8021758,0.29417518
Ukraine,UKR,-1.6852638,2019-04-16,2019,4,-0.83192086,0.668312,0.8572409
United Arab Emirates,ARE,0.7970002,2019-04-16,2019,4,0.4909988,-0.017916514,0.013769458
United Kingdom,GBR,-0.18901628,2019-04-16,2019,4,-0.63381034,-0.94612706,-0.5689841
United Republic of Tanzania,TZA,-0.010629939,2019-04-16,2019,4,-0.14335771,-0.021003693,0.07342777
United States Virgin Islands,VIR,-0.5176307,2019-04-16,2019,4,-0.88199407,-0.6187411,-0.19498008
United States of America,USA,0.8239999,2019-04-16,2019,4,0.82962084,1.0032333,0.6899689
Uruguay,URY,-0.65546745,2019-04-16,2019,4,0.97007674,1.6878042,2.219555
Uzbekistan,UZB,0.4508373,2019-04-16,2019,4,-0.18761468,0.09837133,0.46338657
Vanuatu,VUT,0.027518546,2019-04-16,2019,4,0.08408911,0.09805446,-0.021929296
Venezuela,VEN,-0.46414462,2019-04-16,2019,4,-0.61151236,-0.6378819,-0.62917995
Vietnam,VNM,-0.1376876,2019-04-16,2019,4,0.23435311,0.6123382,0.24423957
Western Sahara,ESH,-0.78524417,2019-04-16,2019,4,-0.685942,-0.88618124,-0.37241307
Yemen,YEM,-0.41787204,2019-04-16,2019,4,-0.5689314,-1.0053806,-1.061428
Zambia,ZMB,0.13193083,2019-04-16,2019,4,0.064616434,0.16444872,0.20863771
Zimbabwe,ZWE,0.10388845,2019-04-16,2019,4,0.19868824,0.13480398,0.1553532
eSwatini,SWZ,0.3892866,2019-04-16,2019,4,-0.10614137,-0.9924674,-1.9552495
Afghanistan,AFG,0.903288,2019-05-16,2019,5,1.1403052,0.7164733,0.16538179
Aland,ALA,-0.4103405,2019-05-16,2019,5,-0.62008643,1.1596091,0.28004837
Albania,ALB,0.2931752,2019-05-16,2019,5,-1.2396582,-0.6255829,-0.47016254
Algeria,DZA,-0.7388746,2019-05-16,2019,5,-0.49394283,-0.5180652,-1.2537508
Angola,AGO,0.11706918,2019-05-16,2019,5,0.093374446,0.076445304,0.07559092
Antarctica,ATA,,2019-05-16,2019,5,,,
Argentina,ARG,0.3334605,2019-05-16,2019,5,-0.19251855,0.1667355,-0.14190923
Armenia,ARM,-0.09610747,2019-05-16,2019,5,0.8288189,0.771645,1.6398523
Australia,AUS,-0.46610346,2019-05-16,2019,5,-0.7102595,-0.8929997,-1.048422
Austria,AUT,0.90199846,2019-05-16,2019,5,-1.3368754,-0.28448966,0.5178075
Azerbaijan,AZE,-0.28148362,2019-05-16,2019,5,0.49205315,0.34052488,0.74617064
Bangladesh,BGD,0.014514138,2019-05-16,2019,5,1.0980076,1.0899463,1.1792088
Belarus,BLR,-1.1599407,2019-05-16,2019,5,-2.2732158,-0.6118637,0.2755166
Belgium,BEL,-0.26380697,2019-05-16,2019,5,-0.5803948,-0.04304186,0.011934126
Belize,BLZ,-0.41169262,2019-05-16,2019,5,0.2445876,-0.864034,-0.7078858
Benin,BEN,-0.13514158,2019-05-16,2019,5,-0.11917389,-0.5639366,-0.6726852
Bhutan,BTN,0.12342659,2019-05-16,2019,5,0.42338437,0.365998,0.9822577
Bolivia,BOL,-0.52495617,2019-05-16,2019,5,-0.595699,-0.8231644,-0.45051655
Bosnia and Herzegovina,BIH,1.1022447,2019-05-16,2019,5,-1.2567276,-1.3798658,-1.0426068
Botswana,BWA,-0.3920546,2019-05-16,2019,5,-0.28774974,-0.47903395,-0.32629177
Brazil,BRA,0.15938053,2019-05-16,2019,5,-0.018939193,-0.34667435,-0.30097842
Brunei,BRN,-1.564087,2019-05-16,2019,5,-1.3997929,-1.4311981,-0.9942771
Bulgaria,BGR,-0.5681485,2019-05-16,2019,5,-1.1252776,-1.1767316,-0.30531394
Burkina Faso,BFA,-0.08536396,2019-05-16,2019,5,0.08057756,-0.20680636,-0.89592314
Burundi,BDI,-2.0309825,2019-05-16,2019,5,-2.8133492,-1.7624912,-0.036204435
Cabo Verde,CPV,0.37930438,2019-05-16,2019,5,0.30310446,0.26026055,-0.50758356
Cambodia,KHM,-0.40130287,2019-05-16,2019,5,-0.19808765,-0.15672389,-0.33121607
Cameroon,CMR,-0.17429166,2019-05-16,2019,5,-0.17546996,0.1528231,0.12727046
Canada,CAN,-0.48840302,2019-05-16,2019,5,-0.20842145,-0.074866906,0.32862702
Cayman Islands,CYM,,2019-05-16,2019,5,,,
Central African Republic,CAF,-0.36218402,2019-05-16,2019,5,-0.3556529,-0.4714316,-0.79600614
Chad,TCD,-0.52468026,2019-05-16,2019,5,-0.88440424,-1.1500866,-1.1018106
Chile,CHL,-0.046162177,2019-05-16,2019,5,-0.1007794,-0.17724389,-0.6254133
China,CHN,-0.56686944,2019-05-16,2019,5,-0.753716,-0.6264081,0.18078808
Colombia,COL,0.008682205,2019-05-16,2019,5,-0.3917174,-0.3220051,-1.0076214
Comoros,COM,1.141891,2019-05-16,2019,5,0.009760522,-1.9016781,-0.8755826
Costa Rica,CRI,1.1053927,2019-05-16,2019,5,0.3622593,-0.17386988,-0.5823756
Croatia,HRV,1.0259206,2019-05-16,2019,5,-1.1425192,-1.3726158,-1.2906017
Cuba,CUB,0.048941858,2019-05-16,2019,5,0.0536824,0.08285605,-0.18816328
Cyprus,CYP,0.5078801,2019-05-16,2019,5,0.82427853,1.2688282,1.5948972
Czechia,CZE,0.033066522,2019-05-16,2019,5,-1.8572505,-0.9569414,0.1154935
Democratic Republic of the Congo,COD,-0.079665415,2019-05-16,2019,5,-0.14715447,-0.17670408,0.095151186
Denmark,DNK,0.36469004,2019-05-16,2019,5,-0.33583838,0.9920071,0.02804983
Djibouti,DJI,0.021846816,2019-05-16,2019,5,-0.1807503,-0.7716484,-0.9962245
Dominican Republic,DOM,-0.04776545,2019-05-16,2019,5,-0.36661,-0.70591426,-0.75978637
East Timor,TLS,-1.6370245,2019-05-16,2019,5,-1.9887096,-2.1198945,-2.233224
Ecuador,ECU,0.8247212,2019-05-16,2019,5,0.21522468,0.73207134,0.5172599
Egypt,EGY,-0.2759986,2019-05-16,2019,5,0.12763377,-0.07987475,-0.23068024
El Salvador,SLV,-0.39183918,2019-05-16,2019,5,-0.6888695,-0.97784334,-1.1076462
Equatorial Guinea,GNQ,0.4393447,2019-05-16,2019,5,0.42445076,0.37692326,-0.52142924
Eritrea,ERI,-0.5958621,2019-05-16,2019,5,-0.7627932,-0.8974956,-0.79744947
Estonia,EST,-0.29241166,2019-05-16,2019,5,-1.0085584,1.4263796,0.5443364
Ethiopia,ETH,0.23437102,2019-05-16,2019,5,0.036303457,-0.62635434,-0.7854059
Falkland Islands,FLK,-0.08043559,2019-05-16,2019,5,0.43515304,0.61734265,-0.41971844
Faroe Islands,FRO,-0.33720964,2019-05-16,2019,5,-0.102332,0.048404835,-0.14996319
Fiji,FJI,0.39881226,2019-05-16,2019,5,-0.03152899,-0.5398555,-0.87695754
Finland,FIN,0.6636586,2019-05-16,2019,5,0.3824153,1.5658314,0.78088164
France,-99,-0.7492424,2019-05-16,2019,5,-0.1918253,0.33459347,0.33670995
French Polynesia,PYF,-0.25401178,2019-05-16,2019,5,0.053491082,0.7244219,0.09583926
French Southern and Antarctic Lands,ATF,1.1110919,2019-05-16,2019,5,1.5130484,1.8758461,1.193893
Gabon,GAB,0.19161645,2019-05-16,2019,5,0.21857564,0.17446771,0.17160751
Gambia,GMB,0.07632227,2019-05-16,2019,5,-0.0046028197,-0.33259964,-1.2544765
Georgia,GEO,-0.46212167,2019-05-16,2019,5,0.2265504,0.09197848,0.30207598
Germany,DEU,-0.31831524,2019-05-16,2019,5,-1.3457615,-0.23375395,0.17633824
Ghana,GHA,-0.05858512,2019-05-16,2019,5,-0.01939842,-0.20543222,-0.8538937
Greece,GRC,-0.49155608,2019-05-16,2019,5,-0.67198735,-0.023193186,0.29170033
Greenland,GRL,-0.052129295,2019-05-16,2019,5,0.119246714,0.34193188,0.46528652
Guatemala,GTM,0.108636096,2019-05-16,2019,5,-1.0084139,-1.1343383,-0.652537
Guinea,GIN,0.2472579,2019-05-16,2019,5,0.40669027,0.53872275,-0.56920105
Guinea-Bissau,GNB,0.1307684,2019-05-16,2019,5,-0.18253794,-0.433097,-1.0288124
Guyana,GUY,-0.84803164,2019-05-16,2019,5,-1.5128418,-1.3501827,-1.2697829
Haiti,HTI,0.82162696,2019-05-16,2019,5,-1.1967894,-1.3521142,-1.48192
Honduras,HND,-0.6077969,2019-05-16,2019,5,-0.49519002,-0.39124647,-0.71620417
Hungary,HUN,0.3265254,2019-05-16,2019,5,-1.8404639,-1.5986915,-0.82422334
Iceland,ISL,-0.21888337,2019-05-16,2019,5,0.5201673,0.9568302,0.85344106
India,IND,-0.49171236,2019-05-16,2019,5,-0.24271579,-0.039683968,0.34374827
Indonesia,IDN,-0.4620285,2019-05-16,2019,5,-0.3864542,-0.4389686,-0.25214997
Iran,IRN,1.2445346,2019-05-16,2019,5,1.277201,0.7797846,-0.042322237
Iraq,IRQ,0.6074119,2019-05-16,2019,5,0.8592354,0.22494309,-0.15673073
Ireland,IRL,0.7560346,2019-05-16,2019,5,1.0144067,0.04194855,-0.24225731
Israel,ISR,0.16165261,2019-05-16,2019,5,1.0140634,0.72451866,0.8548709
Italy,ITA,0.25855318,2019-05-16,2019,5,-1.2212169,-1.1487827,-1.0528588
Ivory Coast,CIV,-0.18613172,2019-05-16,2019,5,-0.025284842,-0.14479698,-0.5452693
Jamaica,JAM,0.5241133,2019-05-16,2019,5,0.4131349,-0.06444986,-0.3825291
Japan,JPN,-1.6127573,2019-05-16,2019,5,-1.2110718,-1.4229342,-0.95954806
Jordan,JOR,-0.04902092,2019-05-16,2019,5,1.0642065,1.0299802,0.9828677
Kazakhstan,KAZ,-0.8097599,2019-05-16,2019,5,-0.42945752,-0.7536264,-0.35631996
Kenya,KEN,0.41762906,2019-05-16,2019,5,0.55996144,0.9780663,0.7116749
Kiribati,KIR,,2019-05-16,2019,5,,,
Kosovo,-99,0.27829167,2019-05-16,2019,5,-0.7492424,-0.1918253,0.33459347
Kuwait,KWT,0.19276887,2019-05-16,2019,5,0.10588521,-0.7300821,-1.4055976
Kyrgyzstan,KGZ,-0.12165744,2019-05-16,2019,5,0.6826799,-0.5034579,0.014502076
Laos,LAO,-1.1484251,2019-05-16,2019,5,-1.0256128,-0.3104166,1.1662098
Latvia,LVA,-0.9725931,2019-05-16,2019,5,-1.6959068,1.0848883,0.6913871
Lebanon,LBN,0.6797156,2019-05-16,2019,5,1.1517702,1.2495143,1.4308003
Lesotho,LSO,0.6045332,2019-05-16,2019,5,0.83126956,-0.5929006,-1.2474147
Liberia,LBR,-0.102466784,2019-05-16,2019,5,-0.04113333,-0.1633273,-0.10442618
Libya,LBY,0.06674164,2019-05-16,2019,5,0.38496068,0.28246558,0.25736454
Lithuania,LTU,-1.3005577,2019-05-16,2019,5,-2.0452268,0.29911274,0.6251632
Luxembourg,LUX,0.044913866,2019-05-16,2019,5,-0.5583329,0.018899245,0.47539997
Madagascar,MDG,0.5912939,2019-05-16,2019,5,0.33826625,0.27526978,-0.43492642
Malawi,MWI,1.086643,2019-05-16,2019,5,1.324824,1.3802443,1.293936
Malaysia,MYS,-1.2126362,2019-05-16,2019,5,-1.3769717,-1.2588993,-0.52937025
Mali,MLI,0.09427881,2019-05-16,2019,5,0.17655404,-0.034489404,-0.47670943
Mauritania,MRT,-0.23810276,2019-05-16,2019,5,-0.113098584,-0.21682292,-0.71726805
Mauritius,MUS,-1.3682191,2019-05-16,2019,5,-1.784072,-0.5717622,0.39701328
Mexico,MEX,-0.42226505,2019-05-16,2019,5,-0.5538309,-0.23289314,-0.1330123
Moldova,MDA,-0.80704314,2019-05-16,2019,5,-1.599718,-1.0045575,0.24807729
Mongolia,MNG,-1.4892505,2019-05-16,2019,5,-1.6666334,-1.357212,-0.10573241
Montenegro,MNE,0.8423229,2019-05-16,2019,5,-1.4832503,-1.0234196,-0.53649086
Morocco,MAR,-1.1905854,2019-05-16,2019,5,-1.1882982,-1.4043089,-1.7679129
Mozambique,MOZ,0.75695604,2019-05-16,2019,5,0.61086756,0.4609419,0.2528111
Myanmar,MMR,-1.3397493,2019-05-16,2019,5,-0.8862015,0.20066267,0.86202306
Namibia,NAM,-0.22526267,2019-05-16,2019,5,-0.12586293,-0.124262266,-0.17457917
Nepal,NPL,0.102908775,2019-05-16,2019,5,0.92106897,0.77887774,0.98483473
Netherlands,NLD,-0.1951815,2019-05-16,2019,5,-0.50858897,0.3848436,-0.02963626
New Caledonia,NCL,-0.91608053,2019-05-16,2019,5,0.3877841,-0.35668468,0.15284759
New Zealand,NZL,1.1480132,2019-05-16,2019,5,0.72270685,-0.2718719,-0.9886212
Nicaragua,NIC,0.13642173,2019-05-16,2019,5,-0.84660345,-0.9117751,-1.4170235
Niger,NER,0.014046897,2019-05-16,2019,5,-0.023008352,-0.27368075,0.06624038
Nigeria,NGA,-0.56340796,2019-05-16,2019,5,-0.5347143,-0.37537774,0.23790705
North Korea,PRK,-1.9584236,2019-05-16,2019,5,-1.6710972,-1.870666,-1.6061883
North Macedonia,MKD,-0.3803009,2019-05-16,2019,5,-1.56419,-1.1573206,-0.59783304
Northern Cyprus,-99,0.33203444,2019-05-16,2019,5,0.27829167,-0.7492424,-0.1918253
Norway,-99,0.26482847,2019-05-16,2019,5,0.33203444,0.27829167,-0.7492424
Oman,OMN,-0.7314788,2019-05-16,2019,5,-0.5906896,-1.192142,-1.2750005
Pakistan,PAK,1.0781782,2019-05-16,2019,5,1.2421991,1.1450487,0.15565403
Palestine,PSE,0.34240565,2019-05-16,2019,5,0.9864387,0.7713537,0.815114
Panama,PAN,0.44706646,2019-05-16,2019,5,-0.4588743,-0.6725188,-0.80582446
Papua New Guinea,PNG,0.2672351,2019-05-16,2019,5,0.15693828,0.24022289,-0.08012621
Paraguay,PRY,1.8607128,2019-05-16,2019,5,1.3169261,0.5913198,-0.827476
Peru,PER,0.062347464,2019-05-16,2019,5,0.017697928,0.18557903,0.30161572
Philippines,PHL,-0.40083662,2019-05-16,2019,5,-0.8868007,-0.8374859,-0.059102524
Poland,POL,-0.4377371,2019-05-16,2019,5,-1.9434049,-0.5131874,0.3337282
Portugal,PRT,-1.5803558,2019-05-16,2019,5,-1.4207039,-1.6203494,-1.6788759
Puerto Rico,PRI,-0.7594187,2019-05-16,2019,5,-0.39084005,-0.6742499,-0.5648288
Qatar,QAT,1.906535,2019-05-16,2019,5,1.8541485,1.2948674,-0.5994165
Republic of Serbia,SRB,0.69439095,2019-05-16,2019,5,-1.5906447,-1.4625406,-0.56071955
Republic of the Congo,COG,-0.24376935,2019-05-16,2019,5,-0.21439411,-0.39973325,0.6061161
Romania,ROU,0.40285033,2019-05-16,2019,5,-1.4494097,-1.0944289,0.35160893
Russia,RUS,-0.37251395,2019-05-16,2019,5,-0.1459789,0.21387047,0.27609426
Rwanda,RWA,-1.9160877,2019-05-16,2019,5,-2.9745266,-1.9202694,-0.37216562
Saint Vincent and the Grenadines,VCT,-1.1594462,2019-05-16,2019,5,-1.3446182,-1.8145012,-1.8715507
Samoa,WSM,0.36671746,2019-05-16,2019,5,1.0136188,0.6315718,1.0100273
Saudi Arabia,SAU,0.058919206,2019-05-16,2019,5,0.25792086,0.4133262,0.084443495
Senegal,SEN,0.1845994,2019-05-16,2019,5,0.09004161,-0.15659201,-0.99121755
Siachen Glacier,-99,-0.11075283,2019-05-16,2019,5,0.26482847,0.33203444,0.27829167
Sierra Leone,SLE,0.01341145,2019-05-16,2019,5,0.008615388,-0.06540632,-0.20552367
Slovakia,SVK,0.31643778,2019-05-16,2019,5,-1.7881604,-1.2579615,-0.43772846
Slovenia,SVN,1.1385081,2019-05-16,2019,5,-0.68840265,-1.0160362,-1.1532017
Solomon Islands,SLB,0.002725708,2019-05-16,2019,5,-0.00087223406,0.03714139,0.042715006
Somalia,SOM,-0.22252019,2019-05-16,2019,5,-0.4720305,-0.6616624,-0.66349924
Somaliland,-99,0.10075481,2019-05-16,2019,5,-0.11075283,0.26482847,0.33203444
South Africa,ZAF,-0.7009334,2019-05-16,2019,5,-0.50793475,-1.0118772,-1.2204827
South Georgia and the Islands,SGS,0.16891283,2019-05-16,2019,5,-0.5185107,-0.3491294,-2.0876002
South Korea,KOR,-1.6717342,2019-05-16,2019,5,-0.8908161,-1.3795905,-0.85170496
South Sudan,SSD,-0.3171265,2019-05-16,2019,5,-0.4228242,-0.74655014,-0.8052595
Spain,ESP,-1.3862104,2019-05-16,2019,5,-1.3364875,-1.881451,-1.8005579
Sri Lanka,LKA,-1.8628701,2019-05-16,2019,5,-0.3300726,-0.65940374,-0.5825312
Sudan,SDN,-0.64442337,2019-05-16,2019,5,-0.58497494,-0.876637,-0.82791054
Suriname,SUR,-0.8761246,2019-05-16,2019,5,-1.4166504,-1.6227682,-1.2484992
Sweden,SWE,0.4437344,2019-05-16,2019,5,0.20240115,1.1972731,0.5225956
Switzerland,CHE,0.27148885,2019-05-16,2019,5,-0.98995477,-0.54945123,0.36724076
Syria,SYR,0.7625949,2019-05-16,2019,5,1.3470592,1.0282696,1.1747768
Taiwan,TWN,0.35725367,2019-05-16,2019,5,0.21977392,0.11541506,-0.20247367
Tajikistan,TJK,0.5784267,2019-05-16,2019,5,0.6396139,-0.31931865,-0.18633519
Thailand,THA,-1.2075586,2019-05-16,2019,5,-1.3380516,-0.35465062,0.7094658
The Bahamas,BHS,0.22412151,2019-05-16,2019,5,-0.067853875,0.33836165,0.45336178
Togo,TGO,-0.11589249,2019-05-16,2019,5,-0.1374068,-0.47104067,-0.93800735
Trinidad and Tobago,TTO,-0.977528,2019-05-16,2019,5,-0.2565789,-1.3468213,-2.2321162
Tunisia,TUN,0.5676849,2019-05-16,2019,5,0.34563363,0.402025,-0.6264791
Turkey,TUR,-0.24139829,2019-05-16,2019,5,0.1369722,0.20799471,1.3766396
Turkmenistan,TKM,0.8384344,2019-05-16,2019,5,1.4648619,0.5823409,0.5402765
Uganda,UGA,0.12767446,2019-05-16,2019,5,0.11748196,0.6231801,0.8021758
Ukraine,UKR,-0.294584,2019-05-16,2019,5,-1.6852638,-0.83192086,0.668312
United Arab Emirates,ARE,0.58089715,2019-05-16,2019,5,0.7970002,0.4909988,-0.017916514
United Kingdom,GBR,0.09297968,2019-05-16,2019,5,-0.18901628,-0.63381034,-0.94612706
United Republic of Tanzania,TZA,0.52580297,2019-05-16,2019,5,-0.010629939,-0.14335771,-0.021003693
United States Virgin Islands,VIR,-1.0579804,2019-05-16,2019,5,-0.5176307,-0.88199407,-0.6187411
United States of America,USA,0.7364165,2019-05-16,2019,5,0.8239999,0.82962084,1.0032333
Uruguay,URY,0.09775699,2019-05-16,2019,5,-0.65546745,0.97007674,1.6878042
Uzbekistan,UZB,-0.026223928,2019-05-16,2019,5,0.4508373,-0.18761468,0.09837133
Vanuatu,VUT,0.008577898,2019-05-16,2019,5,0.027518546,0.08408911,0.09805446
Venezuela,VEN,-0.33753383,2019-05-16,2019,5,-0.46414462,-0.61151236,-0.6378819
Vietnam,VNM,-0.36875987,2019-05-16,2019,5,-0.1376876,0.23435311,0.6123382
Western Sahara,ESH,-1.2230504,2019-05-16,2019,5,-0.78524417,-0.685942,-0.88618124
Yemen,YEM,-0.21132177,2019-05-16,2019,5,-0.41787204,-0.5689314,-1.0053806
Zambia,ZMB,0.1700552,2019-05-16,2019,5,0.13193083,0.064616434,0.16444872
Zimbabwe,ZWE,0.22818093,2019-05-16,2019,5,0.10388845,0.19868824,0.13480398
eSwatini,SWZ,-0.2999305,2019-05-16,2019,5,0.3892866,-0.10614137,-0.9924674
Afghanistan,AFG,0.76488924,2019-06-16,2019,6,0.903288,1.1403052,0.7164733
Aland,ALA,-1.5549352,2019-06-16,2019,6,-0.4103405,-0.62008643,1.1596091
Albania,ALB,1.1068038,2019-06-16,2019,6,0.2931752,-1.2396582,-0.6255829
Algeria,DZA,-1.1169595,2019-06-16,2019,6,-0.7388746,-0.49394283,-0.5180652
Angola,AGO,0.13126524,2019-06-16,2019,6,0.11706918,0.093374446,0.076445304
Antarctica,ATA,,2019-06-16,2019,6,,,
Argentina,ARG,0.23479155,2019-06-16,2019,6,0.3334605,-0.19251855,0.1667355
Armenia,ARM,-1.1948647,2019-06-16,2019,6,-0.09610747,0.8288189,0.771645
Australia,AUS,-0.42287087,2019-06-16,2019,6,-0.46610346,-0.7102595,-0.8929997
Austria,AUT,-0.13673091,2019-06-16,2019,6,0.90199846,-1.3368754,-0.28448966
Azerbaijan,AZE,-1.2500118,2019-06-16,2019,6,-0.28148362,0.49205315,0.34052488
Bangladesh,BGD,-1.3119745,2019-06-16,2019,6,0.014514138,1.0980076,1.0899463
Belarus,BLR,-1.7484145,2019-06-16,2019,6,-1.1599407,-2.2732158,-0.6118637
Belgium,BEL,-1.0032673,2019-06-16,2019,6,-0.26380697,-0.5803948,-0.04304186
Belize,BLZ,-0.61440927,2019-06-16,2019,6,-0.41169262,0.2445876,-0.864034
Benin,BEN,-0.036636703,2019-06-16,2019,6,-0.13514158,-0.11917389,-0.5639366
Bhutan,BTN,-1.1361831,2019-06-16,2019,6,0.12342659,0.42338437,0.365998
Bolivia,BOL,-1.0440158,2019-06-16,2019,6,-0.52495617,-0.595699,-0.8231644
Bosnia and Herzegovina,BIH,1.3138211,2019-06-16,2019,6,1.1022447,-1.2567276,-1.3798658
Botswana,BWA,-0.27854574,2019-06-16,2019,6,-0.3920546,-0.28774974,-0.47903395
Brazil,BRA,0.02880949,2019-06-16,2019,6,0.15938053,-0.018939193,-0.34667435
Brunei,BRN,-0.2670861,2019-06-16,2019,6,-1.564087,-1.3997929,-1.4311981
Bulgaria,BGR,0.071790695,2019-06-16,2019,6,-0.5681485,-1.1252776,-1.1767316
Burkina Faso,BFA,-0.27052373,2019-06-16,2019,6,-0.08536396,0.08057756,-0.20680636
Burundi,BDI,-1.1911416,2019-06-16,2019,6,-2.0309825,-2.8133492,-1.7624912
Cabo Verde,CPV,0.27106884,2019-06-16,2019,6,0.37930438,0.30310446,0.26026055
Cambodia,KHM,-0.5119546,2019-06-16,2019,6,-0.40130287,-0.19808765,-0.15672389
Cameroon,CMR,-0.021880712,2019-06-16,2019,6,-0.17429166,-0.17546996,0.1528231
Canada,CAN,-0.14576906,2019-06-16,2019,6,-0.48840302,-0.20842145,-0.074866906
Cayman Islands,CYM,,2019-06-16,2019,6,,,
Central African Republic,CAF,-0.06345743,2019-06-16,2019,6,-0.36218402,-0.3556529,-0.4714316
Chad,TCD,-0.38518634,2019-06-16,2019,6,-0.52468026,-0.88440424,-1.1500866
Chile,CHL,-0.25469208,2019-06-16,2019,6,-0.046162177,-0.1007794,-0.17724389
China,CHN,-0.15891193,2019-06-16,2019,6,-0.56686944,-0.753716,-0.6264081
Colombia,COL,-0.22693048,2019-06-16,2019,6,0.008682205,-0.3917174,-0.3220051
Comoros,COM,1.5814356,2019-06-16,2019,6,1.141891,0.009760522,-1.9016781
Costa Rica,CRI,1.3124231,2019-06-16,2019,6,1.1053927,0.3622593,-0.17386988
Croatia,HRV,1.0544027,2019-06-16,2019,6,1.0259206,-1.1425192,-1.3726158
Cuba,CUB,-0.5933052,2019-06-16,2019,6,0.048941858,0.0536824,0.08285605
Cyprus,CYP,0.08166964,2019-06-16,2019,6,0.5078801,0.82427853,1.2688282
Czechia,CZE,-0.9014536,2019-06-16,2019,6,0.033066522,-1.8572505,-0.9569414
Democratic Republic of the Congo,COD,0.08112283,2019-06-16,2019,6,-0.079665415,-0.14715447,-0.17670408
Denmark,DNK,-1.0493944,2019-06-16,2019,6,0.36469004,-0.33583838,0.9920071
Djibouti,DJI,0.38610324,2019-06-16,2019,6,0.021846816,-0.1807503,-0.7716484
Dominican Republic,DOM,-0.8937149,2019-06-16,2019,6,-0.04776545,-0.36661,-0.70591426
East Timor,TLS,-0.9053225,2019-06-16,2019,6,-1.6370245,-1.9887096,-2.1198945
Ecuador,ECU,0.35615185,2019-06-16,2019,6,0.8247212,0.21522468,0.73207134
Egypt,EGY,-1.0481324,2019-06-16,2019,6,-0.2759986,0.12763377,-0.07987475
El Salvador,SLV,-1.0455357,2019-06-16,2019,6,-0.39183918,-0.6888695,-0.97784334
Equatorial Guinea,GNQ,0.07715373,2019-06-16,2019,6,0.4393447,0.42445076,0.37692326
Eritrea,ERI,-0.09468653,2019-06-16,2019,6,-0.5958621,-0.7627932,-0.8974956
Estonia,EST,-1.6724081,2019-06-16,2019,6,-0.29241166,-1.0085584,1.4263796
Ethiopia,ETH,0.79414976,2019-06-16,2019,6,0.23437102,0.036303457,-0.62635434
Falkland Islands,FLK,-0.39400333,2019-06-16,2019,6,-0.08043559,0.43515304,0.61734265
Faroe Islands,FRO,-0.6979969,2019-06-16,2019,6,-0.33720964,-0.102332,0.048404835
Fiji,FJI,0.63168865,2019-06-16,2019,6,0.39881226,-0.03152899,-0.5398555
Finland,FIN,-0.24113548,2019-06-16,2019,6,0.6636586,0.3824153,1.5658314
France,-99,-0.6189857,2019-06-16,2019,6,0.10075481,-0.11075283,0.26482847
French Polynesia,PYF,-0.4380031,2019-06-16,2019,6,-0.25401178,0.053491082,0.7244219
French Southern and Antarctic Lands,ATF,0.64569527,2019-06-16,2019,6,1.1110919,1.5130484,1.8758461
Gabon,GAB,0.049459815,2019-06-16,2019,6,0.19161645,0.21857564,0.17446771
Gambia,GMB,-0.059370585,2019-06-16,2019,6,0.07632227,-0.0046028197,-0.33259964
Georgia,GEO,-1.1797348,2019-06-16,2019,6,-0.46212167,0.2265504,0.09197848
Germany,DEU,-1.2689617,2019-06-16,2019,6,-0.31831524,-1.3457615,-0.23375395
Ghana,GHA,-0.09451566,2019-06-16,2019,6,-0.05858512,-0.01939842,-0.20543222
Greece,GRC,0.66179925,2019-06-16,2019,6,-0.49155608,-0.67198735,-0.023193186
Greenland,GRL,-0.6358847,2019-06-16,2019,6,-0.052129295,0.119246714,0.34193188
Guatemala,GTM,-0.2078168,2019-06-16,2019,6,0.108636096,-1.0084139,-1.1343383
Guinea,GIN,-0.09168282,2019-06-16,2019,6,0.2472579,0.40669027,0.53872275
Guinea-Bissau,GNB,-0.104052134,2019-06-16,2019,6,0.1307684,-0.18253794,-0.433097
Guyana,GUY,-0.19934326,2019-06-16,2019,6,-0.84803164,-1.5128418,-1.3501827
Haiti,HTI,0.07488067,2019-06-16,2019,6,0.82162696,-1.1967894,-1.3521142
Honduras,HND,-1.2305506,2019-06-16,2019,6,-0.6077969,-0.49519002,-0.39124647
Hungary,HUN,0.15729316,2019-06-16,2019,6,0.3265254,-1.8404639,-1.5986915
Iceland,ISL,-1.3856928,2019-06-16,2019,6,-0.21888337,0.5201673,0.9568302
India,IND,-0.63216007,2019-06-16,2019,6,-0.49171236,-0.24271579,-0.039683968
Indonesia,IDN,0.056081302,2019-06-16,2019,6,-0.4620285,-0.3864542,-0.4389686
Iran,IRN,0.5272683,2019-06-16,2019,6,1.2445346,1.277201,0.7797846
Iraq,IRQ,-0.56034553,2019-06-16,2019,6,0.6074119,0.8592354,0.22494309
Ireland,IRL,0.16460636,2019-06-16,2019,6,0.7560346,1.0144067,0.04194855
Israel,ISR,-0.324713,2019-06-16,2019,6,0.16165261,1.0140634,0.72451866
Italy,ITA,0.088321775,2019-06-16,2019,6,0.25855318,-1.2212169,-1.1487827
Ivory Coast,CIV,-0.14024815,2019-06-16,2019,6,-0.18613172,-0.025284842,-0.14479698
Jamaica,JAM,-0.10883959,2019-06-16,2019,6,0.5241133,0.4131349,-0.06444986
Japan,JPN,-1.1642962,2019-06-16,2019,6,-1.6127573,-1.2110718,-1.4229342
Jordan,JOR,-0.6256859,2019-06-16,2019,6,-0.04902092,1.0642065,1.0299802
Kazakhstan,KAZ,-0.46202093,2019-06-16,2019,6,-0.8097599,-0.42945752,-0.7536264
Kenya,KEN,0.16704449,2019-06-16,2019,6,0.41762906,0.55996144,0.9780663
Kiribati,KIR,,2019-06-16,2019,6,,,
Kosovo,-99,1.2300084,2019-06-16,2019,6,-0.6189857,0.10075481,-0.11075283
Kuwait,KWT,-0.84509563,2019-06-16,2019,6,0.19276887,0.10588521,-0.7300821
Kyrgyzstan,KGZ,0.31188133,2019-06-16,2019,6,-0.12165744,0.6826799,-0.5034579
Laos,LAO,-1.250576,2019-06-16,2019,6,-1.1484251,-1.0256128,-0.3104166
Latvia,LVA,-1.9934272,2019-06-16,2019,6,-0.9725931,-1.6959068,1.0848883
Lebanon,LBN,-0.23012392,2019-06-16,2019,6,0.6797156,1.1517702,1.2495143
Lesotho,LSO,1.2084283,2019-06-16,2019,6,0.6045332,0.83126956,-0.5929006
Liberia,LBR,-0.02910684,2019-06-16,2019,6,-0.102466784,-0.04113333,-0.1633273
Libya,LBY,-0.5725206,2019-06-16,2019,6,0.06674164,0.38496068,0.28246558
Lithuania,LTU,-2.1405485,2019-06-16,2019,6,-1.3005577,-2.0452268,0.29911274
Luxembourg,LUX,-0.9776482,2019-06-16,2019,6,0.044913866,-0.5583329,0.018899245
Madagascar,MDG,0.11652515,2019-06-16,2019,6,0.5912939,0.33826625,0.27526978
Malawi,MWI,0.0837366,2019-06-16,2019,6,1.086643,1.324824,1.3802443
Malaysia,MYS,0.09626964,2019-06-16,2019,6,-1.2126362,-1.3769717,-1.2588993
Mali,MLI,-0.0425264,2019-06-16,2019,6,0.09427881,0.17655404,-0.034489404
Mauritania,MRT,-0.29705167,2019-06-16,2019,6,-0.23810276,-0.113098584,-0.21682292
Mauritius,MUS,0.44724163,2019-06-16,2019,6,-1.3682191,-1.784072,-0.5717622
Mexico,MEX,-0.56580347,2019-06-16,2019,6,-0.42226505,-0.5538309,-0.23289314
Moldova,MDA,-0.53651345,2019-06-16,2019,6,-0.80704314,-1.599718,-1.0045575
Mongolia,MNG,-0.97591203,2019-06-16,2019,6,-1.4892505,-1.6666334,-1.357212
Montenegro,MNE,1.6588049,2019-06-16,2019,6,0.8423229,-1.4832503,-1.0234196
Morocco,MAR,-1.0405376,2019-06-16,2019,6,-1.1905854,-1.1882982,-1.4043089
Mozambique,MOZ,0.49816802,2019-06-16,2019,6,0.75695604,0.61086756,0.4609419
Myanmar,MMR,-1.5305035,2019-06-16,2019,6,-1.3397493,-0.8862015,0.20066267
Namibia,NAM,-0.33326244,2019-06-16,2019,6,-0.22526267,-0.12586293,-0.124262266
Nepal,NPL,-0.2620171,2019-06-16,2019,6,0.102908775,0.92106897,0.77887774
Netherlands,NLD,-1.0329374,2019-06-16,2019,6,-0.1951815,-0.50858897,0.3848436
New Caledonia,NCL,-0.45607188,2019-06-16,2019,6,-0.91608053,0.3877841,-0.35668468
New Zealand,NZL,0.55752933,2019-06-16,2019,6,1.1480132,0.72270685,-0.2718719
Nicaragua,NIC,-0.58576757,2019-06-16,2019,6,0.13642173,-0.84660345,-0.9117751
Niger,NER,0.122744545,2019-06-16,2019,6,0.014046897,-0.023008352,-0.27368075
Nigeria,NGA,0.0023136025,2019-06-16,2019,6,-0.56340796,-0.5347143,-0.37537774
North Korea,PRK,-1.3229753,2019-06-16,2019,6,-1.9584236,-1.6710972,-1.870666
North Macedonia,MKD,0.57586634,2019-06-16,2019,6,-0.3803009,-1.56419,-1.1573206
Northern Cyprus,-99,0.19261014,2019-06-16,2019,6,1.2300084,-0.6189857,0.10075481
Norway,-99,-0.065700606,2019-06-16,2019,6,0.19261014,1.2300084,-0.6189857
Oman,OMN,-1.0702326,2019-06-16,2019,6,-0.7314788,-0.5906896,-1.192142
Pakistan,PAK,0.36231604,2019-06-16,2019,6,1.0781782,1.2421991,1.1450487
Palestine,PSE,-0.297315,2019-06-16,2019,6,0.34240565,0.9864387,0.7713537
Panama,PAN,0.5874404,2019-06-16,2019,6,0.44706646,-0.4588743,-0.6725188
Papua New Guinea,PNG,0.12391931,2019-06-16,2019,6,0.2672351,0.15693828,0.24022289
Paraguay,PRY,0.6533834,2019-06-16,2019,6,1.8607128,1.3169261,0.5913198
Peru,PER,0.21708563,2019-06-16,2019,6,0.062347464,0.017697928,0.18557903
Philippines,PHL,-0.38492748,2019-06-16,2019,6,-0.40083662,-0.8868007,-0.8374859
Poland,POL,-1.3363631,2019-06-16,2019,6,-0.4377371,-1.9434049,-0.5131874
Portugal,PRT,-1.1324677,2019-06-16,2019,6,-1.5803558,-1.4207039,-1.6203494
Puerto Rico,PRI,-0.9082033,2019-06-16,2019,6,-0.7594187,-0.39084005,-0.6742499
Qatar,QAT,-0.32159084,2019-06-16,2019,6,1.906535,1.8541485,1.2948674
Republic of Serbia,SRB,1.2312655,2019-06-16,2019,6,0.69439095,-1.5906447,-1.4625406
Republic of the Congo,COG,0.03076581,2019-06-16,2019,6,-0.24376935,-0.21439411,-0.39973325
Romania,ROU,0.32577482,2019-06-16,2019,6,0.40285033,-1.4494097,-1.0944289
Russia,RUS,-0.6649747,2019-06-16,2019,6,-0.37251395,-0.1459789,0.21387047
Rwanda,RWA,-0.8037655,2019-06-16,2019,6,-1.9160877,-2.9745266,-1.9202694
Saint Vincent and the Grenadines,VCT,-1.2940999,2019-06-16,2019,6,-1.1594462,-1.3446182,-1.8145012
Samoa,WSM,0.19035242,2019-06-16,2019,6,0.36671746,1.0136188,0.6315718
Saudi Arabia,SAU,-0.6206828,2019-06-16,2019,6,0.058919206,0.25792086,0.4133262
Senegal,SEN,-0.05447709,2019-06-16,2019,6,0.1845994,0.09004161,-0.15659201
Siachen Glacier,-99,1.1733614,2019-06-16,2019,6,-0.065700606,0.19261014,1.2300084
Sierra Leone,SLE,-0.06226546,2019-06-16,2019,6,0.01341145,0.008615388,-0.06540632
Slovakia,SVK,-0.38181138,2019-06-16,2019,6,0.31643778,-1.7881604,-1.2579615
Slovenia,SVN,0.78152746,2019-06-16,2019,6,1.1385081,-0.68840265,-1.0160362
Solomon Islands,SLB,0.034936644,2019-06-16,2019,6,0.002725708,-0.00087223406,0.03714139
Somalia,SOM,-0.22900757,2019-06-16,2019,6,-0.22252019,-0.4720305,-0.6616624
Somaliland,-99,0.21115325,2019-06-16,2019,6,1.1733614,-0.065700606,0.19261014
South Africa,ZAF,-0.58506596,2019-06-16,2019,6,-0.7009334,-0.50793475,-1.0118772
South Georgia and the Islands,SGS,0.08366314,2019-06-16,2019,6,0.16891283,-0.5185107,-0.3491294
South Korea,KOR,-1.0161312,2019-06-16,2019,6,-1.6717342,-0.8908161,-1.3795905
South Sudan,SSD,0.019169655,2019-06-16,2019,6,-0.3171265,-0.4228242,-0.74655014
Spain,ESP,-1.246883,2019-06-16,2019,6,-1.3862104,-1.3364875,-1.881451
Sri Lanka,LKA,-1.5001987,2019-06-16,2019,6,-1.8628701,-0.3300726,-0.65940374
Sudan,SDN,-0.3373035,2019-06-16,2019,6,-0.64442337,-0.58497494,-0.876637
Suriname,SUR,-0.47580895,2019-06-16,2019,6,-0.8761246,-1.4166504,-1.6227682
Sweden,SWE,-0.058385216,2019-06-16,2019,6,0.4437344,0.20240115,1.1972731
Switzerland,CHE,-0.3244454,2019-06-16,2019,6,0.27148885,-0.98995477,-0.54945123
Syria,SYR,-0.0906269,2019-06-16,2019,6,0.7625949,1.3470592,1.0282696
Taiwan,TWN,0.10148464,2019-06-16,2019,6,0.35725367,0.21977392,0.11541506
Tajikistan,TJK,1.4141177,2019-06-16,2019,6,0.5784267,0.6396139,-0.31931865
Thailand,THA,-1.1418093,2019-06-16,2019,6,-1.2075586,-1.3380516,-0.35465062
The Bahamas,BHS,0.2037638,2019-06-16,2019,6,0.22412151,-0.067853875,0.33836165
Togo,TGO,-0.07873485,2019-06-16,2019,6,-0.11589249,-0.1374068,-0.47104067
Trinidad and Tobago,TTO,-1.1838872,2019-06-16,2019,6,-0.977528,-0.2565789,-1.3468213
Tunisia,TUN,-0.7233723,2019-06-16,2019,6,0.5676849,0.34563363,0.402025
Turkey,TUR,0.3430403,2019-06-16,2019,6,-0.24139829,0.1369722,0.20799471
Turkmenistan,TKM,0.6073138,2019-06-16,2019,6,0.8384344,1.4648619,0.5823409
Uganda,UGA,0.17707996,2019-06-16,2019,6,0.12767446,0.11748196,0.6231801
Ukraine,UKR,-0.6352065,2019-06-16,2019,6,-0.294584,-1.6852638,-0.83192086
United Arab Emirates,ARE,-0.4462964,2019-06-16,2019,6,0.58089715,0.7970002,0.4909988
United Kingdom,GBR,0.3720433,2019-06-16,2019,6,0.09297968,-0.18901628,-0.63381034
United Republic of Tanzania,TZA,0.6910505,2019-06-16,2019,6,0.52580297,-0.010629939,-0.14335771
United States Virgin Islands,VIR,-1.2023846,2019-06-16,2019,6,-1.0579804,-0.5176307,-0.88199407
United States of America,USA,0.43751407,2019-06-16,2019,6,0.7364165,0.8239999,0.82962084
Uruguay,URY,0.7364236,2019-06-16,2019,6,0.09775699,-0.65546745,0.97007674
Uzbekistan,UZB,0.045052223,2019-06-16,2019,6,-0.026223928,0.4508373,-0.18761468
Vanuatu,VUT,0.07585614,2019-06-16,2019,6,0.008577898,0.027518546,0.08408911
Venezuela,VEN,-0.01752383,2019-06-16,2019,6,-0.33753383,-0.46414462,-0.61151236
Vietnam,VNM,-0.83882326,2019-06-16,2019,6,-0.36875987,-0.1376876,0.23435311
Western Sahara,ESH,-1.1291717,2019-06-16,2019,6,-1.2230504,-0.78524417,-0.685942
Yemen,YEM,-0.41417015,2019-06-16,2019,6,-0.21132177,-0.41787204,-0.5689314
Zambia,ZMB,0.3324576,2019-06-16,2019,6,0.1700552,0.13193083,0.064616434
Zimbabwe,ZWE,0.0013963272,2019-06-16,2019,6,0.22818093,0.10388845,0.19868824
eSwatini,SWZ,-1.1406715,2019-06-16,2019,6,-0.2999305,0.3892866,-0.10614137
Afghanistan,AFG,-0.41057253,2019-07-16,2019,7,0.76488924,0.903288,1.1403052
Aland,ALA,-0.5380595,2019-07-16,2019,7,-1.5549352,-0.4103405,-0.62008643
Albania,ALB,1.2491119,2019-07-16,2019,7,1.1068038,0.2931752,-1.2396582
Algeria,DZA,-1.083365,2019-07-16,2019,7,-1.1169595,-0.7388746,-0.49394283
Angola,AGO,-0.08654367,2019-07-16,2019,7,0.13126524,0.11706918,0.093374446
Antarctica,ATA,,2019-07-16,2019,7,,,
Argentina,ARG,0.20455673,2019-07-16,2019,7,0.23479155,0.3334605,-0.19251855
Armenia,ARM,-1.6945583,2019-07-16,2019,7,-1.1948647,-0.09610747,0.8288189
Australia,AUS,-0.6803636,2019-07-16,2019,7,-0.42287087,-0.46610346,-0.7102595
Austria,AUT,-0.0014595649,2019-07-16,2019,7,-0.13673091,0.90199846,-1.3368754
Azerbaijan,AZE,-1.8059797,2019-07-16,2019,7,-1.2500118,-0.28148362,0.49205315
Bangladesh,BGD,-1.1324,2019-07-16,2019,7,-1.3119745,0.014514138,1.0980076
Belarus,BLR,-0.37246016,2019-07-16,2019,7,-1.7484145,-1.1599407,-2.2732158
Belgium,BEL,-1.029892,2019-07-16,2019,7,-1.0032673,-0.26380697,-0.5803948
Belize,BLZ,-1.9729513,2019-07-16,2019,7,-0.61440927,-0.41169262,0.2445876
Benin,BEN,0.27493635,2019-07-16,2019,7,-0.036636703,-0.13514158,-0.11917389
Bhutan,BTN,-0.37605545,2019-07-16,2019,7,-1.1361831,0.12342659,0.42338437
Bolivia,BOL,-0.68260556,2019-07-16,2019,7,-1.0440158,-0.52495617,-0.595699
Bosnia and Herzegovina,BIH,1.6100751,2019-07-16,2019,7,1.3138211,1.1022447,-1.2567276
Botswana,BWA,-1.8765881,2019-07-16,2019,7,-0.27854574,-0.3920546,-0.28774974
Brazil,BRA,-0.2301173,2019-07-16,2019,7,0.02880949,0.15938053,-0.018939193
Brunei,BRN,-0.35838154,2019-07-16,2019,7,-0.2670861,-1.564087,-1.3997929
Bulgaria,BGR,-0.2465117,2019-07-16,2019,7,0.071790695,-0.5681485,-1.1252776
Burkina Faso,BFA,-0.07744583,2019-07-16,2019,7,-0.27052373,-0.08536396,0.08057756
Burundi,BDI,0.14867663,2019-07-16,2019,7,-1.1911416,-2.0309825,-2.8133492
Cabo Verde,CPV,1.8378015,2019-07-16,2019,7,0.27106884,0.37930438,0.30310446
Cambodia,KHM,-0.6328827,2019-07-16,2019,7,-0.5119546,-0.40130287,-0.19808765
Cameroon,CMR,0.12240683,2019-07-16,2019,7,-0.021880712,-0.17429166,-0.17546996
Canada,CAN,-0.09660549,2019-07-16,2019,7,-0.14576906,-0.48840302,-0.20842145
Cayman Islands,CYM,,2019-07-16,2019,7,,,
Central African Republic,CAF,0.17073834,2019-07-16,2019,7,-0.06345743,-0.36218402,-0.3556529
Chad,TCD,-0.13493146,2019-07-16,2019,7,-0.38518634,-0.52468026,-0.88440424
Chile,CHL,-0.32518724,2019-07-16,2019,7,-0.25469208,-0.046162177,-0.1007794
China,CHN,0.10194406,2019-07-16,2019,7,-0.15891193,-0.56686944,-0.753716
Colombia,COL,-0.53189266,2019-07-16,2019,7,-0.22693048,0.008682205,-0.3917174
Comoros,COM,-0.083649404,2019-07-16,2019,7,1.5814356,1.141891,0.009760522
Costa Rica,CRI,1.149291,2019-07-16,2019,7,1.3124231,1.1053927,0.3622593
Croatia,HRV,1.1057045,2019-07-16,2019,7,1.0544027,1.0259206,-1.1425192
Cuba,CUB,-0.47022164,2019-07-16,2019,7,-0.5933052,0.048941858,0.0536824
Cyprus,CYP,-0.43816876,2019-07-16,2019,7,0.08166964,0.5078801,0.82427853
Czechia,CZE,-0.82201684,2019-07-16,2019,7,-0.9014536,0.033066522,-1.8572505
Democratic Republic of the Congo,COD,0.15211312,2019-07-16,2019,7,0.08112283,-0.079665415,-0.14715447
Denmark,DNK,-0.33067706,2019-07-16,2019,7,-1.0493944,0.36469004,-0.33583838
Djibouti,DJI,0.14093716,2019-07-16,2019,7,0.38610324,0.021846816,-0.1807503
Dominican Republic,DOM,-0.8417629,2019-07-16,2019,7,-0.8937149,-0.04776545,-0.36661
East Timor,TLS,-0.3325157,2019-07-16,2019,7,-0.9053225,-1.6370245,-1.9887096
Ecuador,ECU,0.70776635,2019-07-16,2019,7,0.35615185,0.8247212,0.21522468
Egypt,EGY,-1.734059,2019-07-16,2019,7,-1.0481324,-0.2759986,0.12763377
El Salvador,SLV,-1.115834,2019-07-16,2019,7,-1.0455357,-0.39183918,-0.6888695
Equatorial Guinea,GNQ,-0.05889735,2019-07-16,2019,7,0.07715373,0.4393447,0.42445076
Eritrea,ERI,-0.11250553,2019-07-16,2019,7,-0.09468653,-0.5958621,-0.7627932
Estonia,EST,-0.42681828,2019-07-16,2019,7,-1.6724081,-0.29241166,-1.0085584
Ethiopia,ETH,0.41315892,2019-07-16,2019,7,0.79414976,0.23437102,0.036303457
Falkland Islands,FLK,-0.6440854,2019-07-16,2019,7,-0.39400333,-0.08043559,0.43515304
Faroe Islands,FRO,-0.18539295,2019-07-16,2019,7,-0.6979969,-0.33720964,-0.102332
Fiji,FJI,-0.983181,2019-07-16,2019,7,0.63168865,0.39881226,-0.03152899
Finland,FIN,0.09409899,2019-07-16,2019,7,-0.24113548,0.6636586,0.3824153
France,-99,-1.0498464,2019-07-16,2019,7,0.21115325,1.1733614,-0.065700606
French Polynesia,PYF,-0.8060001,2019-07-16,2019,7,-0.4380031,-0.25401178,0.053491082
French Southern and Antarctic Lands,ATF,1.1376005,2019-07-16,2019,7,0.64569527,1.1110919,1.5130484
Gabon,GAB,0.10966009,2019-07-16,2019,7,0.049459815,0.19161645,0.21857564
Gambia,GMB,-1.3741615,2019-07-16,2019,7,-0.059370585,0.07632227,-0.0046028197
Georgia,GEO,-1.2580613,2019-07-16,2019,7,-1.1797348,-0.46212167,0.2265504
Germany,DEU,-1.0875647,2019-07-16,2019,7,-1.2689617,-0.31831524,-1.3457615
Ghana,GHA,0.63787603,2019-07-16,2019,7,-0.09451566,-0.05858512,-0.01939842
Greece,GRC,0.18162338,2019-07-16,2019,7,0.66179925,-0.49155608,-0.67198735
Greenland,GRL,-0.90835357,2019-07-16,2019,7,-0.6358847,-0.052129295,0.119246714
Guatemala,GTM,-1.1697677,2019-07-16,2019,7,-0.2078168,0.108636096,-1.0084139
Guinea,GIN,-0.35262394,2019-07-16,2019,7,-0.09168282,0.2472579,0.40669027
Guinea-Bissau,GNB,-0.99485373,2019-07-16,2019,7,-0.104052134,0.1307684,-0.18253794
Guyana,GUY,0.7638961,2019-07-16,2019,7,-0.19934326,-0.84803164,-1.5128418
Haiti,HTI,0.75362766,2019-07-16,2019,7,0.07488067,0.82162696,-1.1967894
Honduras,HND,-1.4237337,2019-07-16,2019,7,-1.2305506,-0.6077969,-0.49519002
Hungary,HUN,0.16903655,2019-07-16,2019,7,0.15729316,0.3265254,-1.8404639
Iceland,ISL,-0.54708165,2019-07-16,2019,7,-1.3856928,-0.21888337,0.5201673
India,IND,-0.15839352,2019-07-16,2019,7,-0.63216007,-0.49171236,-0.24271579
Indonesia,IDN,-0.1386789,2019-07-16,2019,7,0.056081302,-0.4620285,-0.3864542
Iran,IRN,-0.6740706,2019-07-16,2019,7,0.5272683,1.2445346,1.277201
Iraq,IRQ,-1.7863237,2019-07-16,2019,7,-0.56034553,0.6074119,0.8592354
Ireland,IRL,-0.57275206,2019-07-16,2019,7,0.16460636,0.7560346,1.0144067
Israel,ISR,-1.1380317,2019-07-16,2019,7,-0.324713,0.16165261,1.0140634
Italy,ITA,0.33893692,2019-07-16,2019,7,0.088321775,0.25855318,-1.2212169
Ivory Coast,CIV,0.389785,2019-07-16,2019,7,-0.14024815,-0.18613172,-0.025284842
Jamaica,JAM,-0.4772011,2019-07-16,2019,7,-0.10883959,0.5241133,0.4131349
Japan,JPN,-0.5334673,2019-07-16,2019,7,-1.1642962,-1.6127573,-1.2110718
Jordan,JOR,-1.3607427,2019-07-16,2019,7,-0.6256859,-0.04902092,1.0642065
Kazakhstan,KAZ,-1.1260092,2019-07-16,2019,7,-0.46202093,-0.8097599,-0.42945752
Kenya,KEN,0.2606779,2019-07-16,2019,7,0.16704449,0.41762906,0.55996144
Kiribati,KIR,,2019-07-16,2019,7,,,
Kosovo,-99,1.4353589,2019-07-16,2019,7,-1.0498464,0.21115325,1.1733614
Kuwait,KWT,-1.7504654,2019-07-16,2019,7,-0.84509563,0.19276887,0.10588521
Kyrgyzstan,KGZ,-0.87383854,2019-07-16,2019,7,0.31188133,-0.12165744,0.6826799
Laos,LAO,-1.288466,2019-07-16,2019,7,-1.250576,-1.1484251,-1.0256128
Latvia,LVA,-0.6621955,2019-07-16,2019,7,-1.9934272,-0.9725931,-1.6959068
Lebanon,LBN,-1.1147158,2019-07-16,2019,7,-0.23012392,0.6797156,1.1517702
Lesotho,LSO,-1.0010269,2019-07-16,2019,7,1.2084283,0.6045332,0.83126956
Liberia,LBR,-0.010272232,2019-07-16,2019,7,-0.02910684,-0.102466784,-0.04113333
Libya,LBY,-1.1304992,2019-07-16,2019,7,-0.5725206,0.06674164,0.38496068
Lithuania,LTU,-0.89597243,2019-07-16,2019,7,-2.1405485,-1.3005577,-2.0452268
Luxembourg,LUX,-1.3113983,2019-07-16,2019,7,-0.9776482,0.044913866,-0.5583329
Madagascar,MDG,-0.49633336,2019-07-16,2019,7,0.11652515,0.5912939,0.33826625
Malawi,MWI,-0.4643289,2019-07-16,2019,7,0.0837366,1.086643,1.324824
Malaysia,MYS,0.076783486,2019-07-16,2019,7,0.09626964,-1.2126362,-1.3769717
Mali,MLI,-0.33565044,2019-07-16,2019,7,-0.0425264,0.09427881,0.17655404
Mauritania,MRT,-0.7388101,2019-07-16,2019,7,-0.29705167,-0.23810276,-0.113098584
Mauritius,MUS,-0.6840867,2019-07-16,2019,7,0.44724163,-1.3682191,-1.784072
Mexico,MEX,-0.85764277,2019-07-16,2019,7,-0.56580347,-0.42226505,-0.5538309
Moldova,MDA,-0.6703641,2019-07-16,2019,7,-0.53651345,-0.80704314,-1.599718
Mongolia,MNG,-0.45710772,2019-07-16,2019,7,-0.97591203,-1.4892505,-1.6666334
Montenegro,MNE,2.1100035,2019-07-16,2019,7,1.6588049,0.8423229,-1.4832503
Morocco,MAR,-1.0716492,2019-07-16,2019,7,-1.0405376,-1.1905854,-1.1882982
Mozambique,MOZ,-0.60310113,2019-07-16,2019,7,0.49816802,0.75695604,0.61086756
Myanmar,MMR,-1.5620617,2019-07-16,2019,7,-1.5305035,-1.3397493,-0.8862015
Namibia,NAM,-0.7144937,2019-07-16,2019,7,-0.33326244,-0.22526267,-0.12586293
Nepal,NPL,0.06430791,2019-07-16,2019,7,-0.2620171,0.102908775,0.92106897
Netherlands,NLD,-0.9966446,2019-07-16,2019,7,-1.0329374,-0.1951815,-0.50858897
New Caledonia,NCL,-1.3495569,2019-07-16,2019,7,-0.45607188,-0.91608053,0.3877841
New Zealand,NZL,0.8143849,2019-07-16,2019,7,0.55752933,1.1480132,0.72270685
Nicaragua,NIC,-0.856058,2019-07-16,2019,7,-0.58576757,0.13642173,-0.84660345
Niger,NER,-0.007119238,2019-07-16,2019,7,0.122744545,0.014046897,-0.023008352
Nigeria,NGA,0.24182262,2019-07-16,2019,7,0.0023136025,-0.56340796,-0.5347143
North Korea,PRK,-1.26272,2019-07-16,2019,7,-1.3229753,-1.9584236,-1.6710972
North Macedonia,MKD,0.6606696,2019-07-16,2019,7,0.57586634,-0.3803009,-1.56419
Northern Cyprus,-99,-0.33533475,2019-07-16,2019,7,1.4353589,-1.0498464,0.21115325
Norway,-99,0.13659176,2019-07-16,2019,7,-0.33533475,1.4353589,-1.0498464
Oman,OMN,-1.4278634,2019-07-16,2019,7,-1.0702326,-0.7314788,-0.5906896
Pakistan,PAK,0.1323682,2019-07-16,2019,7,0.36231604,1.0781782,1.2421991
Palestine,PSE,-1.1668744,2019-07-16,2019,7,-0.297315,0.34240565,0.9864387
Panama,PAN,0.5506644,2019-07-16,2019,7,0.5874404,0.44706646,-0.4588743
Papua New Guinea,PNG,0.2048516,2019-07-16,2019,7,0.12391931,0.2672351,0.15693828
Paraguay,PRY,0.47171962,2019-07-16,2019,7,0.6533834,1.8607128,1.3169261
Peru,PER,0.33288506,2019-07-16,2019,7,0.21708563,0.062347464,0.017697928
Philippines,PHL,-0.15020183,2019-07-16,2019,7,-0.38492748,-0.40083662,-0.8868007
Poland,POL,-0.91870826,2019-07-16,2019,7,-1.3363631,-0.4377371,-1.9434049
Portugal,PRT,-1.5940225,2019-07-16,2019,7,-1.1324677,-1.5803558,-1.4207039
Puerto Rico,PRI,-0.38707235,2019-07-16,2019,7,-0.9082033,-0.7594187,-0.39084005
Qatar,QAT,-1.853872,2019-07-16,2019,7,-0.32159084,1.906535,1.8541485
Republic of Serbia,SRB,1.1738673,2019-07-16,2019,7,1.2312655,0.69439095,-1.5906447
Republic of the Congo,COG,0.406061,2019-07-16,2019,7,0.03076581,-0.24376935,-0.21439411
Romania,ROU,-0.055463236,2019-07-16,2019,7,0.32577482,0.40285033,-1.4494097
Russia,RUS,-0.37478477,2019-07-16,2019,7,-0.6649747,-0.37251395,-0.1459789
Rwanda,RWA,0.49194235,2019-07-16,2019,7,-0.8037655,-1.9160877,-2.9745266
Saint Vincent and the Grenadines,VCT,-1.327984,2019-07-16,2019,7,-1.2940999,-1.1594462,-1.3446182
Samoa,WSM,1.5882692,2019-07-16,2019,7,0.19035242,0.36671746,1.0136188
Saudi Arabia,SAU,-1.1120704,2019-07-16,2019,7,-0.6206828,0.058919206,0.25792086
Senegal,SEN,-1.304878,2019-07-16,2019,7,-0.05447709,0.1845994,0.09004161
Siachen Glacier,-99,1.1892606,2019-07-16,2019,7,0.13659176,-0.33533475,1.4353589
Sierra Leone,SLE,-0.79074216,2019-07-16,2019,7,-0.06226546,0.01341145,0.008615388
Slovakia,SVK,-0.28021514,2019-07-16,2019,7,-0.38181138,0.31643778,-1.7881604
Slovenia,SVN,0.58752507,2019-07-16,2019,7,0.78152746,1.1385081,-0.68840265
Solomon Islands,SLB,0.055094816,2019-07-16,2019,7,0.034936644,0.002725708,-0.00087223406
Somalia,SOM,-0.08200464,2019-07-16,2019,7,-0.22900757,-0.22252019,-0.4720305
Somaliland,-99,-0.14464152,2019-07-16,2019,7,1.1892606,0.13659176,-0.33533475
South Africa,ZAF,-1.6834229,2019-07-16,2019,7,-0.58506596,-0.7009334,-0.50793475
South Georgia and the Islands,SGS,0.37889126,2019-07-16,2019,7,0.08366314,0.16891283,-0.5185107
South Korea,KOR,-0.710145,2019-07-16,2019,7,-1.0161312,-1.6717342,-0.8908161
South Sudan,SSD,0.18751374,2019-07-16,2019,7,0.019169655,-0.3171265,-0.4228242
Spain,ESP,-1.7178311,2019-07-16,2019,7,-1.246883,-1.3862104,-1.3364875
Sri Lanka,LKA,-1.3266382,2019-07-16,2019,7,-1.5001987,-1.8628701,-0.3300726
Sudan,SDN,-0.6786829,2019-07-16,2019,7,-0.3373035,-0.64442337,-0.58497494
Suriname,SUR,-0.20578752,2019-07-16,2019,7,-0.47580895,-0.8761246,-1.4166504
Sweden,SWE,0.0041821944,2019-07-16,2019,7,-0.058385216,0.4437344,0.20240115
Switzerland,CHE,-0.4831326,2019-07-16,2019,7,-0.3244454,0.27148885,-0.98995477
Syria,SYR,-1.4762968,2019-07-16,2019,7,-0.0906269,0.7625949,1.3470592
Taiwan,TWN,0.3265503,2019-07-16,2019,7,0.10148464,0.35725367,0.21977392
Tajikistan,TJK,-0.18872476,2019-07-16,2019,7,1.4141177,0.5784267,0.6396139
Thailand,THA,-1.2402471,2019-07-16,2019,7,-1.1418093,-1.2075586,-1.3380516
The Bahamas,BHS,0.9974313,2019-07-16,2019,7,0.2037638,0.22412151,-0.067853875
Togo,TGO,0.39548016,2019-07-16,2019,7,-0.07873485,-0.11589249,-0.1374068
Trinidad and Tobago,TTO,-1.787041,2019-07-16,2019,7,-1.1838872,-0.977528,-0.2565789
Tunisia,TUN,-1.2345719,2019-07-16,2019,7,-0.7233723,0.5676849,0.34563363
Turkey,TUR,-0.0632378,2019-07-16,2019,7,0.3430403,-0.24139829,0.1369722
Turkmenistan,TKM,-1.09522,2019-07-16,2019,7,0.6073138,0.8384344,1.4648619
Uganda,UGA,0.6463509,2019-07-16,2019,7,0.17707996,0.12767446,0.11748196
Ukraine,UKR,-0.43443826,2019-07-16,2019,7,-0.6352065,-0.294584,-1.6852638
United Arab Emirates,ARE,-1.2415932,2019-07-16,2019,7,-0.4462964,0.58089715,0.7970002
United Kingdom,GBR,0.5086363,2019-07-16,2019,7,0.3720433,0.09297968,-0.18901628
United Republic of Tanzania,TZA,0.8484521,2019-07-16,2019,7,0.6910505,0.52580297,-0.010629939
United States Virgin Islands,VIR,-0.15833288,2019-07-16,2019,7,-1.2023846,-1.0579804,-0.5176307
United States of America,USA,0.32308316,2019-07-16,2019,7,0.43751407,0.7364165,0.8239999
Uruguay,URY,0.90677977,2019-07-16,2019,7,0.7364236,0.09775699,-0.65546745
Uzbekistan,UZB,-1.2612383,2019-07-16,2019,7,0.045052223,-0.026223928,0.4508373
Vanuatu,VUT,0.044496913,2019-07-16,2019,7,0.07585614,0.008577898,0.027518546
Venezuela,VEN,-0.08777547,2019-07-16,2019,7,-0.01752383,-0.33753383,-0.46414462
Vietnam,VNM,-0.7163486,2019-07-16,2019,7,-0.83882326,-0.36875987,-0.1376876
Western Sahara,ESH,-1.0159905,2019-07-16,2019,7,-1.1291717,-1.2230504,-0.78524417
Yemen,YEM,-0.5984464,2019-07-16,2019,7,-0.41417015,-0.21132177,-0.41787204
Zambia,ZMB,-0.578568,2019-07-16,2019,7,0.3324576,0.1700552,0.13193083
Zimbabwe,ZWE,-1.1725394,2019-07-16,2019,7,0.0013963272,0.22818093,0.10388845
eSwatini,SWZ,-2.2526329,2019-07-16,2019,7,-1.1406715,-0.2999305,0.3892866
Afghanistan,AFG,-0.60044515,2019-08-16,2019,8,-0.41057253,0.76488924,0.903288
Aland,ALA,-1.0250193,2019-08-16,2019,8,-0.5380595,-1.5549352,-0.4103405
Albania,ALB,-0.24372227,2019-08-16,2019,8,1.2491119,1.1068038,0.2931752
Algeria,DZA,-0.6394391,2019-08-16,2019,8,-1.083365,-1.1169595,-0.7388746
Angola,AGO,-0.5726644,2019-08-16,2019,8,-0.08654367,0.13126524,0.11706918
Antarctica,ATA,,2019-08-16,2019,8,,,
Argentina,ARG,-0.4717549,2019-08-16,2019,8,0.20455673,0.23479155,0.3334605
Armenia,ARM,-1.8325088,2019-08-16,2019,8,-1.6945583,-1.1948647,-0.09610747
Australia,AUS,-0.6982558,2019-08-16,2019,8,-0.6803636,-0.42287087,-0.46610346
Austria,AUT,-1.5049149,2019-08-16,2019,8,-0.0014595649,-0.13673091,0.90199846
Azerbaijan,AZE,-1.6961689,2019-08-16,2019,8,-1.8059797,-1.2500118,-0.28148362
Bangladesh,BGD,-1.4347694,2019-08-16,2019,8,-1.1324,-1.3119745,0.014514138
Belarus,BLR,-0.9100485,2019-08-16,2019,8,-0.37246016,-1.7484145,-1.1599407
Belgium,BEL,-1.4302307,2019-08-16,2019,8,-1.029892,-1.0032673,-0.26380697
Belize,BLZ,-2.1007206,2019-08-16,2019,8,-1.9729513,-0.61440927,-0.41169262
Benin,BEN,0.19710141,2019-08-16,2019,8,0.27493635,-0.036636703,-0.13514158
Bhutan,BTN,-1.1110188,2019-08-16,2019,8,-0.37605545,-1.1361831,0.12342659
Bolivia,BOL,-1.1049345,2019-08-16,2019,8,-0.68260556,-1.0440158,-0.52495617
Bosnia and Herzegovina,BIH,-0.2813616,2019-08-16,2019,8,1.6100751,1.3138211,1.1022447
Botswana,BWA,-2.1026802,2019-08-16,2019,8,-1.8765881,-0.27854574,-0.3920546
Brazil,BRA,-0.7633419,2019-08-16,2019,8,-0.2301173,0.02880949,0.15938053
Brunei,BRN,-0.19204587,2019-08-16,2019,8,-0.35838154,-0.2670861,-1.564087
Bulgaria,BGR,-0.68126875,2019-08-16,2019,8,-0.2465117,0.071790695,-0.5681485
Burkina Faso,BFA,0.2743228,2019-08-16,2019,8,-0.07744583,-0.27052373,-0.08536396
Burundi,BDI,-0.48293638,2019-08-16,2019,8,0.14867663,-1.1911416,-2.0309825
Cabo Verde,CPV,0.6913631,2019-08-16,2019,8,1.8378015,0.27106884,0.37930438
Cambodia,KHM,-0.62194866,2019-08-16,2019,8,-0.6328827,-0.5119546,-0.40130287
Cameroon,CMR,0.10850451,2019-08-16,2019,8,0.12240683,-0.021880712,-0.17429166
Canada,CAN,0.13461626,2019-08-16,2019,8,-0.09660549,-0.14576906,-0.48840302
Cayman Islands,CYM,,2019-08-16,2019,8,,,
Central African Republic,CAF,-0.04856427,2019-08-16,2019,8,0.17073834,-0.06345743,-0.36218402
Chad,TCD,0.19969141,2019-08-16,2019,8,-0.13493146,-0.38518634,-0.52468026
Chile,CHL,-0.49346107,2019-08-16,2019,8,-0.32518724,-0.25469208,-0.046162177
China,CHN,0.024035309,2019-08-16,2019,8,0.10194406,-0.15891193,-0.56686944
Colombia,COL,-1.0770541,2019-08-16,2019,8,-0.53189266,-0.22693048,0.008682205
Comoros,COM,-1.6317177,2019-08-16,2019,8,-0.083649404,1.5814356,1.141891
Costa Rica,CRI,0.4603986,2019-08-16,2019,8,1.149291,1.3124231,1.1053927
Croatia,HRV,-0.76293576,2019-08-16,2019,8,1.1057045,1.0544027,1.0259206
Cuba,CUB,-0.37834787,2019-08-16,2019,8,-0.47022164,-0.5933052,0.048941858
Cyprus,CYP,0.4121463,2019-08-16,2019,8,-0.43816876,0.08166964,0.5078801
Czechia,CZE,-1.7880237,2019-08-16,2019,8,-0.82201684,-0.9014536,0.033066522
Democratic Republic of the Congo,COD,-0.10228306,2019-08-16,2019,8,0.15211312,0.08112283,-0.079665415
Denmark,DNK,-0.6594205,2019-08-16,2019,8,-0.33067706,-1.0493944,0.36469004
Djibouti,DJI,0.19814576,2019-08-16,2019,8,0.14093716,0.38610324,0.021846816
Dominican Republic,DOM,-2.7519507,2019-08-16,2019,8,-0.8417629,-0.8937149,-0.04776545
East Timor,TLS,0.11568459,2019-08-16,2019,8,-0.3325157,-0.9053225,-1.6370245
Ecuador,ECU,-0.37075254,2019-08-16,2019,8,0.70776635,0.35615185,0.8247212
Egypt,EGY,-1.7260798,2019-08-16,2019,8,-1.734059,-1.0481324,-0.2759986
El Salvador,SLV,-1.7755473,2019-08-16,2019,8,-1.115834,-1.0455357,-0.39183918
Equatorial Guinea,GNQ,0.09456416,2019-08-16,2019,8,-0.05889735,0.07715373,0.4393447
Eritrea,ERI,0.46197596,2019-08-16,2019,8,-0.11250553,-0.09468653,-0.5958621
Estonia,EST,-0.90385574,2019-08-16,2019,8,-0.42681828,-1.6724081,-0.29241166
Ethiopia,ETH,0.07791491,2019-08-16,2019,8,0.41315892,0.79414976,0.23437102
Falkland Islands,FLK,-0.012127673,2019-08-16,2019,8,-0.6440854,-0.39400333,-0.08043559
Faroe Islands,FRO,-0.18288958,2019-08-16,2019,8,-0.18539295,-0.6979969,-0.33720964
Fiji,FJI,-0.45146644,2019-08-16,2019,8,-0.983181,0.63168865,0.39881226
Finland,FIN,-0.51879054,2019-08-16,2019,8,0.09409899,-0.24113548,0.6636586
France,-99,-1.4098278,2019-08-16,2019,8,-0.14464152,1.1892606,0.13659176
French Polynesia,PYF,-1.476219,2019-08-16,2019,8,-0.8060001,-0.4380031,-0.25401178
French Southern and Antarctic Lands,ATF,1.924056,2019-08-16,2019,8,1.1376005,0.64569527,1.1110919
Gabon,GAB,-0.13825901,2019-08-16,2019,8,0.10966009,0.049459815,0.19161645
Gambia,GMB,-0.948956,2019-08-16,2019,8,-1.3741615,-0.059370585,0.07632227
Georgia,GEO,-1.0553502,2019-08-16,2019,8,-1.2580613,-1.1797348,-0.46212167
Germany,DEU,-1.6088078,2019-08-16,2019,8,-1.0875647,-1.2689617,-0.31831524
Ghana,GHA,0.8725915,2019-08-16,2019,8,0.63787603,-0.09451566,-0.05858512
Greece,GRC,-0.23534687,2019-08-16,2019,8,0.18162338,0.66179925,-0.49155608
Greenland,GRL,-0.9462279,2019-08-16,2019,8,-0.90835357,-0.6358847,-0.052129295
Guatemala,GTM,-1.8159679,2019-08-16,2019,8,-1.1697677,-0.2078168,0.108636096
Guinea,GIN,-0.27773932,2019-08-16,2019,8,-0.35262394,-0.09168282,0.2472579
Guinea-Bissau,GNB,-0.7969011,2019-08-16,2019,8,-0.99485373,-0.104052134,0.1307684
Guyana,GUY,0.8456348,2019-08-16,2019,8,0.7638961,-0.19934326,-0.84803164
Haiti,HTI,-1.8793354,2019-08-16,2019,8,0.75362766,0.07488067,0.82162696
Honduras,HND,-1.9670008,2019-08-16,2019,8,-1.4237337,-1.2305506,-0.6077969
Hungary,HUN,-1.2868502,2019-08-16,2019,8,0.16903655,0.15729316,0.3265254
Iceland,ISL,0.19444011,2019-08-16,2019,8,-0.54708165,-1.3856928,-0.21888337
India,IND,0.1917301,2019-08-16,2019,8,-0.15839352,-0.63216007,-0.49171236
Indonesia,IDN,-0.45167217,2019-08-16,2019,8,-0.1386789,0.056081302,-0.4620285
Iran,IRN,-1.3168564,2019-08-16,2019,8,-0.6740706,0.5272683,1.2445346
Iraq,IRQ,-1.7675103,2019-08-16,2019,8,-1.7863237,-0.56034553,0.6074119
Ireland,IRL,0.55365604,2019-08-16,2019,8,-0.57275206,0.16460636,0.7560346
Israel,ISR,-0.79707074,2019-08-16,2019,8,-1.1380317,-0.324713,0.16165261
Italy,ITA,-1.0816432,2019-08-16,2019,8,0.33893692,0.088321775,0.25855318
Ivory Coast,CIV,0.5565774,2019-08-16,2019,8,0.389785,-0.14024815,-0.18613172
Jamaica,JAM,-0.59366566,2019-08-16,2019,8,-0.4772011,-0.10883959,0.5241133
Japan,JPN,0.49591398,2019-08-16,2019,8,-0.5334673,-1.1642962,-1.6127573
Jordan,JOR,-0.85860604,2019-08-16,2019,8,-1.3607427,-0.6256859,-0.04902092
Kazakhstan,KAZ,-1.0286951,2019-08-16,2019,8,-1.1260092,-0.46202093,-0.8097599
Kenya,KEN,-0.40704653,2019-08-16,2019,8,0.2606779,0.16704449,0.41762906
Kiribati,KIR,,2019-08-16,2019,8,,,
Kosovo,-99,-0.26256132,2019-08-16,2019,8,-1.4098278,-0.14464152,1.1892606
Kuwait,KWT,-1.8705627,2019-08-16,2019,8,-1.7504654,-0.84509563,0.19276887
Kyrgyzstan,KGZ,-0.15284969,2019-08-16,2019,8,-0.87383854,0.31188133,-0.12165744
Laos,LAO,-0.9004896,2019-08-16,2019,8,-1.288466,-1.250576,-1.1484251
Latvia,LVA,-0.99559414,2019-08-16,2019,8,-0.6621955,-1.9934272,-0.9725931
Lebanon,LBN,-0.31613296,2019-08-16,2019,8,-1.1147158,-0.23012392,0.6797156
Lesotho,LSO,-1.4888388,2019-08-16,2019,8,-1.0010269,1.2084283,0.6045332
Liberia,LBR,0.03140389,2019-08-16,2019,8,-0.010272232,-0.02910684,-0.102466784
Libya,LBY,-1.3118514,2019-08-16,2019,8,-1.1304992,-0.5725206,0.06674164
Lithuania,LTU,-1.1400497,2019-08-16,2019,8,-0.89597243,-2.1405485,-1.3005577
Luxembourg,LUX,-1.6311723,2019-08-16,2019,8,-1.3113983,-0.9776482,0.044913866
Madagascar,MDG,-1.181723,2019-08-16,2019,8,-0.49633336,0.11652515,0.5912939
Malawi,MWI,-0.032929324,2019-08-16,2019,8,-0.4643289,0.0837366,1.086643
Malaysia,MYS,-0.4391933,2019-08-16,2019,8,0.076783486,0.09626964,-1.2126362
Mali,MLI,-0.12676258,2019-08-16,2019,8,-0.33565044,-0.0425264,0.09427881
Mauritania,MRT,-0.5294201,2019-08-16,2019,8,-0.7388101,-0.29705167,-0.23810276
Mauritius,MUS,-0.10261109,2019-08-16,2019,8,-0.6840867,0.44724163,-1.3682191
Mexico,MEX,-1.1006781,2019-08-16,2019,8,-0.85764277,-0.56580347,-0.42226505
Moldova,MDA,-1.5449796,2019-08-16,2019,8,-0.6703641,-0.53651345,-0.80704314
Mongolia,MNG,-0.6870012,2019-08-16,2019,8,-0.45710772,-0.97591203,-1.4892505
Montenegro,MNE,0.051785257,2019-08-16,2019,8,2.1100035,1.6588049,0.8423229
Morocco,MAR,-0.6638308,2019-08-16,2019,8,-1.0716492,-1.0405376,-1.1905854
Mozambique,MOZ,-1.2083498,2019-08-16,2019,8,-0.60310113,0.49816802,0.75695604
Myanmar,MMR,-0.8956005,2019-08-16,2019,8,-1.5620617,-1.5305035,-1.3397493
Namibia,NAM,-0.73535186,2019-08-16,2019,8,-0.7144937,-0.33326244,-0.22526267
Nepal,NPL,-0.3866748,2019-08-16,2019,8,0.06430791,-0.2620171,0.102908775
Netherlands,NLD,-1.3326757,2019-08-16,2019,8,-0.9966446,-1.0329374,-0.1951815
New Caledonia,NCL,-1.219029,2019-08-16,2019,8,-1.3495569,-0.45607188,-0.91608053
New Zealand,NZL,0.68463075,2019-08-16,2019,8,0.8143849,0.55752933,1.1480132
Nicaragua,NIC,-1.5044525,2019-08-16,2019,8,-0.856058,-0.58576757,0.13642173
Niger,NER,0.3359726,2019-08-16,2019,8,-0.007119238,0.122744545,0.014046897
Nigeria,NGA,0.49021596,2019-08-16,2019,8,0.24182262,0.0023136025,-0.56340796
North Korea,PRK,-0.7743879,2019-08-16,2019,8,-1.26272,-1.3229753,-1.9584236
North Macedonia,MKD,-0.3097093,2019-08-16,2019,8,0.6606696,0.57586634,-0.3803009
Northern Cyprus,-99,0.60240704,2019-08-16,2019,8,-0.26256132,-1.4098278,-0.14464152
Norway,-99,-0.112103105,2019-08-16,2019,8,0.60240704,-0.26256132,-1.4098278
Oman,OMN,-1.5618114,2019-08-16,2019,8,-1.4278634,-1.0702326,-0.7314788
Pakistan,PAK,0.0012068079,2019-08-16,2019,8,0.1323682,0.36231604,1.0781782
Palestine,PSE,-0.70588493,2019-08-16,2019,8,-1.1668744,-0.297315,0.34240565
Panama,PAN,-0.12252706,2019-08-16,2019,8,0.5506644,0.5874404,0.44706646
Papua New Guinea,PNG,0.15980087,2019-08-16,2019,8,0.2048516,0.12391931,0.2672351
Paraguay,PRY,-0.9574864,2019-08-16,2019,8,0.47171962,0.6533834,1.8607128
Peru,PER,0.24129327,2019-08-16,2019,8,0.33288506,0.21708563,0.062347464
Philippines,PHL,0.3423105,2019-08-16,2019,8,-0.15020183,-0.38492748,-0.40083662
Poland,POL,-1.7331824,2019-08-16,2019,8,-0.91870826,-1.3363631,-0.4377371
Portugal,PRT,-0.8894979,2019-08-16,2019,8,-1.5940225,-1.1324677,-1.5803558
Puerto Rico,PRI,-0.036429603,2019-08-16,2019,8,-0.38707235,-0.9082033,-0.7594187
Qatar,QAT,-2.0953932,2019-08-16,2019,8,-1.853872,-0.32159084,1.906535
Republic of Serbia,SRB,-0.577596,2019-08-16,2019,8,1.1738673,1.2312655,0.69439095
Republic of the Congo,COG,-0.24049413,2019-08-16,2019,8,0.406061,0.03076581,-0.24376935
Romania,ROU,-1.4292678,2019-08-16,2019,8,-0.055463236,0.32577482,0.40285033
Russia,RUS,-0.49303535,2019-08-16,2019,8,-0.37478477,-0.6649747,-0.37251395
Rwanda,RWA,0.36316368,2019-08-16,2019,8,0.49194235,-0.8037655,-1.9160877
Saint Vincent and the Grenadines,VCT,-1.2296135,2019-08-16,2019,8,-1.327984,-1.2940999,-1.1594462
Samoa,WSM,1.3618338,2019-08-16,2019,8,1.5882692,0.19035242,0.36671746
Saudi Arabia,SAU,-1.4110727,2019-08-16,2019,8,-1.1120704,-0.6206828,0.058919206
Senegal,SEN,-0.93751585,2019-08-16,2019,8,-1.304878,-0.05447709,0.1845994
Siachen Glacier,-99,1.3928864,2019-08-16,2019,8,-0.112103105,0.60240704,-0.26256132
Sierra Leone,SLE,-1.0569242,2019-08-16,2019,8,-0.79074216,-0.06226546,0.01341145
Slovakia,SVK,-1.3943292,2019-08-16,2019,8,-0.28021514,-0.38181138,0.31643778
Slovenia,SVN,-1.1065366,2019-08-16,2019,8,0.58752507,0.78152746,1.1385081
Solomon Islands,SLB,0.037519194,2019-08-16,2019,8,0.055094816,0.034936644,0.002725708
Somalia,SOM,-0.46373197,2019-08-16,2019,8,-0.08200464,-0.22900757,-0.22252019
Somaliland,-99,-0.25063238,2019-08-16,2019,8,1.3928864,-0.112103105,0.60240704
South Africa,ZAF,-2.0988605,2019-08-16,2019,8,-1.6834229,-0.58506596,-0.7009334
South Georgia and the Islands,SGS,0.07634589,2019-08-16,2019,8,0.37889126,0.08366314,0.16891283
South Korea,KOR,-0.4945283,2019-08-16,2019,8,-0.710145,-1.0161312,-1.6717342
South Sudan,SSD,0.3732308,2019-08-16,2019,8,0.18751374,0.019169655,-0.3171265
Spain,ESP,-1.2156136,2019-08-16,2019,8,-1.7178311,-1.246883,-1.3862104
Sri Lanka,LKA,0.38794792,2019-08-16,2019,8,-1.3266382,-1.5001987,-1.8628701
Sudan,SDN,0.011104047,2019-08-16,2019,8,-0.6786829,-0.3373035,-0.64442337
Suriname,SUR,-0.67089456,2019-08-16,2019,8,-0.20578752,-0.47580895,-0.8761246
Sweden,SWE,-0.47961926,2019-08-16,2019,8,0.0041821944,-0.058385216,0.4437344
Switzerland,CHE,-1.0413473,2019-08-16,2019,8,-0.4831326,-0.3244454,0.27148885
Syria,SYR,-0.9499451,2019-08-16,2019,8,-1.4762968,-0.0906269,0.7625949
Taiwan,TWN,0.26517794,2019-08-16,2019,8,0.3265503,0.10148464,0.35725367
Tajikistan,TJK,0.17876358,2019-08-16,2019,8,-0.18872476,1.4141177,0.5784267
Thailand,THA,-0.82378376,2019-08-16,2019,8,-1.2402471,-1.1418093,-1.2075586
The Bahamas,BHS,1.1213474,2019-08-16,2019,8,0.9974313,0.2037638,0.22412151
Togo,TGO,0.5441985,2019-08-16,2019,8,0.39548016,-0.07873485,-0.11589249
Trinidad and Tobago,TTO,-1.7240683,2019-08-16,2019,8,-1.787041,-1.1838872,-0.977528
Tunisia,TUN,-1.7547615,2019-08-16,2019,8,-1.2345719,-0.7233723,0.5676849
Turkey,TUR,0.53091085,2019-08-16,2019,8,-0.0632378,0.3430403,-0.24139829
Turkmenistan,TKM,-1.1333051,2019-08-16,2019,8,-1.09522,0.6073138,0.8384344
Uganda,UGA,0.48665392,2019-08-16,2019,8,0.6463509,0.17707996,0.12767446
Ukraine,UKR,-1.5432962,2019-08-16,2019,8,-0.43443826,-0.6352065,-0.294584
United Arab Emirates,ARE,-1.5965812,2019-08-16,2019,8,-1.2415932,-0.4462964,0.58089715
United Kingdom,GBR,0.6548572,2019-08-16,2019,8,0.5086363,0.3720433,0.09297968
United Republic of Tanzania,TZA,-0.7024502,2019-08-16,2019,8,0.8484521,0.6910505,0.52580297
United States Virgin Islands,VIR,0.7748192,2019-08-16,2019,8,-0.15833288,-1.2023846,-1.0579804
United States of America,USA,-0.08581958,2019-08-16,2019,8,0.32308316,0.43751407,0.7364165
Uruguay,URY,0.64954245,2019-08-16,2019,8,0.90677977,0.7364236,0.09775699
Uzbekistan,UZB,-1.1012335,2019-08-16,2019,8,-1.2612383,0.045052223,-0.026223928
Vanuatu,VUT,-0.009058254,2019-08-16,2019,8,0.044496913,0.07585614,0.008577898
Venezuela,VEN,-0.1028645,2019-08-16,2019,8,-0.08777547,-0.01752383,-0.33753383
Vietnam,VNM,-0.68584555,2019-08-16,2019,8,-0.7163486,-0.83882326,-0.36875987
Western Sahara,ESH,-0.2687836,2019-08-16,2019,8,-1.0159905,-1.1291717,-1.2230504
Yemen,YEM,-0.94540495,2019-08-16,2019,8,-0.5984464,-0.41417015,-0.21132177
Zambia,ZMB,-1.0958705,2019-08-16,2019,8,-0.578568,0.3324576,0.1700552
Zimbabwe,ZWE,-1.4146156,2019-08-16,2019,8,-1.1725394,0.0013963272,0.22818093
eSwatini,SWZ,-1.6575178,2019-08-16,2019,8,-2.2526329,-1.1406715,-0.2999305
Afghanistan,AFG,-1.2702013,2019-09-16,2019,9,-0.60044515,-0.41057253,0.76488924
Aland,ALA,-0.16253787,2019-09-16,2019,9,-1.0250193,-0.5380595,-1.5549352
Albania,ALB,-0.77875274,2019-09-16,2019,9,-0.24372227,1.2491119,1.1068038
Algeria,DZA,-0.6473956,2019-09-16,2019,9,-0.6394391,-1.083365,-1.1169595
Angola,AGO,-0.22482093,2019-09-16,2019,9,-0.5726644,-0.08654367,0.13126524
Antarctica,ATA,,2019-09-16,2019,9,,,
Argentina,ARG,-1.0246619,2019-09-16,2019,9,-0.4717549,0.20455673,0.23479155
Armenia,ARM,-0.84158045,2019-09-16,2019,9,-1.8325088,-1.6945583,-1.1948647
Australia,AUS,-1.1253601,2019-09-16,2019,9,-0.6982558,-0.6803636,-0.42287087
Austria,AUT,-0.5282931,2019-09-16,2019,9,-1.5049149,-0.0014595649,-0.13673091
Azerbaijan,AZE,-0.6802565,2019-09-16,2019,9,-1.6961689,-1.8059797,-1.2500118
Bangladesh,BGD,-0.35111958,2019-09-16,2019,9,-1.4347694,-1.1324,-1.3119745
Belarus,BLR,-0.29784563,2019-09-16,2019,9,-0.9100485,-0.37246016,-1.7484145
Belgium,BEL,-1.3024421,2019-09-16,2019,9,-1.4302307,-1.029892,-1.0032673
Belize,BLZ,-2.7966843,2019-09-16,2019,9,-2.1007206,-1.9729513,-0.61440927
Benin,BEN,0.16388206,2019-09-16,2019,9,0.19710141,0.27493635,-0.036636703
Bhutan,BTN,0.18146941,2019-09-16,2019,9,-1.1110188,-0.37605545,-1.1361831
Bolivia,BOL,-1.1251823,2019-09-16,2019,9,-1.1049345,-0.68260556,-1.0440158
Bosnia and Herzegovina,BIH,0.10466006,2019-09-16,2019,9,-0.2813616,1.6100751,1.3138211
Botswana,BWA,-1.8122737,2019-09-16,2019,9,-2.1026802,-1.8765881,-0.27854574
Brazil,BRA,-0.8720906,2019-09-16,2019,9,-0.7633419,-0.2301173,0.02880949
Brunei,BRN,-1.5605545,2019-09-16,2019,9,-0.19204587,-0.35838154,-0.2670861
Bulgaria,BGR,-1.0632852,2019-09-16,2019,9,-0.68126875,-0.2465117,0.071790695
Burkina Faso,BFA,4.5098794e-05,2019-09-16,2019,9,0.2743228,-0.07744583,-0.27052373
Burundi,BDI,-0.11130841,2019-09-16,2019,9,-0.48293638,0.14867663,-1.1911416
Cabo Verde,CPV,0.42581242,2019-09-16,2019,9,0.6913631,1.8378015,0.27106884
Cambodia,KHM,0.7282241,2019-09-16,2019,9,-0.62194866,-0.6328827,-0.5119546
Cameroon,CMR,-0.040194847,2019-09-16,2019,9,0.10850451,0.12240683,-0.021880712
Canada,CAN,0.102326274,2019-09-16,2019,9,0.13461626,-0.09660549,-0.14576906
Cayman Islands,CYM,,2019-09-16,2019,9,,,
Central African Republic,CAF,-0.3272979,2019-09-16,2019,9,-0.04856427,0.17073834,-0.06345743
Chad,TCD,0.08432722,2019-09-16,2019,9,0.19969141,-0.13493146,-0.38518634
Chile,CHL,-0.6002651,2019-09-16,2019,9,-0.49346107,-0.32518724,-0.25469208
China,CHN,-0.18538722,2019-09-16,2019,9,0.024035309,0.10194406,-0.15891193
Colombia,COL,-0.8301442,2019-09-16,2019,9,-1.0770541,-0.53189266,-0.22693048
Comoros,COM,-2.1974192,2019-09-16,2019,9,-1.6317177,-0.083649404,1.5814356
Costa Rica,CRI,0.010124773,2019-09-16,2019,9,0.4603986,1.149291,1.3124231
Croatia,HRV,0.01409624,2019-09-16,2019,9,-0.76293576,1.1057045,1.0544027
Cuba,CUB,-0.06297008,2019-09-16,2019,9,-0.37834787,-0.47022164,-0.5933052
Cyprus,CYP,0.026657462,2019-09-16,2019,9,0.4121463,-0.43816876,0.08166964
Czechia,CZE,-1.201129,2019-09-16,2019,9,-1.7880237,-0.82201684,-0.9014536
Democratic Republic of the Congo,COD,0.1034986,2019-09-16,2019,9,-0.10228306,0.15211312,0.08112283
Denmark,DNK,0.16075145,2019-09-16,2019,9,-0.6594205,-0.33067706,-1.0493944
Djibouti,DJI,-0.15118715,2019-09-16,2019,9,0.19814576,0.14093716,0.38610324
Dominican Republic,DOM,-1.3125983,2019-09-16,2019,9,-2.7519507,-0.8417629,-0.8937149
East Timor,TLS,0.29809362,2019-09-16,2019,9,0.11568459,-0.3325157,-0.9053225
Ecuador,ECU,0.16686374,2019-09-16,2019,9,-0.37075254,0.70776635,0.35615185
Egypt,EGY,-1.3265483,2019-09-16,2019,9,-1.7260798,-1.734059,-1.0481324
El Salvador,SLV,-1.3915058,2019-09-16,2019,9,-1.7755473,-1.115834,-1.0455357
Equatorial Guinea,GNQ,0.08525509,2019-09-16,2019,9,0.09456416,-0.05889735,0.07715373
Eritrea,ERI,0.36870947,2019-09-16,2019,9,0.46197596,-0.11250553,-0.09468653
Estonia,EST,-0.043086436,2019-09-16,2019,9,-0.90385574,-0.42681828,-1.6724081
Ethiopia,ETH,-0.25117776,2019-09-16,2019,9,0.07791491,0.41315892,0.79414976
Falkland Islands,FLK,0.4043084,2019-09-16,2019,9,-0.012127673,-0.6440854,-0.39400333
Faroe Islands,FRO,-0.0076427883,2019-09-16,2019,9,-0.18288958,-0.18539295,-0.6979969
Fiji,FJI,-0.42944112,2019-09-16,2019,9,-0.45146644,-0.983181,0.63168865
Finland,FIN,-0.21590848,2019-09-16,2019,9,-0.51879054,0.09409899,-0.24113548
France,-99,-1.5088136,2019-09-16,2019,9,-0.25063238,1.3928864,-0.112103105
French Polynesia,PYF,-1.7761513,2019-09-16,2019,9,-1.476219,-0.8060001,-0.4380031
French Southern and Antarctic Lands,ATF,2.3630652,2019-09-16,2019,9,1.924056,1.1376005,0.64569527
Gabon,GAB,0.6362413,2019-09-16,2019,9,-0.13825901,0.10966009,0.049459815
Gambia,GMB,-0.9015392,2019-09-16,2019,9,-0.948956,-1.3741615,-0.059370585
Georgia,GEO,-0.28241014,2019-09-16,2019,9,-1.0553502,-1.2580613,-1.1797348
Germany,DEU,-1.1392902,2019-09-16,2019,9,-1.6088078,-1.0875647,-1.2689617
Ghana,GHA,0.86206365,2019-09-16,2019,9,0.8725915,0.63787603,-0.09451566
Greece,GRC,-1.0091606,2019-09-16,2019,9,-0.23534687,0.18162338,0.66179925
Greenland,GRL,-0.34592947,2019-09-16,2019,9,-0.9462279,-0.90835357,-0.6358847
Guatemala,GTM,-1.9928089,2019-09-16,2019,9,-1.8159679,-1.1697677,-0.2078168
Guinea,GIN,-0.31740323,2019-09-16,2019,9,-0.27773932,-0.35262394,-0.09168282
Guinea-Bissau,GNB,-0.6973515,2019-09-16,2019,9,-0.7969011,-0.99485373,-0.104052134
Guyana,GUY,1.209265,2019-09-16,2019,9,0.8456348,0.7638961,-0.19934326
Haiti,HTI,0.3817598,2019-09-16,2019,9,-1.8793354,0.75362766,0.07488067
Honduras,HND,-1.8102968,2019-09-16,2019,9,-1.9670008,-1.4237337,-1.2305506
Hungary,HUN,-1.080279,2019-09-16,2019,9,-1.2868502,0.16903655,0.15729316
Iceland,ISL,1.239019,2019-09-16,2019,9,0.19444011,-0.54708165,-1.3856928
India,IND,0.9138262,2019-09-16,2019,9,0.1917301,-0.15839352,-0.63216007
Indonesia,IDN,-1.2401853,2019-09-16,2019,9,-0.45167217,-0.1386789,0.056081302
Iran,IRN,-1.3808755,2019-09-16,2019,9,-1.3168564,-0.6740706,0.5272683
Iraq,IRQ,-1.4854512,2019-09-16,2019,9,-1.7675103,-1.7863237,-0.56034553
Ireland,IRL,0.6074389,2019-09-16,2019,9,0.55365604,-0.57275206,0.16460636
Israel,ISR,-0.5007379,2019-09-16,2019,9,-0.79707074,-1.1380317,-0.324713
Italy,ITA,-0.59949934,2019-09-16,2019,9,-1.0816432,0.33893692,0.088321775
Ivory Coast,CIV,0.6541243,2019-09-16,2019,9,0.5565774,0.389785,-0.14024815
Jamaica,JAM,-0.30213028,2019-09-16,2019,9,-0.59366566,-0.4772011,-0.10883959
Japan,JPN,-0.07818265,2019-09-16,2019,9,0.49591398,-0.5334673,-1.1642962
Jordan,JOR,-0.5569113,2019-09-16,2019,9,-0.85860604,-1.3607427,-0.6256859
Kazakhstan,KAZ,-1.0223181,2019-09-16,2019,9,-1.0286951,-1.1260092,-0.46202093
Kenya,KEN,-0.487038,2019-09-16,2019,9,-0.40704653,0.2606779,0.16704449
Kiribati,KIR,,2019-09-16,2019,9,,,
Kosovo,-99,-0.76693463,2019-09-16,2019,9,-1.5088136,-0.25063238,1.3928864
Kuwait,KWT,-1.596582,2019-09-16,2019,9,-1.8705627,-1.7504654,-0.84509563
Kyrgyzstan,KGZ,-0.21983896,2019-09-16,2019,9,-0.15284969,-0.87383854,0.31188133
Laos,LAO,-0.7767044,2019-09-16,2019,9,-0.9004896,-1.288466,-1.250576
Latvia,LVA,-0.20276026,2019-09-16,2019,9,-0.99559414,-0.6621955,-1.9934272
Lebanon,LBN,-0.20514895,2019-09-16,2019,9,-0.31613296,-1.1147158,-0.23012392
Lesotho,LSO,-2.0811853,2019-09-16,2019,9,-1.4888388,-1.0010269,1.2084283
Liberia,LBR,-0.027359394,2019-09-16,2019,9,0.03140389,-0.010272232,-0.02910684
Libya,LBY,-1.1128426,2019-09-16,2019,9,-1.3118514,-1.1304992,-0.5725206
Lithuania,LTU,-0.3516944,2019-09-16,2019,9,-1.1400497,-0.89597243,-2.1405485
Luxembourg,LUX,-1.395578,2019-09-16,2019,9,-1.6311723,-1.3113983,-0.9776482
Madagascar,MDG,-0.94927716,2019-09-16,2019,9,-1.181723,-0.49633336,0.11652515
Malawi,MWI,-0.33446088,2019-09-16,2019,9,-0.032929324,-0.4643289,0.0837366
Malaysia,MYS,-1.6933508,2019-09-16,2019,9,-0.4391933,0.076783486,0.09626964
Mali,MLI,-0.31030735,2019-09-16,2019,9,-0.12676258,-0.33565044,-0.0425264
Mauritania,MRT,-0.65860426,2019-09-16,2019,9,-0.5294201,-0.7388101,-0.29705167
Mauritius,MUS,-0.34476116,2019-09-16,2019,9,-0.10261109,-0.6840867,0.44724163
Mexico,MEX,-0.78253305,2019-09-16,2019,9,-1.1006781,-0.85764277,-0.56580347
Moldova,MDA,-1.6573782,2019-09-16,2019,9,-1.5449796,-0.6703641,-0.53651345
Mongolia,MNG,-1.1065598,2019-09-16,2019,9,-0.6870012,-0.45710772,-0.97591203
Montenegro,MNE,-0.15270211,2019-09-16,2019,9,0.051785257,2.1100035,1.6588049
Morocco,MAR,-0.4962092,2019-09-16,2019,9,-0.6638308,-1.0716492,-1.0405376
Mozambique,MOZ,-1.3803431,2019-09-16,2019,9,-1.2083498,-0.60310113,0.49816802
Myanmar,MMR,-0.22430404,2019-09-16,2019,9,-0.8956005,-1.5620617,-1.5305035
Namibia,NAM,-0.77725255,2019-09-16,2019,9,-0.73535186,-0.7144937,-0.33326244
Nepal,NPL,-0.7661643,2019-09-16,2019,9,-0.3866748,0.06430791,-0.2620171
Netherlands,NLD,-1.0354197,2019-09-16,2019,9,-1.3326757,-0.9966446,-1.0329374
New Caledonia,NCL,-1.1599888,2019-09-16,2019,9,-1.219029,-1.3495569,-0.45607188
New Zealand,NZL,1.1207494,2019-09-16,2019,9,0.68463075,0.8143849,0.55752933
Nicaragua,NIC,-1.4813687,2019-09-16,2019,9,-1.5044525,-0.856058,-0.58576757
Niger,NER,-0.062430177,2019-09-16,2019,9,0.3359726,-0.007119238,0.122744545
Nigeria,NGA,0.23434354,2019-09-16,2019,9,0.49021596,0.24182262,0.0023136025
North Korea,PRK,-0.84970355,2019-09-16,2019,9,-0.7743879,-1.26272,-1.3229753
North Macedonia,MKD,-0.92762953,2019-09-16,2019,9,-0.3097093,0.6606696,0.57586634
Northern Cyprus,-99,0.20369351,2019-09-16,2019,9,-0.76693463,-1.5088136,-0.25063238
Norway,-99,-0.12361142,2019-09-16,2019,9,0.20369351,-0.76693463,-1.5088136
Oman,OMN,-1.5973108,2019-09-16,2019,9,-1.5618114,-1.4278634,-1.0702326
Pakistan,PAK,-0.33524793,2019-09-16,2019,9,0.0012068079,0.1323682,0.36231604
Palestine,PSE,-0.35572505,2019-09-16,2019,9,-0.70588493,-1.1668744,-0.297315
Panama,PAN,-0.38060948,2019-09-16,2019,9,-0.12252706,0.5506644,0.5874404
Papua New Guinea,PNG,0.0683553,2019-09-16,2019,9,0.15980087,0.2048516,0.12391931
Paraguay,PRY,-1.0748111,2019-09-16,2019,9,-0.9574864,0.47171962,0.6533834
Peru,PER,-0.0068866936,2019-09-16,2019,9,0.24129327,0.33288506,0.21708563
Philippines,PHL,0.10093458,2019-09-16,2019,9,0.3423105,-0.15020183,-0.38492748
Poland,POL,-1.1154622,2019-09-16,2019,9,-1.7331824,-0.91870826,-1.3363631
Portugal,PRT,-0.93008494,2019-09-16,2019,9,-0.8894979,-1.5940225,-1.1324677
Puerto Rico,PRI,1.0678066,2019-09-16,2019,9,-0.036429603,-0.38707235,-0.9082033
Qatar,QAT,-2.0015013,2019-09-16,2019,9,-2.0953932,-1.853872,-0.32159084
Republic of Serbia,SRB,-0.88599217,2019-09-16,2019,9,-0.577596,1.1738673,1.2312655
Republic of the Congo,COG,0.72686946,2019-09-16,2019,9,-0.24049413,0.406061,0.03076581
Romania,ROU,-1.5445573,2019-09-16,2019,9,-1.4292678,-0.055463236,0.32577482
Russia,RUS,-0.20610492,2019-09-16,2019,9,-0.49303535,-0.37478477,-0.6649747
Rwanda,RWA,0.2827673,2019-09-16,2019,9,0.36316368,0.49194235,-0.8037655
Saint Vincent and the Grenadines,VCT,-1.0678596,2019-09-16,2019,9,-1.2296135,-1.327984,-1.2940999
Samoa,WSM,1.1646365,2019-09-16,2019,9,1.3618338,1.5882692,0.19035242
Saudi Arabia,SAU,-1.2010334,2019-09-16,2019,9,-1.4110727,-1.1120704,-0.6206828
Senegal,SEN,-0.97741437,2019-09-16,2019,9,-0.93751585,-1.304878,-0.05447709
Siachen Glacier,-99,-0.2008665,2019-09-16,2019,9,-0.12361142,0.20369351,-0.76693463
Sierra Leone,SLE,-0.9650116,2019-09-16,2019,9,-1.0569242,-0.79074216,-0.06226546
Slovakia,SVK,-0.7859485,2019-09-16,2019,9,-1.3943292,-0.28021514,-0.38181138
Slovenia,SVN,0.17791627,2019-09-16,2019,9,-1.1065366,0.58752507,0.78152746
Solomon Islands,SLB,0.035438646,2019-09-16,2019,9,0.037519194,0.055094816,0.034936644
Somalia,SOM,-0.2814439,2019-09-16,2019,9,-0.46373197,-0.08200464,-0.22900757
Somaliland,-99,-0.42631316,2019-09-16,2019,9,-0.2008665,-0.12361142,0.20369351
South Africa,ZAF,-2.0915074,2019-09-16,2019,9,-2.0988605,-1.6834229,-0.58506596
South Georgia and the Islands,SGS,0.30947882,2019-09-16,2019,9,0.07634589,0.37889126,0.08366314
South Korea,KOR,-0.012130802,2019-09-16,2019,9,-0.4945283,-0.710145,-1.0161312
South Sudan,SSD,0.24806039,2019-09-16,2019,9,0.3732308,0.18751374,0.019169655
Spain,ESP,-0.5452023,2019-09-16,2019,9,-1.2156136,-1.7178311,-1.246883
Sri Lanka,LKA,1.5884799,2019-09-16,2019,9,0.38794792,-1.3266382,-1.5001987
Sudan,SDN,-0.01408237,2019-09-16,2019,9,0.011104047,-0.6786829,-0.3373035
Suriname,SUR,-0.42875633,2019-09-16,2019,9,-0.67089456,-0.20578752,-0.47580895
Sweden,SWE,-0.30558994,2019-09-16,2019,9,-0.47961926,0.0041821944,-0.058385216
Switzerland,CHE,-0.9299245,2019-09-16,2019,9,-1.0413473,-0.4831326,-0.3244454
Syria,SYR,-0.7997272,2019-09-16,2019,9,-0.9499451,-1.4762968,-0.0906269
Taiwan,TWN,0.333914,2019-09-16,2019,9,0.26517794,0.3265503,0.10148464
Tajikistan,TJK,-1.3296403,2019-09-16,2019,9,0.17876358,-0.18872476,1.4141177
Thailand,THA,-0.70637554,2019-09-16,2019,9,-0.82378376,-1.2402471,-1.1418093
The Bahamas,BHS,1.2582632,2019-09-16,2019,9,1.1213474,0.9974313,0.2037638
Togo,TGO,0.5931635,2019-09-16,2019,9,0.5441985,0.39548016,-0.07873485
Trinidad and Tobago,TTO,-1.6960745,2019-09-16,2019,9,-1.7240683,-1.787041,-1.1838872
Tunisia,TUN,-0.775497,2019-09-16,2019,9,-1.7547615,-1.2345719,-0.7233723
Turkey,TUR,-0.041163754,2019-09-16,2019,9,0.53091085,-0.0632378,0.3430403
Turkmenistan,TKM,-0.68817395,2019-09-16,2019,9,-1.1333051,-1.09522,0.6073138
Uganda,UGA,-0.20754637,2019-09-16,2019,9,0.48665392,0.6463509,0.17707996
Ukraine,UKR,-1.2835675,2019-09-16,2019,9,-1.5432962,-0.43443826,-0.6352065
United Arab Emirates,ARE,-1.8411455,2019-09-16,2019,9,-1.5965812,-1.2415932,-0.4462964
United Kingdom,GBR,0.47208065,2019-09-16,2019,9,0.6548572,0.5086363,0.3720433
United Republic of Tanzania,TZA,-0.79329777,2019-09-16,2019,9,-0.7024502,0.8484521,0.6910505
United States Virgin Islands,VIR,1.2988266,2019-09-16,2019,9,0.7748192,-0.15833288,-1.2023846
United States of America,USA,0.109604344,2019-09-16,2019,9,-0.08581958,0.32308316,0.43751407
Uruguay,URY,-0.12834157,2019-09-16,2019,9,0.64954245,0.90677977,0.7364236
Uzbekistan,UZB,-1.249152,2019-09-16,2019,9,-1.1012335,-1.2612383,0.045052223
Vanuatu,VUT,0.017624492,2019-09-16,2019,9,-0.009058254,0.044496913,0.07585614
Venezuela,VEN,-0.13378912,2019-09-16,2019,9,-0.1028645,-0.08777547,-0.01752383
Vietnam,VNM,-0.38449782,2019-09-16,2019,9,-0.68584555,-0.7163486,-0.83882326
Western Sahara,ESH,-0.49637324,2019-09-16,2019,9,-0.2687836,-1.0159905,-1.1291717
Yemen,YEM,-0.75057083,2019-09-16,2019,9,-0.94540495,-0.5984464,-0.41417015
Zambia,ZMB,-1.0831926,2019-09-16,2019,9,-1.0958705,-0.578568,0.3324576
Zimbabwe,ZWE,-1.0775019,2019-09-16,2019,9,-1.4146156,-1.1725394,0.0013963272
eSwatini,SWZ,-1.381315,2019-09-16,2019,9,-1.6575178,-2.2526329,-1.1406715
Afghanistan,AFG,-0.47809267,2019-10-16,2019,10,-1.2702013,-0.60044515,-0.41057253
Aland,ALA,0.31538785,2019-10-16,2019,10,-0.16253787,-1.0250193,-0.5380595
Albania,ALB,-2.0324714,2019-10-16,2019,10,-0.77875274,-0.24372227,1.2491119
Algeria,DZA,-0.77196306,2019-10-16,2019,10,-0.6473956,-0.6394391,-1.083365
Angola,AGO,0.03175658,2019-10-16,2019,10,-0.22482093,-0.5726644,-0.08654367
Antarctica,ATA,,2019-10-16,2019,10,,,
Argentina,ARG,-0.91322416,2019-10-16,2019,10,-1.0246619,-0.4717549,0.20455673
Armenia,ARM,-1.1562283,2019-10-16,2019,10,-0.84158045,-1.8325088,-1.6945583
Australia,AUS,-1.2310421,2019-10-16,2019,10,-1.1253601,-0.6982558,-0.6803636
Austria,AUT,-0.2890909,2019-10-16,2019,10,-0.5282931,-1.5049149,-0.0014595649
Azerbaijan,AZE,-1.4015563,2019-10-16,2019,10,-0.6802565,-1.6961689,-1.8059797
Bangladesh,BGD,-0.54388,2019-10-16,2019,10,-0.35111958,-1.4347694,-1.1324
Belarus,BLR,-0.882107,2019-10-16,2019,10,-0.29784563,-0.9100485,-0.37246016
Belgium,BEL,-0.4677596,2019-10-16,2019,10,-1.3024421,-1.4302307,-1.029892
Belize,BLZ,-1.8930969,2019-10-16,2019,10,-2.7966843,-2.1007206,-1.9729513
Benin,BEN,0.9409309,2019-10-16,2019,10,0.16388206,0.19710141,0.27493635
Bhutan,BTN,-0.25079253,2019-10-16,2019,10,0.18146941,-1.1110188,-0.37605545
Bolivia,BOL,-1.4654989,2019-10-16,2019,10,-1.1251823,-1.1049345,-0.68260556
Bosnia and Herzegovina,BIH,-1.6283379,2019-10-16,2019,10,0.10466006,-0.2813616,1.6100751
Botswana,BWA,-1.4791112,2019-10-16,2019,10,-1.8122737,-2.1026802,-1.8765881
Brazil,BRA,-0.91602874,2019-10-16,2019,10,-0.8720906,-0.7633419,-0.2301173
Brunei,BRN,-1.3052089,2019-10-16,2019,10,-1.5605545,-0.19204587,-0.35838154
Bulgaria,BGR,-1.4460192,2019-10-16,2019,10,-1.0632852,-0.68126875,-0.2465117
Burkina Faso,BFA,0.7951835,2019-10-16,2019,10,4.5098794e-05,0.2743228,-0.07744583
Burundi,BDI,1.6776701,2019-10-16,2019,10,-0.11130841,-0.48293638,0.14867663
Cabo Verde,CPV,-0.059454296,2019-10-16,2019,10,0.42581242,0.6913631,1.8378015
Cambodia,KHM,0.0057227346,2019-10-16,2019,10,0.7282241,-0.62194866,-0.6328827
Cameroon,CMR,0.50573504,2019-10-16,2019,10,-0.040194847,0.10850451,0.12240683
Canada,CAN,0.09282715,2019-10-16,2019,10,0.102326274,0.13461626,-0.09660549
Cayman Islands,CYM,,2019-10-16,2019,10,,,
Central African Republic,CAF,-0.10871215,2019-10-16,2019,10,-0.3272979,-0.04856427,0.17073834
Chad,TCD,0.052663974,2019-10-16,2019,10,0.08432722,0.19969141,-0.13493146
Chile,CHL,-0.92746615,2019-10-16,2019,10,-0.6002651,-0.49346107,-0.32518724
China,CHN,-0.19213803,2019-10-16,2019,10,-0.18538722,0.024035309,0.10194406
Colombia,COL,-0.45667753,2019-10-16,2019,10,-0.8301442,-1.0770541,-0.53189266
Comoros,COM,-2.1220775,2019-10-16,2019,10,-2.1974192,-1.6317177,-0.083649404
Costa Rica,CRI,-0.009451073,2019-10-16,2019,10,0.010124773,0.4603986,1.149291
Croatia,HRV,-1.1307136,2019-10-16,2019,10,0.01409624,-0.76293576,1.1057045
Cuba,CUB,-0.63117015,2019-10-16,2019,10,-0.06297008,-0.37834787,-0.47022164
Cyprus,CYP,-0.00865132,2019-10-16,2019,10,0.026657462,0.4121463,-0.43816876
Czechia,CZE,-0.8373348,2019-10-16,2019,10,-1.201129,-1.7880237,-0.82201684
Democratic Republic of the Congo,COD,0.231314,2019-10-16,2019,10,0.1034986,-0.10228306,0.15211312
Denmark,DNK,0.9362546,2019-10-16,2019,10,0.16075145,-0.6594205,-0.33067706
Djibouti,DJI,0.052099597,2019-10-16,2019,10,-0.15118715,0.19814576,0.14093716
Dominican Republic,DOM,-1.3334669,2019-10-16,2019,10,-1.3125983,-2.7519507,-0.8417629
East Timor,TLS,-0.32000676,2019-10-16,2019,10,0.29809362,0.11568459,-0.3325157
Ecuador,ECU,0.1654479,2019-10-16,2019,10,0.16686374,-0.37075254,0.70776635
Egypt,EGY,-1.0337218,2019-10-16,2019,10,-1.3265483,-1.7260798,-1.734059
El Salvador,SLV,-1.6302471,2019-10-16,2019,10,-1.3915058,-1.7755473,-1.115834
Equatorial Guinea,GNQ,0.43291667,2019-10-16,2019,10,0.08525509,0.09456416,-0.05889735
Eritrea,ERI,0.91817445,2019-10-16,2019,10,0.36870947,0.46197596,-0.11250553
Estonia,EST,0.25359556,2019-10-16,2019,10,-0.043086436,-0.90385574,-0.42681828
Ethiopia,ETH,0.69840175,2019-10-16,2019,10,-0.25117776,0.07791491,0.41315892
Falkland Islands,FLK,0.71990585,2019-10-16,2019,10,0.4043084,-0.012127673,-0.6440854
Faroe Islands,FRO,-0.05834813,2019-10-16,2019,10,-0.0076427883,-0.18288958,-0.18539295
Fiji,FJI,-0.19873093,2019-10-16,2019,10,-0.42944112,-0.45146644,-0.983181
Finland,FIN,0.3008023,2019-10-16,2019,10,-0.21590848,-0.51879054,0.09409899
France,-99,-0.61377513,2019-10-16,2019,10,-0.42631316,-0.2008665,-0.12361142
French Polynesia,PYF,-2.0984442,2019-10-16,2019,10,-1.7761513,-1.476219,-0.8060001
French Southern and Antarctic Lands,ATF,2.2542686,2019-10-16,2019,10,2.3630652,1.924056,1.1376005
Gabon,GAB,1.5118881,2019-10-16,2019,10,0.6362413,-0.13825901,0.10966009
Gambia,GMB,0.0021669175,2019-10-16,2019,10,-0.9015392,-0.948956,-1.3741615
Georgia,GEO,-1.0659305,2019-10-16,2019,10,-0.28241014,-1.0553502,-1.2580613
Germany,DEU,-0.41245103,2019-10-16,2019,10,-1.1392902,-1.6088078,-1.0875647
Ghana,GHA,1.357249,2019-10-16,2019,10,0.86206365,0.8725915,0.63787603
Greece,GRC,-1.7024636,2019-10-16,2019,10,-1.0091606,-0.23534687,0.18162338
Greenland,GRL,-0.12975435,2019-10-16,2019,10,-0.34592947,-0.9462279,-0.90835357
Guatemala,GTM,-0.77932197,2019-10-16,2019,10,-1.9928089,-1.8159679,-1.1697677
Guinea,GIN,-0.13047577,2019-10-16,2019,10,-0.31740323,-0.27773932,-0.35262394
Guinea-Bissau,GNB,-0.045015875,2019-10-16,2019,10,-0.6973515,-0.7969011,-0.99485373
Guyana,GUY,0.9647858,2019-10-16,2019,10,1.209265,0.8456348,0.7638961
Haiti,HTI,-0.4948754,2019-10-16,2019,10,0.3817598,-1.8793354,0.75362766
Honduras,HND,-2.0430274,2019-10-16,2019,10,-1.8102968,-1.9670008,-1.4237337
Hungary,HUN,-1.3106581,2019-10-16,2019,10,-1.080279,-1.2868502,0.16903655
Iceland,ISL,1.0773284,2019-10-16,2019,10,1.239019,0.19444011,-0.54708165
India,IND,1.0737569,2019-10-16,2019,10,0.9138262,0.1917301,-0.15839352
Indonesia,IDN,-0.9713625,2019-10-16,2019,10,-1.2401853,-0.45167217,-0.1386789
Iran,IRN,-1.1657236,2019-10-16,2019,10,-1.3808755,-1.3168564,-0.6740706
Iraq,IRQ,-1.4412671,2019-10-16,2019,10,-1.4854512,-1.7675103,-1.7863237
Ireland,IRL,1.134504,2019-10-16,2019,10,0.6074389,0.55365604,-0.57275206
Israel,ISR,-0.026151162,2019-10-16,2019,10,-0.5007379,-0.79707074,-1.1380317
Italy,ITA,-0.962975,2019-10-16,2019,10,-0.59949934,-1.0816432,0.33893692
Ivory Coast,CIV,0.6158783,2019-10-16,2019,10,0.6541243,0.5565774,0.389785
Jamaica,JAM,-0.9429974,2019-10-16,2019,10,-0.30213028,-0.59366566,-0.4772011
Japan,JPN,0.1887731,2019-10-16,2019,10,-0.07818265,0.49591398,-0.5334673
Jordan,JOR,-0.29615983,2019-10-16,2019,10,-0.5569113,-0.85860604,-1.3607427
Kazakhstan,KAZ,-0.77404326,2019-10-16,2019,10,-1.0223181,-1.0286951,-1.1260092
Kenya,KEN,1.8735539,2019-10-16,2019,10,-0.487038,-0.40704653,0.2606779
Kiribati,KIR,,2019-10-16,2019,10,,,
Kosovo,-99,-2.1020167,2019-10-16,2019,10,-0.61377513,-0.42631316,-0.2008665
Kuwait,KWT,-1.3965846,2019-10-16,2019,10,-1.596582,-1.8705627,-1.7504654
Kyrgyzstan,KGZ,0.16431631,2019-10-16,2019,10,-0.21983896,-0.15284969,-0.87383854
Laos,LAO,-1.0527028,2019-10-16,2019,10,-0.7767044,-0.9004896,-1.288466
Latvia,LVA,-0.02072601,2019-10-16,2019,10,-0.20276026,-0.99559414,-0.6621955
Lebanon,LBN,-0.055075843,2019-10-16,2019,10,-0.20514895,-0.31613296,-1.1147158
Lesotho,LSO,-2.445013,2019-10-16,2019,10,-2.0811853,-1.4888388,-1.0010269
Liberia,LBR,-0.15598755,2019-10-16,2019,10,-0.027359394,0.03140389,-0.010272232
Libya,LBY,-0.82531273,2019-10-16,2019,10,-1.1128426,-1.3118514,-1.1304992
Lithuania,LTU,-0.53010386,2019-10-16,2019,10,-0.3516944,-1.1400497,-0.89597243
Luxembourg,LUX,-0.5510186,2019-10-16,2019,10,-1.395578,-1.6311723,-1.3113983
Madagascar,MDG,-1.0602334,2019-10-16,2019,10,-0.94927716,-1.181723,-0.49633336
Malawi,MWI,0.49936476,2019-10-16,2019,10,-0.33446088,-0.032929324,-0.4643289
Malaysia,MYS,-1.4411587,2019-10-16,2019,10,-1.6933508,-0.4391933,0.076783486
Mali,MLI,0.018887265,2019-10-16,2019,10,-0.31030735,-0.12676258,-0.33565044
Mauritania,MRT,-0.44585803,2019-10-16,2019,10,-0.65860426,-0.5294201,-0.7388101
Mauritius,MUS,0.7770178,2019-10-16,2019,10,-0.34476116,-0.10261109,-0.6840867
Mexico,MEX,-0.008992134,2019-10-16,2019,10,-0.78253305,-1.1006781,-0.85764277
Moldova,MDA,-1.6049837,2019-10-16,2019,10,-1.6573782,-1.5449796,-0.6703641
Mongolia,MNG,-1.380289,2019-10-16,2019,10,-1.1065598,-0.6870012,-0.45710772
Montenegro,MNE,-2.0126622,2019-10-16,2019,10,-0.15270211,0.051785257,2.1100035
Morocco,MAR,-0.56163204,2019-10-16,2019,10,-0.4962092,-0.6638308,-1.0716492
Mozambique,MOZ,-0.75267947,2019-10-16,2019,10,-1.3803431,-1.2083498,-0.60310113
Myanmar,MMR,0.0783235,2019-10-16,2019,10,-0.22430404,-0.8956005,-1.5620617
Namibia,NAM,-0.60464245,2019-10-16,2019,10,-0.77725255,-0.73535186,-0.7144937
Nepal,NPL,-1.4623809,2019-10-16,2019,10,-0.7661643,-0.3866748,0.06430791
Netherlands,NLD,-0.12166009,2019-10-16,2019,10,-1.0354197,-1.3326757,-0.9966446
New Caledonia,NCL,-1.2808572,2019-10-16,2019,10,-1.1599888,-1.219029,-1.3495569
New Zealand,NZL,0.7163071,2019-10-16,2019,10,1.1207494,0.68463075,0.8143849
Nicaragua,NIC,-1.560147,2019-10-16,2019,10,-1.4813687,-1.5044525,-0.856058
Niger,NER,0.24213786,2019-10-16,2019,10,-0.062430177,0.3359726,-0.007119238
Nigeria,NGA,0.9419086,2019-10-16,2019,10,0.23434354,0.49021596,0.24182262
North Korea,PRK,-0.5369552,2019-10-16,2019,10,-0.84970355,-0.7743879,-1.26272
North Macedonia,MKD,-1.9436647,2019-10-16,2019,10,-0.92762953,-0.3097093,0.6606696
Northern Cyprus,-99,-0.034316838,2019-10-16,2019,10,-2.1020167,-0.61377513,-0.42631316
Norway,-99,0.20213388,2019-10-16,2019,10,-0.034316838,-2.1020167,-0.61377513
Oman,OMN,-1.8307128,2019-10-16,2019,10,-1.5973108,-1.5618114,-1.4278634
Pakistan,PAK,-0.0047843843,2019-10-16,2019,10,-0.33524793,0.0012068079,0.1323682
Palestine,PSE,0.2422282,2019-10-16,2019,10,-0.35572505,-0.70588493,-1.1668744
Panama,PAN,-0.33985454,2019-10-16,2019,10,-0.38060948,-0.12252706,0.5506644
Papua New Guinea,PNG,0.33474186,2019-10-16,2019,10,0.0683553,0.15980087,0.2048516
Paraguay,PRY,-1.7856996,2019-10-16,2019,10,-1.0748111,-0.9574864,0.47171962
Peru,PER,-0.107501134,2019-10-16,2019,10,-0.0068866936,0.24129327,0.33288506
Philippines,PHL,-0.62518084,2019-10-16,2019,10,0.10093458,0.3423105,-0.15020183
Poland,POL,-0.96255744,2019-10-16,2019,10,-1.1154622,-1.7331824,-0.91870826
Portugal,PRT,-0.91075957,2019-10-16,2019,10,-0.93008494,-0.8894979,-1.5940225
Puerto Rico,PRI,0.35300207,2019-10-16,2019,10,1.0678066,-0.036429603,-0.38707235
Qatar,QAT,-1.8639814,2019-10-16,2019,10,-2.0015013,-2.0953932,-1.853872
Republic of Serbia,SRB,-1.7734513,2019-10-16,2019,10,-0.88599217,-0.577596,1.1738673
Republic of the Congo,COG,1.2496252,2019-10-16,2019,10,0.72686946,-0.24049413,0.406061
Romania,ROU,-1.5916163,2019-10-16,2019,10,-1.5445573,-1.4292678,-0.055463236
Russia,RUS,-0.111034624,2019-10-16,2019,10,-0.20610492,-0.49303535,-0.37478477
Rwanda,RWA,1.973978,2019-10-16,2019,10,0.2827673,0.36316368,0.49194235
Saint Vincent and the Grenadines,VCT,-0.37641376,2019-10-16,2019,10,-1.0678596,-1.2296135,-1.327984
Samoa,WSM,0.10021894,2019-10-16,2019,10,1.1646365,1.3618338,1.5882692
Saudi Arabia,SAU,-0.9366097,2019-10-16,2019,10,-1.2010334,-1.4110727,-1.1120704
Senegal,SEN,0.13134712,2019-10-16,2019,10,-0.97741437,-0.93751585,-1.304878
Siachen Glacier,-99,0.031558413,2019-10-16,2019,10,0.20213388,-0.034316838,-2.1020167
Sierra Leone,SLE,-0.2871002,2019-10-16,2019,10,-0.9650116,-1.0569242,-0.79074216
Slovakia,SVK,-0.80633825,2019-10-16,2019,10,-0.7859485,-1.3943292,-0.28021514
Slovenia,SVN,-0.6137328,2019-10-16,2019,10,0.17791627,-1.1065366,0.58752507
Solomon Islands,SLB,0.03336261,2019-10-16,2019,10,0.035438646,0.037519194,0.055094816
Somalia,SOM,0.3800374,2019-10-16,2019,10,-0.2814439,-0.46373197,-0.08200464
Somaliland,-99,-0.05672023,2019-10-16,2019,10,0.031558413,0.20213388,-0.034316838
South Africa,ZAF,-2.1009867,2019-10-16,2019,10,-2.0915074,-2.0988605,-1.6834229
South Georgia and the Islands,SGS,0.71046793,2019-10-16,2019,10,0.30947882,0.07634589,0.37889126
South Korea,KOR,0.47491676,2019-10-16,2019,10,-0.012130802,-0.4945283,-0.710145
South Sudan,SSD,0.5702614,2019-10-16,2019,10,0.24806039,0.3732308,0.18751374
Spain,ESP,-0.40403092,2019-10-16,2019,10,-0.5452023,-1.2156136,-1.7178311
Sri Lanka,LKA,2.005365,2019-10-16,2019,10,1.5884799,0.38794792,-1.3266382
Sudan,SDN,0.578384,2019-10-16,2019,10,-0.01408237,0.011104047,-0.6786829
Suriname,SUR,-0.057598095,2019-10-16,2019,10,-0.42875633,-0.67089456,-0.20578752
Sweden,SWE,0.4347275,2019-10-16,2019,10,-0.30558994,-0.47961926,0.0041821944
Switzerland,CHE,-0.14465085,2019-10-16,2019,10,-0.9299245,-1.0413473,-0.4831326
Syria,SYR,-0.88805556,2019-10-16,2019,10,-0.7997272,-0.9499451,-1.4762968
Taiwan,TWN,-0.25733277,2019-10-16,2019,10,0.333914,0.26517794,0.3265503
Tajikistan,TJK,-0.5319338,2019-10-16,2019,10,-1.3296403,0.17876358,-0.18872476
Thailand,THA,-0.89055306,2019-10-16,2019,10,-0.70637554,-0.82378376,-1.2402471
The Bahamas,BHS,-0.20311518,2019-10-16,2019,10,1.2582632,1.1213474,0.9974313
Togo,TGO,1.502363,2019-10-16,2019,10,0.5931635,0.5441985,0.39548016
Trinidad and Tobago,TTO,-1.4199301,2019-10-16,2019,10,-1.6960745,-1.7240683,-1.787041
Tunisia,TUN,0.19047523,2019-10-16,2019,10,-0.775497,-1.7547615,-1.2345719
Turkey,TUR,-0.9334335,2019-10-16,2019,10,-0.041163754,0.53091085,-0.0632378
Turkmenistan,TKM,-1.0010778,2019-10-16,2019,10,-0.68817395,-1.1333051,-1.09522
Uganda,UGA,1.3402416,2019-10-16,2019,10,-0.20754637,0.48665392,0.6463509
Ukraine,UKR,-1.3593533,2019-10-16,2019,10,-1.2835675,-1.5432962,-0.43443826
United Arab Emirates,ARE,-1.6248484,2019-10-16,2019,10,-1.8411455,-1.5965812,-1.2415932
United Kingdom,GBR,0.88934183,2019-10-16,2019,10,0.47208065,0.6548572,0.5086363
United Republic of Tanzania,TZA,0.2521984,2019-10-16,2019,10,-0.79329777,-0.7024502,0.8484521
United States Virgin Islands,VIR,0.33289865,2019-10-16,2019,10,1.2988266,0.7748192,-0.15833288
United States of America,USA,0.5803904,2019-10-16,2019,10,0.109604344,-0.08581958,0.32308316
Uruguay,URY,1.1766727,2019-10-16,2019,10,-0.12834157,0.64954245,0.90677977
Uzbekistan,UZB,-1.1537055,2019-10-16,2019,10,-1.249152,-1.1012335,-1.2612383
Vanuatu,VUT,0.080608726,2019-10-16,2019,10,0.017624492,-0.009058254,0.044496913
Venezuela,VEN,0.101972185,2019-10-16,2019,10,-0.13378912,-0.1028645,-0.08777547
Vietnam,VNM,-0.9790293,2019-10-16,2019,10,-0.38449782,-0.68584555,-0.7163486
Western Sahara,ESH,-0.6039735,2019-10-16,2019,10,-0.49637324,-0.2687836,-1.0159905
Yemen,YEM,-0.8530328,2019-10-16,2019,10,-0.75057083,-0.94540495,-0.5984464
Zambia,ZMB,-0.5339253,2019-10-16,2019,10,-1.0831926,-1.0958705,-0.578568
Zimbabwe,ZWE,-0.9648459,2019-10-16,2019,10,-1.0775019,-1.4146156,-1.1725394
eSwatini,SWZ,-1.1949251,2019-10-16,2019,10,-1.381315,-1.6575178,-2.2526329
Afghanistan,AFG,0.6069136,2019-11-16,2019,11,-0.47809267,-1.2702013,-0.60044515
Aland,ALA,1.3158286,2019-11-16,2019,11,0.31538785,-0.16253787,-1.0250193
Albania,ALB,0.27353466,2019-11-16,2019,11,-2.0324714,-0.77875274,-0.24372227
Algeria,DZA,-1.0413972,2019-11-16,2019,11,-0.77196306,-0.6473956,-0.6394391
Angola,AGO,0.08222322,2019-11-16,2019,11,0.03175658,-0.22482093,-0.5726644
Antarctica,ATA,,2019-11-16,2019,11,,,
Argentina,ARG,-0.49255383,2019-11-16,2019,11,-0.91322416,-1.0246619,-0.4717549
Armenia,ARM,-1.2459499,2019-11-16,2019,11,-1.1562283,-0.84158045,-1.8325088
Australia,AUS,-1.5082918,2019-11-16,2019,11,-1.2310421,-1.1253601,-0.6982558
Austria,AUT,0.42420176,2019-11-16,2019,11,-0.2890909,-0.5282931,-1.5049149
Azerbaijan,AZE,-1.3023146,2019-11-16,2019,11,-1.4015563,-0.6802565,-1.6961689
Bangladesh,BGD,0.3924369,2019-11-16,2019,11,-0.54388,-0.35111958,-1.4347694
Belarus,BLR,-0.84986687,2019-11-16,2019,11,-0.882107,-0.29784563,-0.9100485
Belgium,BEL,0.44127297,2019-11-16,2019,11,-0.4677596,-1.3024421,-1.4302307
Belize,BLZ,-1.5109825,2019-11-16,2019,11,-1.8930969,-2.7966843,-2.1007206
Benin,BEN,1.3840955,2019-11-16,2019,11,0.9409309,0.16388206,0.19710141
Bhutan,BTN,1.008431,2019-11-16,2019,11,-0.25079253,0.18146941,-1.1110188
Bolivia,BOL,-0.5822887,2019-11-16,2019,11,-1.4654989,-1.1251823,-1.1049345
Bosnia and Herzegovina,BIH,-0.057281114,2019-11-16,2019,11,-1.6283379,0.10466006,-0.2813616
Botswana,BWA,-1.3390806,2019-11-16,2019,11,-1.4791112,-1.8122737,-2.1026802
Brazil,BRA,-0.7721525,2019-11-16,2019,11,-0.91602874,-0.8720906,-0.7633419
Brunei,BRN,-0.5442252,2019-11-16,2019,11,-1.3052089,-1.5605545,-0.19204587
Bulgaria,BGR,-1.5001934,2019-11-16,2019,11,-1.4460192,-1.0632852,-0.68126875
Burkina Faso,BFA,0.45688418,2019-11-16,2019,11,0.7951835,4.5098794e-05,0.2743228
Burundi,BDI,2.0318317,2019-11-16,2019,11,1.6776701,-0.11130841,-0.48293638
Cabo Verde,CPV,-0.033901554,2019-11-16,2019,11,-0.059454296,0.42581242,0.6913631
Cambodia,KHM,-0.22675034,2019-11-16,2019,11,0.0057227346,0.7282241,-0.62194866
Cameroon,CMR,0.42932668,2019-11-16,2019,11,0.50573504,-0.040194847,0.10850451
Canada,CAN,-0.09536923,2019-11-16,2019,11,0.09282715,0.102326274,0.13461626
Cayman Islands,CYM,,2019-11-16,2019,11,,,
Central African Republic,CAF,0.026024405,2019-11-16,2019,11,-0.10871215,-0.3272979,-0.04856427
Chad,TCD,-0.22924104,2019-11-16,2019,11,0.052663974,0.08432722,0.19969141
Chile,CHL,-0.46879104,2019-11-16,2019,11,-0.92746615,-0.6002651,-0.49346107
China,CHN,-0.36022335,2019-11-16,2019,11,-0.19213803,-0.18538722,0.024035309
Colombia,COL,-0.058768544,2019-11-16,2019,11,-0.45667753,-0.8301442,-1.0770541
Comoros,COM,-1.2187434,2019-11-16,2019,11,-2.1220775,-2.1974192,-1.6317177
Costa Rica,CRI,0.6272114,2019-11-16,2019,11,-0.009451073,0.010124773,0.4603986
Croatia,HRV,0.45661405,2019-11-16,2019,11,-1.1307136,0.01409624,-0.76293576
Cuba,CUB,-0.90310305,2019-11-16,2019,11,-0.63117015,-0.06297008,-0.37834787
Cyprus,CYP,-1.1381502,2019-11-16,2019,11,-0.00865132,0.026657462,0.4121463
Czechia,CZE,-0.21712707,2019-11-16,2019,11,-0.8373348,-1.201129,-1.7880237
Democratic Republic of the Congo,COD,0.28255916,2019-11-16,2019,11,0.231314,0.1034986,-0.10228306
Denmark,DNK,1.5266862,2019-11-16,2019,11,0.9362546,0.16075145,-0.6594205
Djibouti,DJI,0.7207302,2019-11-16,2019,11,0.052099597,-0.15118715,0.19814576
Dominican Republic,DOM,-0.7564028,2019-11-16,2019,11,-1.3334669,-1.3125983,-2.7519507
East Timor,TLS,-0.17902125,2019-11-16,2019,11,-0.32000676,0.29809362,0.11568459
Ecuador,ECU,1.2640543,2019-11-16,2019,11,0.1654479,0.16686374,-0.37075254
Egypt,EGY,-1.3870442,2019-11-16,2019,11,-1.0337218,-1.3265483,-1.7260798
El Salvador,SLV,-0.9953214,2019-11-16,2019,11,-1.6302471,-1.3915058,-1.7755473
Equatorial Guinea,GNQ,0.40106997,2019-11-16,2019,11,0.43291667,0.08525509,0.09456416
Eritrea,ERI,0.92973775,2019-11-16,2019,11,0.91817445,0.36870947,0.46197596
Estonia,EST,0.99690384,2019-11-16,2019,11,0.25359556,-0.043086436,-0.90385574
Ethiopia,ETH,1.2714312,2019-11-16,2019,11,0.69840175,-0.25117776,0.07791491
Falkland Islands,FLK,0.702197,2019-11-16,2019,11,0.71990585,0.4043084,-0.012127673
Faroe Islands,FRO,-0.10132866,2019-11-16,2019,11,-0.05834813,-0.0076427883,-0.18288958
Fiji,FJI,-0.37661684,2019-11-16,2019,11,-0.19873093,-0.42944112,-0.45146644
Finland,FIN,0.96513796,2019-11-16,2019,11,0.3008023,-0.21590848,-0.51879054
France,-99,0.58794695,2019-11-16,2019,11,-0.05672023,0.031558413,0.20213388
French Polynesia,PYF,-1.7500318,2019-11-16,2019,11,-2.0984442,-1.7761513,-1.476219
French Southern and Antarctic Lands,ATF,2.2969718,2019-11-16,2019,11,2.2542686,2.3630652,1.924056
Gabon,GAB,1.5532179,2019-11-16,2019,11,1.5118881,0.6362413,-0.13825901
Gambia,GMB,0.09672667,2019-11-16,2019,11,0.0021669175,-0.9015392,-0.948956
Georgia,GEO,-1.2848998,2019-11-16,2019,11,-1.0659305,-0.28241014,-1.0553502
Germany,DEU,0.11394284,2019-11-16,2019,11,-0.41245103,-1.1392902,-1.6088078
Ghana,GHA,1.3694972,2019-11-16,2019,11,1.357249,0.86206365,0.8725915
Greece,GRC,-0.41767275,2019-11-16,2019,11,-1.7024636,-1.0091606,-0.23534687
Greenland,GRL,0.34156057,2019-11-16,2019,11,-0.12975435,-0.34592947,-0.9462279
Guatemala,GTM,-0.66287196,2019-11-16,2019,11,-0.77932197,-1.9928089,-1.8159679
Guinea,GIN,-0.2447807,2019-11-16,2019,11,-0.13047577,-0.31740323,-0.27773932
Guinea-Bissau,GNB,-0.15174061,2019-11-16,2019,11,-0.045015875,-0.6973515,-0.7969011
Guyana,GUY,1.0896573,2019-11-16,2019,11,0.9647858,1.209265,0.8456348
Haiti,HTI,0.39439282,2019-11-16,2019,11,-0.4948754,0.3817598,-1.8793354
Honduras,HND,-1.4332942,2019-11-16,2019,11,-2.0430274,-1.8102968,-1.9670008
Hungary,HUN,-0.41507754,2019-11-16,2019,11,-1.3106581,-1.080279,-1.2868502
Iceland,ISL,0.17605838,2019-11-16,2019,11,1.0773284,1.239019,0.19444011
India,IND,1.116738,2019-11-16,2019,11,1.0737569,0.9138262,0.1917301
Indonesia,IDN,-1.0390015,2019-11-16,2019,11,-0.9713625,-1.2401853,-0.45167217
Iran,IRN,-0.5673654,2019-11-16,2019,11,-1.1657236,-1.3808755,-1.3168564
Iraq,IRQ,-0.9288809,2019-11-16,2019,11,-1.4412671,-1.4854512,-1.7675103
Ireland,IRL,1.1667753,2019-11-16,2019,11,1.134504,0.6074389,0.55365604
Israel,ISR,-1.0529698,2019-11-16,2019,11,-0.026151162,-0.5007379,-0.79707074
Italy,ITA,0.74825454,2019-11-16,2019,11,-0.962975,-0.59949934,-1.0816432
Ivory Coast,CIV,0.3849158,2019-11-16,2019,11,0.6158783,0.6541243,0.5565774
Jamaica,JAM,-1.518935,2019-11-16,2019,11,-0.9429974,-0.30213028,-0.59366566
Japan,JPN,-0.9106929,2019-11-16,2019,11,0.1887731,-0.07818265,0.49591398
Jordan,JOR,-0.8755064,2019-11-16,2019,11,-0.29615983,-0.5569113,-0.85860604
Kazakhstan,KAZ,-0.41523615,2019-11-16,2019,11,-0.77404326,-1.0223181,-1.0286951
Kenya,KEN,1.9248381,2019-11-16,2019,11,1.8735539,-0.487038,-0.40704653
Kiribati,KIR,,2019-11-16,2019,11,,,
Kosovo,-99,-0.8972976,2019-11-16,2019,11,0.58794695,-0.05672023,0.031558413
Kuwait,KWT,-0.5002483,2019-11-16,2019,11,-1.3965846,-1.596582,-1.8705627
Kyrgyzstan,KGZ,0.16306867,2019-11-16,2019,11,0.16431631,-0.21983896,-0.15284969
Laos,LAO,-1.5756049,2019-11-16,2019,11,-1.0527028,-0.7767044,-0.9004896
Latvia,LVA,0.55245113,2019-11-16,2019,11,-0.02072601,-0.20276026,-0.99559414
Lebanon,LBN,-1.3286533,2019-11-16,2019,11,-0.055075843,-0.20514895,-0.31613296
Lesotho,LSO,-2.3101633,2019-11-16,2019,11,-2.445013,-2.0811853,-1.4888388
Liberia,LBR,-0.35029754,2019-11-16,2019,11,-0.15598755,-0.027359394,0.03140389
Libya,LBY,-0.94625527,2019-11-16,2019,11,-0.82531273,-1.1128426,-1.3118514
Lithuania,LTU,-0.3720904,2019-11-16,2019,11,-0.53010386,-0.3516944,-1.1400497
Luxembourg,LUX,0.17655393,2019-11-16,2019,11,-0.5510186,-1.395578,-1.6311723
Madagascar,MDG,0.65529925,2019-11-16,2019,11,-1.0602334,-0.94927716,-1.181723
Malawi,MWI,0.9130241,2019-11-16,2019,11,0.49936476,-0.33446088,-0.032929324
Malaysia,MYS,-1.3597451,2019-11-16,2019,11,-1.4411587,-1.6933508,-0.4391933
Mali,MLI,-0.2632991,2019-11-16,2019,11,0.018887265,-0.31030735,-0.12676258
Mauritania,MRT,-0.44406793,2019-11-16,2019,11,-0.44585803,-0.65860426,-0.5294201
Mauritius,MUS,0.152089,2019-11-16,2019,11,0.7770178,-0.34476116,-0.10261109
Mexico,MEX,0.6316508,2019-11-16,2019,11,-0.008992134,-0.78253305,-1.1006781
Moldova,MDA,-1.4827335,2019-11-16,2019,11,-1.6049837,-1.6573782,-1.5449796
Mongolia,MNG,-1.5678504,2019-11-16,2019,11,-1.380289,-1.1065598,-0.6870012
Montenegro,MNE,-0.05120982,2019-11-16,2019,11,-2.0126622,-0.15270211,0.051785257
Morocco,MAR,-0.48758093,2019-11-16,2019,11,-0.56163204,-0.4962092,-0.6638308
Mozambique,MOZ,0.03973441,2019-11-16,2019,11,-0.75267947,-1.3803431,-1.2083498
Myanmar,MMR,-0.025551569,2019-11-16,2019,11,0.0783235,-0.22430404,-0.8956005
Namibia,NAM,-0.5419405,2019-11-16,2019,11,-0.60464245,-0.77725255,-0.73535186
Nepal,NPL,-0.7914688,2019-11-16,2019,11,-1.4623809,-0.7661643,-0.3866748
Netherlands,NLD,0.8016932,2019-11-16,2019,11,-0.12166009,-1.0354197,-1.3326757
New Caledonia,NCL,-1.469967,2019-11-16,2019,11,-1.2808572,-1.1599888,-1.219029
New Zealand,NZL,0.20744468,2019-11-16,2019,11,0.7163071,1.1207494,0.68463075
Nicaragua,NIC,-1.0570508,2019-11-16,2019,11,-1.560147,-1.4813687,-1.5044525
Niger,NER,-0.25156894,2019-11-16,2019,11,0.24213786,-0.062430177,0.3359726
Nigeria,NGA,1.0185075,2019-11-16,2019,11,0.9419086,0.23434354,0.49021596
North Korea,PRK,-0.4417977,2019-11-16,2019,11,-0.5369552,-0.84970355,-0.7743879
North Macedonia,MKD,-0.74643826,2019-11-16,2019,11,-1.9436647,-0.92762953,-0.3097093
Northern Cyprus,-99,-0.96851707,2019-11-16,2019,11,-0.8972976,0.58794695,-0.05672023
Norway,-99,0.11186586,2019-11-16,2019,11,-0.96851707,-0.8972976,0.58794695
Oman,OMN,-0.8819898,2019-11-16,2019,11,-1.8307128,-1.5973108,-1.5618114
Pakistan,PAK,0.54986435,2019-11-16,2019,11,-0.0047843843,-0.33524793,0.0012068079
Palestine,PSE,-1.0999514,2019-11-16,2019,11,0.2422282,-0.35572505,-0.70588493
Panama,PAN,0.15925068,2019-11-16,2019,11,-0.33985454,-0.38060948,-0.12252706
Papua New Guinea,PNG,0.26492706,2019-11-16,2019,11,0.33474186,0.0683553,0.15980087
Paraguay,PRY,-1.2599946,2019-11-16,2019,11,-1.7856996,-1.0748111,-0.9574864
Peru,PER,0.036571775,2019-11-16,2019,11,-0.107501134,-0.0068866936,0.24129327
Philippines,PHL,-0.48103696,2019-11-16,2019,11,-0.62518084,0.10093458,0.3423105
Poland,POL,-0.43799835,2019-11-16,2019,11,-0.96255744,-1.1154622,-1.7331824
Portugal,PRT,-0.42728463,2019-11-16,2019,11,-0.91075957,-0.93008494,-0.8894979
Puerto Rico,PRI,-0.050466403,2019-11-16,2019,11,0.35300207,1.0678066,-0.036429603
Qatar,QAT,0.364796,2019-11-16,2019,11,-1.8639814,-2.0015013,-2.0953932
Republic of Serbia,SRB,-1.1457298,2019-11-16,2019,11,-1.7734513,-0.88599217,-0.577596
Republic of the Congo,COG,1.4976926,2019-11-16,2019,11,1.2496252,0.72686946,-0.24049413
Romania,ROU,-1.4132797,2019-11-16,2019,11,-1.5916163,-1.5445573,-1.4292678
Russia,RUS,0.4280783,2019-11-16,2019,11,-0.111034624,-0.20610492,-0.49303535
Rwanda,RWA,2.061602,2019-11-16,2019,11,1.973978,0.2827673,0.36316368
Saint Vincent and the Grenadines,VCT,-0.26456392,2019-11-16,2019,11,-0.37641376,-1.0678596,-1.2296135
Samoa,WSM,-0.51637256,2019-11-16,2019,11,0.10021894,1.1646365,1.3618338
Saudi Arabia,SAU,-0.38195083,2019-11-16,2019,11,-0.9366097,-1.2010334,-1.4110727
Senegal,SEN,0.2948537,2019-11-16,2019,11,0.13134712,-0.97741437,-0.93751585
Siachen Glacier,-99,0.0738382,2019-11-16,2019,11,0.11186586,-0.96851707,-0.8972976
Sierra Leone,SLE,-0.23681092,2019-11-16,2019,11,-0.2871002,-0.9650116,-1.0569242
Slovakia,SVK,0.0024738782,2019-11-16,2019,11,-0.80633825,-0.7859485,-1.3943292
Slovenia,SVN,1.0565947,2019-11-16,2019,11,-0.6137328,0.17791627,-1.1065366
Solomon Islands,SLB,0.05968467,2019-11-16,2019,11,0.03336261,0.035438646,0.037519194
Somalia,SOM,0.51106745,2019-11-16,2019,11,0.3800374,-0.2814439,-0.46373197
Somaliland,-99,0.09685196,2019-11-16,2019,11,0.0738382,0.11186586,-0.96851707
South Africa,ZAF,-1.9644512,2019-11-16,2019,11,-2.1009867,-2.0915074,-2.0988605
South Georgia and the Islands,SGS,0.2637821,2019-11-16,2019,11,0.71046793,0.30947882,0.07634589
South Korea,KOR,1.2120106,2019-11-16,2019,11,0.47491676,-0.012130802,-0.4945283
South Sudan,SSD,0.68126744,2019-11-16,2019,11,0.5702614,0.24806039,0.3732308
Spain,ESP,0.00093289523,2019-11-16,2019,11,-0.40403092,-0.5452023,-1.2156136
Sri Lanka,LKA,1.6108013,2019-11-16,2019,11,2.005365,1.5884799,0.38794792
Sudan,SDN,0.38161415,2019-11-16,2019,11,0.578384,-0.01408237,0.011104047
Suriname,SUR,-0.24007961,2019-11-16,2019,11,-0.057598095,-0.42875633,-0.67089456
Sweden,SWE,0.8025293,2019-11-16,2019,11,0.4347275,-0.30558994,-0.47961926
Switzerland,CHE,-0.037074495,2019-11-16,2019,11,-0.14465085,-0.9299245,-1.0413473
Syria,SYR,-1.4921608,2019-11-16,2019,11,-0.88805556,-0.7997272,-0.9499451
Taiwan,TWN,-0.69694936,2019-11-16,2019,11,-0.25733277,0.333914,0.26517794
Tajikistan,TJK,0.36884558,2019-11-16,2019,11,-0.5319338,-1.3296403,0.17876358
Thailand,THA,-1.4127294,2019-11-16,2019,11,-0.89055306,-0.70637554,-0.82378376
The Bahamas,BHS,-0.7385387,2019-11-16,2019,11,-0.20311518,1.2582632,1.1213474
Togo,TGO,1.7900698,2019-11-16,2019,11,1.502363,0.5931635,0.5441985
Trinidad and Tobago,TTO,-1.4064385,2019-11-16,2019,11,-1.4199301,-1.6960745,-1.7240683
Tunisia,TUN,0.35967895,2019-11-16,2019,11,0.19047523,-0.775497,-1.7547615
Turkey,TUR,-1.7631652,2019-11-16,2019,11,-0.9334335,-0.041163754,0.53091085
Turkmenistan,TKM,-1.0146801,2019-11-16,2019,11,-1.0010778,-0.68817395,-1.1333051
Uganda,UGA,1.6729354,2019-11-16,2019,11,1.3402416,-0.20754637,0.48665392
Ukraine,UKR,-1.2418911,2019-11-16,2019,11,-1.3593533,-1.2835675,-1.5432962
United Arab Emirates,ARE,-0.16440667,2019-11-16,2019,11,-1.6248484,-1.8411455,-1.5965812
United Kingdom,GBR,1.0742207,2019-11-16,2019,11,0.88934183,0.47208065,0.6548572
United Republic of Tanzania,TZA,0.66568226,2019-11-16,2019,11,0.2521984,-0.79329777,-0.7024502
United States Virgin Islands,VIR,-0.8740123,2019-11-16,2019,11,0.33289865,1.2988266,0.7748192
United States of America,USA,0.8221382,2019-11-16,2019,11,0.5803904,0.109604344,-0.08581958
Uruguay,URY,0.93125063,2019-11-16,2019,11,1.1766727,-0.12834157,0.64954245
Uzbekistan,UZB,-1.058177,2019-11-16,2019,11,-1.1537055,-1.249152,-1.1012335
Vanuatu,VUT,0.0908731,2019-11-16,2019,11,0.080608726,0.017624492,-0.009058254
Venezuela,VEN,0.041738156,2019-11-16,2019,11,0.101972185,-0.13378912,-0.1028645
Vietnam,VNM,-1.0764655,2019-11-16,2019,11,-0.9790293,-0.38449782,-0.68584555
Western Sahara,ESH,-0.5754311,2019-11-16,2019,11,-0.6039735,-0.49637324,-0.2687836
Yemen,YEM,-0.72160804,2019-11-16,2019,11,-0.8530328,-0.75057083,-0.94540495
Zambia,ZMB,-0.39858487,2019-11-16,2019,11,-0.5339253,-1.0831926,-1.0958705
Zimbabwe,ZWE,-0.64700675,2019-11-16,2019,11,-0.9648459,-1.0775019,-1.4146156
eSwatini,SWZ,-0.417661,2019-11-16,2019,11,-1.1949251,-1.381315,-1.6575178
Afghanistan,AFG,0.45152715,2019-12-16,2019,12,0.6069136,-0.47809267,-1.2702013
Aland,ALA,1.1684433,2019-12-16,2019,12,1.3158286,0.31538785,-0.16253787
Albania,ALB,0.8949906,2019-12-16,2019,12,0.27353466,-2.0324714,-0.77875274
Algeria,DZA,-0.9232134,2019-12-16,2019,12,-1.0413972,-0.77196306,-0.6473956
Angola,AGO,-0.051530298,2019-12-16,2019,12,0.08222322,0.03175658,-0.22482093
Antarctica,ATA,,2019-12-16,2019,12,,,
Argentina,ARG,-0.32406804,2019-12-16,2019,12,-0.49255383,-0.91322416,-1.0246619
Armenia,ARM,-1.8089061,2019-12-16,2019,12,-1.2459499,-1.1562283,-0.84158045
Australia,AUS,-1.7314721,2019-12-16,2019,12,-1.5082918,-1.2310421,-1.1253601
Austria,AUT,0.46620613,2019-12-16,2019,12,0.42420176,-0.2890909,-0.5282931
Azerbaijan,AZE,-2.060649,2019-12-16,2019,12,-1.3023146,-1.4015563,-0.6802565
Bangladesh,BGD,0.47800925,2019-12-16,2019,12,0.3924369,-0.54388,-0.35111958
Belarus,BLR,-0.3796273,2019-12-16,2019,12,-0.84986687,-0.882107,-0.29784563
Belgium,BEL,0.62848675,2019-12-16,2019,12,0.44127297,-0.4677596,-1.3024421
Belize,BLZ,-0.55528885,2019-12-16,2019,12,-1.5109825,-1.8930969,-2.7966843
Benin,BEN,1.9611175,2019-12-16,2019,12,1.3840955,0.9409309,0.16388206
Bhutan,BTN,0.6953469,2019-12-16,2019,12,1.008431,-0.25079253,0.18146941
Bolivia,BOL,-0.24160706,2019-12-16,2019,12,-0.5822887,-1.4654989,-1.1251823
Bosnia and Herzegovina,BIH,0.010624883,2019-12-16,2019,12,-0.057281114,-1.6283379,0.10466006
Botswana,BWA,-0.9385897,2019-12-16,2019,12,-1.3390806,-1.4791112,-1.8122737
Brazil,BRA,-0.6541879,2019-12-16,2019,12,-0.7721525,-0.91602874,-0.8720906
Brunei,BRN,1.4511627,2019-12-16,2019,12,-0.5442252,-1.3052089,-1.5605545
Bulgaria,BGR,-1.3942481,2019-12-16,2019,12,-1.5001934,-1.4460192,-1.0632852
Burkina Faso,BFA,1.3917762,2019-12-16,2019,12,0.45688418,0.7951835,4.5098794e-05
Burundi,BDI,2.544403,2019-12-16,2019,12,2.0318317,1.6776701,-0.11130841
Cabo Verde,CPV,-0.16630538,2019-12-16,2019,12,-0.033901554,-0.059454296,0.42581242
Cambodia,KHM,-1.6047968,2019-12-16,2019,12,-0.22675034,0.0057227346,0.7282241
Cameroon,CMR,0.6276067,2019-12-16,2019,12,0.42932668,0.50573504,-0.040194847
Canada,CAN,-0.09014911,2019-12-16,2019,12,-0.09536923,0.09282715,0.102326274
Cayman Islands,CYM,,2019-12-16,2019,12,,,
Central African Republic,CAF,0.31724104,2019-12-16,2019,12,0.026024405,-0.10871215,-0.3272979
Chad,TCD,-0.47642985,2019-12-16,2019,12,-0.22924104,0.052663974,0.08432722
Chile,CHL,-0.5163856,2019-12-16,2019,12,-0.46879104,-0.92746615,-0.6002651
China,CHN,-0.024114884,2019-12-16,2019,12,-0.36022335,-0.19213803,-0.18538722
Colombia,COL,-0.24702775,2019-12-16,2019,12,-0.058768544,-0.45667753,-0.8301442
Comoros,COM,0.7576792,2019-12-16,2019,12,-1.2187434,-2.1220775,-2.1974192
Costa Rica,CRI,0.5893394,2019-12-16,2019,12,0.6272114,-0.009451073,0.010124773
Croatia,HRV,0.52382845,2019-12-16,2019,12,0.45661405,-1.1307136,0.01409624
Cuba,CUB,-0.6507269,2019-12-16,2019,12,-0.90310305,-0.63117015,-0.06297008
Cyprus,CYP,0.8468292,2019-12-16,2019,12,-1.1381502,-0.00865132,0.026657462
Czechia,CZE,-0.220024,2019-12-16,2019,12,-0.21712707,-0.8373348,-1.201129
Democratic Republic of the Congo,COD,0.39071938,2019-12-16,2019,12,0.28255916,0.231314,0.1034986
Denmark,DNK,0.8883022,2019-12-16,2019,12,1.5266862,0.9362546,0.16075145
Djibouti,DJI,0.89603627,2019-12-16,2019,12,0.7207302,0.052099597,-0.15118715
Dominican Republic,DOM,-1.0337721,2019-12-16,2019,12,-0.7564028,-1.3334669,-1.3125983
East Timor,TLS,-0.46403584,2019-12-16,2019,12,-0.17902125,-0.32000676,0.29809362
Ecuador,ECU,1.0636756,2019-12-16,2019,12,1.2640543,0.1654479,0.16686374
Egypt,EGY,-1.4661198,2019-12-16,2019,12,-1.3870442,-1.0337218,-1.3265483
El Salvador,SLV,-1.2075895,2019-12-16,2019,12,-0.9953214,-1.6302471,-1.3915058
Equatorial Guinea,GNQ,0.7815807,2019-12-16,2019,12,0.40106997,0.43291667,0.08525509
Eritrea,ERI,0.84730464,2019-12-16,2019,12,0.92973775,0.91817445,0.36870947
Estonia,EST,1.4889331,2019-12-16,2019,12,0.99690384,0.25359556,-0.043086436
Ethiopia,ETH,1.3552772,2019-12-16,2019,12,1.2714312,0.69840175,-0.25117776
Falkland Islands,FLK,0.19150081,2019-12-16,2019,12,0.702197,0.71990585,0.4043084
Faroe Islands,FRO,-0.11282946,2019-12-16,2019,12,-0.10132866,-0.05834813,-0.0076427883
Fiji,FJI,-0.2115098,2019-12-16,2019,12,-0.37661684,-0.19873093,-0.42944112
Finland,FIN,1.422516,2019-12-16,2019,12,0.96513796,0.3008023,-0.21590848
France,-99,1.2666914,2019-12-16,2019,12,0.09685196,0.0738382,0.11186586
French Polynesia,PYF,-1.1650184,2019-12-16,2019,12,-1.7500318,-2.0984442,-1.7761513
French Southern and Antarctic Lands,ATF,2.6642299,2019-12-16,2019,12,2.2969718,2.2542686,2.3630652
Gabon,GAB,1.5581083,2019-12-16,2019,12,1.5532179,1.5118881,0.6362413
Gambia,GMB,0.15609762,2019-12-16,2019,12,0.09672667,0.0021669175,-0.9015392
Georgia,GEO,-1.8165516,2019-12-16,2019,12,-1.2848998,-1.0659305,-0.28241014
Germany,DEU,-0.17251655,2019-12-16,2019,12,0.11394284,-0.41245103,-1.1392902
Ghana,GHA,1.4978577,2019-12-16,2019,12,1.3694972,1.357249,0.86206365
Greece,GRC,0.5923225,2019-12-16,2019,12,-0.41767275,-1.7024636,-1.0091606
Greenland,GRL,0.29239166,2019-12-16,2019,12,0.34156057,-0.12975435,-0.34592947
Guatemala,GTM,-0.2357991,2019-12-16,2019,12,-0.66287196,-0.77932197,-1.9928089
Guinea,GIN,-0.33435318,2019-12-16,2019,12,-0.2447807,-0.13047577,-0.31740323
Guinea-Bissau,GNB,-0.27965242,2019-12-16,2019,12,-0.15174061,-0.045015875,-0.6973515
Guyana,GUY,0.84902734,2019-12-16,2019,12,1.0896573,0.9647858,1.209265
Haiti,HTI,-0.84239703,2019-12-16,2019,12,0.39439282,-0.4948754,0.3817598
Honduras,HND,-1.2062205,2019-12-16,2019,12,-1.4332942,-2.0430274,-1.8102968
Hungary,HUN,-0.07492202,2019-12-16,2019,12,-0.41507754,-1.3106581,-1.080279
Iceland,ISL,-0.61392087,2019-12-16,2019,12,0.17605838,1.0773284,1.239019
India,IND,0.9561724,2019-12-16,2019,12,1.116738,1.0737569,0.9138262
Indonesia,IDN,-0.75678766,2019-12-16,2019,12,-1.0390015,-0.9713625,-1.2401853
Iran,IRN,-0.32032198,2019-12-16,2019,12,-0.5673654,-1.1657236,-1.3808755
Iraq,IRQ,-0.6809813,2019-12-16,2019,12,-0.9288809,-1.4412671,-1.4854512
Ireland,IRL,0.7498762,2019-12-16,2019,12,1.1667753,1.134504,0.6074389
Israel,ISR,-0.6582606,2019-12-16,2019,12,-1.0529698,-0.026151162,-0.5007379
Italy,ITA,0.96725297,2019-12-16,2019,12,0.74825454,-0.962975,-0.59949934
Ivory Coast,CIV,0.33500466,2019-12-16,2019,12,0.3849158,0.6158783,0.6541243
Jamaica,JAM,-1.5605586,2019-12-16,2019,12,-1.518935,-0.9429974,-0.30213028
Japan,JPN,0.117024705,2019-12-16,2019,12,-0.9106929,0.1887731,-0.07818265
Jordan,JOR,-0.8464324,2019-12-16,2019,12,-0.8755064,-0.29615983,-0.5569113
Kazakhstan,KAZ,-0.77531505,2019-12-16,2019,12,-0.41523615,-0.77404326,-1.0223181
Kenya,KEN,2.113274,2019-12-16,2019,12,1.9248381,1.8735539,-0.487038
Kiribati,KIR,,2019-12-16,2019,12,,,
Kosovo,-99,-0.33156535,2019-12-16,2019,12,1.2666914,0.09685196,0.0738382
Kuwait,KWT,0.0853973,2019-12-16,2019,12,-0.5002483,-1.3965846,-1.596582
Kyrgyzstan,KGZ,-0.3580901,2019-12-16,2019,12,0.16306867,0.16431631,-0.21983896
Laos,LAO,-1.6446906,2019-12-16,2019,12,-1.5756049,-1.0527028,-0.7767044
Latvia,LVA,0.976034,2019-12-16,2019,12,0.55245113,-0.02072601,-0.20276026
Lebanon,LBN,0.17490359,2019-12-16,2019,12,-1.3286533,-0.055075843,-0.20514895
Lesotho,LSO,-1.4599657,2019-12-16,2019,12,-2.3101633,-2.445013,-2.0811853
Liberia,LBR,-0.3598472,2019-12-16,2019,12,-0.35029754,-0.15598755,-0.027359394
Libya,LBY,-0.95177716,2019-12-16,2019,12,-0.94625527,-0.82531273,-1.1128426
Lithuania,LTU,-0.18424594,2019-12-16,2019,12,-0.3720904,-0.53010386,-0.3516944
Luxembourg,LUX,0.46322197,2019-12-16,2019,12,0.17655393,-0.5510186,-1.395578
Madagascar,MDG,0.33887467,2019-12-16,2019,12,0.65529925,-1.0602334,-0.94927716
Malawi,MWI,1.1408901,2019-12-16,2019,12,0.9130241,0.49936476,-0.33446088
Malaysia,MYS,-0.038995925,2019-12-16,2019,12,-1.3597451,-1.4411587,-1.6933508
Mali,MLI,-0.26936617,2019-12-16,2019,12,-0.2632991,0.018887265,-0.31030735
Mauritania,MRT,-0.67864776,2019-12-16,2019,12,-0.44406793,-0.44585803,-0.65860426
Mauritius,MUS,-0.03252464,2019-12-16,2019,12,0.152089,0.7770178,-0.34476116
Mexico,MEX,0.5498388,2019-12-16,2019,12,0.6316508,-0.008992134,-0.78253305
Moldova,MDA,-1.3622684,2019-12-16,2019,12,-1.4827335,-1.6049837,-1.6573782
Mongolia,MNG,-0.29999208,2019-12-16,2019,12,-1.5678504,-1.380289,-1.1065598
Montenegro,MNE,0.20940821,2019-12-16,2019,12,-0.05120982,-2.0126622,-0.15270211
Morocco,MAR,-0.62036705,2019-12-16,2019,12,-0.48758093,-0.56163204,-0.4962092
Mozambique,MOZ,0.15396485,2019-12-16,2019,12,0.03973441,-0.75267947,-1.3803431
Myanmar,MMR,-0.19222993,2019-12-16,2019,12,-0.025551569,0.0783235,-0.22430404
Namibia,NAM,-0.36528426,2019-12-16,2019,12,-0.5419405,-0.60464245,-0.77725255
Nepal,NPL,0.8313877,2019-12-16,2019,12,-0.7914688,-1.4623809,-0.7661643
Netherlands,NLD,0.3373264,2019-12-16,2019,12,0.8016932,-0.12166009,-1.0354197
New Caledonia,NCL,-1.4415312,2019-12-16,2019,12,-1.469967,-1.2808572,-1.1599888
New Zealand,NZL,0.34820864,2019-12-16,2019,12,0.20744468,0.7163071,1.1207494
Nicaragua,NIC,-0.92232734,2019-12-16,2019,12,-1.0570508,-1.560147,-1.4813687
Niger,NER,0.2432324,2019-12-16,2019,12,-0.25156894,0.24213786,-0.062430177
Nigeria,NGA,1.5564977,2019-12-16,2019,12,1.0185075,0.9419086,0.23434354
North Korea,PRK,-0.27288815,2019-12-16,2019,12,-0.4417977,-0.5369552,-0.84970355
North Macedonia,MKD,0.13716216,2019-12-16,2019,12,-0.74643826,-1.9436647,-0.92762953
Northern Cyprus,-99,0.8449756,2019-12-16,2019,12,-0.33156535,1.2666914,0.09685196
Norway,-99,0.24582478,2019-12-16,2019,12,0.8449756,-0.33156535,1.2666914
Oman,OMN,-0.6950905,2019-12-16,2019,12,-0.8819898,-1.8307128,-1.5973108
Pakistan,PAK,0.90444654,2019-12-16,2019,12,0.54986435,-0.0047843843,-0.33524793
Palestine,PSE,-0.46851602,2019-12-16,2019,12,-1.0999514,0.2422282,-0.35572505
Panama,PAN,0.14780216,2019-12-16,2019,12,0.15925068,-0.33985454,-0.38060948
Papua New Guinea,PNG,0.16531709,2019-12-16,2019,12,0.26492706,0.33474186,0.0683553
Paraguay,PRY,-0.45841056,2019-12-16,2019,12,-1.2599946,-1.7856996,-1.0748111
Peru,PER,0.23729648,2019-12-16,2019,12,0.036571775,-0.107501134,-0.0068866936
Philippines,PHL,-0.020547412,2019-12-16,2019,12,-0.48103696,-0.62518084,0.10093458
Poland,POL,-0.684917,2019-12-16,2019,12,-0.43799835,-0.96255744,-1.1154622
Portugal,PRT,0.23424082,2019-12-16,2019,12,-0.42728463,-0.91075957,-0.93008494
Puerto Rico,PRI,-0.5364108,2019-12-16,2019,12,-0.050466403,0.35300207,1.0678066
Qatar,QAT,0.74495524,2019-12-16,2019,12,0.364796,-1.8639814,-2.0015013
Republic of Serbia,SRB,-0.9508375,2019-12-16,2019,12,-1.1457298,-1.7734513,-0.88599217
Republic of the Congo,COG,1.7912624,2019-12-16,2019,12,1.4976926,1.2496252,0.72686946
Romania,ROU,-1.3353281,2019-12-16,2019,12,-1.4132797,-1.5916163,-1.5445573
Russia,RUS,0.56725556,2019-12-16,2019,12,0.4280783,-0.111034624,-0.20610492
Rwanda,RWA,2.4270616,2019-12-16,2019,12,2.061602,1.973978,0.2827673
Saint Vincent and the Grenadines,VCT,-0.010010014,2019-12-16,2019,12,-0.26456392,-0.37641376,-1.0678596
Samoa,WSM,-0.082550734,2019-12-16,2019,12,-0.51637256,0.10021894,1.1646365
Saudi Arabia,SAU,-0.4335823,2019-12-16,2019,12,-0.38195083,-0.9366097,-1.2010334
Senegal,SEN,0.66816515,2019-12-16,2019,12,0.2948537,0.13134712,-0.97741437
Siachen Glacier,-99,0.44965428,2019-12-16,2019,12,0.24582478,0.8449756,-0.33156535
Sierra Leone,SLE,-0.4070042,2019-12-16,2019,12,-0.23681092,-0.2871002,-0.9650116
Slovakia,SVK,0.3004576,2019-12-16,2019,12,0.0024738782,-0.80633825,-0.7859485
Slovenia,SVN,0.9870616,2019-12-16,2019,12,1.0565947,-0.6137328,0.17791627
Solomon Islands,SLB,0.046396106,2019-12-16,2019,12,0.05968467,0.03336261,0.035438646
Somalia,SOM,0.42322406,2019-12-16,2019,12,0.51106745,0.3800374,-0.2814439
Somaliland,-99,-0.02161835,2019-12-16,2019,12,0.44965428,0.24582478,0.8449756
South Africa,ZAF,-1.2097515,2019-12-16,2019,12,-1.9644512,-2.1009867,-2.0915074
South Georgia and the Islands,SGS,0.14177088,2019-12-16,2019,12,0.2637821,0.71046793,0.30947882
South Korea,KOR,0.734357,2019-12-16,2019,12,1.2120106,0.47491676,-0.012130802
South Sudan,SSD,0.701746,2019-12-16,2019,12,0.68126744,0.5702614,0.24806039
Spain,ESP,0.50266093,2019-12-16,2019,12,0.00093289523,-0.40403092,-0.5452023
Sri Lanka,LKA,1.2580338,2019-12-16,2019,12,1.6108013,2.005365,1.5884799
Sudan,SDN,0.4165447,2019-12-16,2019,12,0.38161415,0.578384,-0.01408237
Suriname,SUR,0.2754997,2019-12-16,2019,12,-0.24007961,-0.057598095,-0.42875633
Sweden,SWE,0.84274364,2019-12-16,2019,12,0.8025293,0.4347275,-0.30558994
Switzerland,CHE,0.5858007,2019-12-16,2019,12,-0.037074495,-0.14465085,-0.9299245
Syria,SYR,-0.40430057,2019-12-16,2019,12,-1.4921608,-0.88805556,-0.7997272
Taiwan,TWN,-0.89035356,2019-12-16,2019,12,-0.69694936,-0.25733277,0.333914
Tajikistan,TJK,-0.07728578,2019-12-16,2019,12,0.36884558,-0.5319338,-1.3296403
Thailand,THA,-1.5452535,2019-12-16,2019,12,-1.4127294,-0.89055306,-0.70637554
The Bahamas,BHS,-0.3161825,2019-12-16,2019,12,-0.7385387,-0.20311518,1.2582632
Togo,TGO,2.0982525,2019-12-16,2019,12,1.7900698,1.502363,0.5931635
Trinidad and Tobago,TTO,-1.3896618,2019-12-16,2019,12,-1.4064385,-1.4199301,-1.6960745
Tunisia,TUN,0.057786625,2019-12-16,2019,12,0.35967895,0.19047523,-0.775497
Turkey,TUR,-1.0614167,2019-12-16,2019,12,-1.7631652,-0.9334335,-0.041163754
Turkmenistan,TKM,-1.6184199,2019-12-16,2019,12,-1.0146801,-1.0010778,-0.68817395
Uganda,UGA,1.9746989,2019-12-16,2019,12,1.6729354,1.3402416,-0.20754637
Ukraine,UKR,-0.92792004,2019-12-16,2019,12,-1.2418911,-1.3593533,-1.2835675
United Arab Emirates,ARE,0.9842567,2019-12-16,2019,12,-0.16440667,-1.6248484,-1.8411455
United Kingdom,GBR,0.8490625,2019-12-16,2019,12,1.0742207,0.88934183,0.47208065
United Republic of Tanzania,TZA,1.134434,2019-12-16,2019,12,0.66568226,0.2521984,-0.79329777
United States Virgin Islands,VIR,-0.5418912,2019-12-16,2019,12,-0.8740123,0.33289865,1.2988266
United States of America,USA,0.92101866,2019-12-16,2019,12,0.8221382,0.5803904,0.109604344
Uruguay,URY,0.89844406,2019-12-16,2019,12,0.93125063,1.1766727,-0.12834157
Uzbekistan,UZB,-1.4120935,2019-12-16,2019,12,-1.058177,-1.1537055,-1.249152
Vanuatu,VUT,0.028981788,2019-12-16,2019,12,0.0908731,0.080608726,0.017624492
Venezuela,VEN,-0.111671634,2019-12-16,2019,12,0.041738156,0.101972185,-0.13378912
Vietnam,VNM,-1.0373707,2019-12-16,2019,12,-1.0764655,-0.9790293,-0.38449782
Western Sahara,ESH,-0.5749534,2019-12-16,2019,12,-0.5754311,-0.6039735,-0.49637324
Yemen,YEM,-1.3678614,2019-12-16,2019,12,-0.72160804,-0.8530328,-0.75057083
Zambia,ZMB,-0.29764578,2019-12-16,2019,12,-0.39858487,-0.5339253,-1.0831926
Zimbabwe,ZWE,-0.70013994,2019-12-16,2019,12,-0.64700675,-0.9648459,-1.0775019
eSwatini,SWZ,-0.35397857,2019-12-16,2019,12,-0.417661,-1.1949251,-1.381315
Afghanistan,AFG,1.1333348,2020-01-16,2020,1,0.45152715,0.6069136,-0.47809267
Aland,ALA,1.0987445,2020-01-16,2020,1,1.1684433,1.3158286,0.31538785
Albania,ALB,0.53428847,2020-01-16,2020,1,0.8949906,0.27353466,-2.0324714
Algeria,DZA,-1.0036061,2020-01-16,2020,1,-0.9232134,-1.0413972,-0.77196306
Angola,AGO,0.0016043858,2020-01-16,2020,1,-0.051530298,0.08222322,0.03175658
Antarctica,ATA,,2020-01-16,2020,1,,,
Argentina,ARG,-0.29700398,2020-01-16,2020,1,-0.32406804,-0.49255383,-0.91322416
Armenia,ARM,-1.505974,2020-01-16,2020,1,-1.8089061,-1.2459499,-1.1562283
Australia,AUS,-0.9454541,2020-01-16,2020,1,-1.7314721,-1.5082918,-1.2310421
Austria,AUT,0.11922268,2020-01-16,2020,1,0.46620613,0.42420176,-0.2890909
Azerbaijan,AZE,-1.4079818,2020-01-16,2020,1,-2.060649,-1.3023146,-1.4015563
Bangladesh,BGD,1.2163575,2020-01-16,2020,1,0.47800925,0.3924369,-0.54388
Belarus,BLR,-0.03505723,2020-01-16,2020,1,-0.3796273,-0.84986687,-0.882107
Belgium,BEL,-0.3040842,2020-01-16,2020,1,0.62848675,0.44127297,-0.4677596
Belize,BLZ,-0.43278265,2020-01-16,2020,1,-0.55528885,-1.5109825,-1.8930969
Benin,BEN,-0.8385712,2020-01-16,2020,1,1.9611175,1.3840955,0.9409309
Bhutan,BTN,0.453897,2020-01-16,2020,1,0.6953469,1.008431,-0.25079253
Bolivia,BOL,-0.2861173,2020-01-16,2020,1,-0.24160706,-0.5822887,-1.4654989
Bosnia and Herzegovina,BIH,0.29275426,2020-01-16,2020,1,0.010624883,-0.057281114,-1.6283379
Botswana,BWA,-0.31877187,2020-01-16,2020,1,-0.9385897,-1.3390806,-1.4791112
Brazil,BRA,-0.3765122,2020-01-16,2020,1,-0.6541879,-0.7721525,-0.91602874
Brunei,BRN,0.44425526,2020-01-16,2020,1,1.4511627,-0.5442252,-1.3052089
Bulgaria,BGR,-1.911904,2020-01-16,2020,1,-1.3942481,-1.5001934,-1.4460192
Burkina Faso,BFA,-1.8163042,2020-01-16,2020,1,1.3917762,0.45688418,0.7951835
Burundi,BDI,2.4275675,2020-01-16,2020,1,2.544403,2.0318317,1.6776701
Cabo Verde,CPV,-0.81608015,2020-01-16,2020,1,-0.16630538,-0.033901554,-0.059454296
Cambodia,KHM,-1.067267,2020-01-16,2020,1,-1.6047968,-0.22675034,0.0057227346
Cameroon,CMR,-0.06646774,2020-01-16,2020,1,0.6276067,0.42932668,0.50573504
Canada,CAN,-0.051876172,2020-01-16,2020,1,-0.09014911,-0.09536923,0.09282715
Cayman Islands,CYM,,2020-01-16,2020,1,,,
Central African Republic,CAF,-0.4766469,2020-01-16,2020,1,0.31724104,0.026024405,-0.10871215
Chad,TCD,-0.25441435,2020-01-16,2020,1,-0.47642985,-0.22924104,0.052663974
Chile,CHL,-0.20411637,2020-01-16,2020,1,-0.5163856,-0.46879104,-0.92746615
China,CHN,0.18167044,2020-01-16,2020,1,-0.024114884,-0.36022335,-0.19213803
Colombia,COL,-0.4519869,2020-01-16,2020,1,-0.24702775,-0.058768544,-0.45667753
Comoros,COM,0.7130815,2020-01-16,2020,1,0.7576792,-1.2187434,-2.1220775
Costa Rica,CRI,0.8073354,2020-01-16,2020,1,0.5893394,0.6272114,-0.009451073
Croatia,HRV,0.6809117,2020-01-16,2020,1,0.52382845,0.45661405,-1.1307136
Cuba,CUB,-0.45747367,2020-01-16,2020,1,-0.6507269,-0.90310305,-0.63117015
Cyprus,CYP,1.4031801,2020-01-16,2020,1,0.8468292,-1.1381502,-0.00865132
Czechia,CZE,-0.676025,2020-01-16,2020,1,-0.220024,-0.21712707,-0.8373348
Democratic Republic of the Congo,COD,0.21900463,2020-01-16,2020,1,0.39071938,0.28255916,0.231314
Denmark,DNK,0.52778417,2020-01-16,2020,1,0.8883022,1.5266862,0.9362546
Djibouti,DJI,0.9907541,2020-01-16,2020,1,0.89603627,0.7207302,0.052099597
Dominican Republic,DOM,-1.2339826,2020-01-16,2020,1,-1.0337721,-0.7564028,-1.3334669
East Timor,TLS,-1.5478482,2020-01-16,2020,1,-0.46403584,-0.17902125,-0.32000676
Ecuador,ECU,1.3488172,2020-01-16,2020,1,1.0636756,1.2640543,0.1654479
Egypt,EGY,-1.1675683,2020-01-16,2020,1,-1.4661198,-1.3870442,-1.0337218
El Salvador,SLV,-0.7804508,2020-01-16,2020,1,-1.2075895,-0.9953214,-1.6302471
Equatorial Guinea,GNQ,0.1744906,2020-01-16,2020,1,0.7815807,0.40106997,0.43291667
Eritrea,ERI,0.4172798,2020-01-16,2020,1,0.84730464,0.92973775,0.91817445
Estonia,EST,0.91480154,2020-01-16,2020,1,1.4889331,0.99690384,0.25359556
Ethiopia,ETH,1.1531829,2020-01-16,2020,1,1.3552772,1.2714312,0.69840175
Falkland Islands,FLK,-0.20246169,2020-01-16,2020,1,0.19150081,0.702197,0.71990585
Faroe Islands,FRO,0.13411306,2020-01-16,2020,1,-0.11282946,-0.10132866,-0.05834813
Fiji,FJI,-1.2389545,2020-01-16,2020,1,-0.2115098,-0.37661684,-0.19873093
Finland,FIN,1.6622125,2020-01-16,2020,1,1.422516,0.96513796,0.3008023
France,-99,0.6831508,2020-01-16,2020,1,-0.02161835,0.44965428,0.24582478
French Polynesia,PYF,-1.0472442,2020-01-16,2020,1,-1.1650184,-1.7500318,-2.0984442
French Southern and Antarctic Lands,ATF,2.4025517,2020-01-16,2020,1,2.6642299,2.2969718,2.2542686
Gabon,GAB,0.39805046,2020-01-16,2020,1,1.5581083,1.5532179,1.5118881
Gambia,GMB,-2.4511895,2020-01-16,2020,1,0.15609762,0.09672667,0.0021669175
Georgia,GEO,-1.3219155,2020-01-16,2020,1,-1.8165516,-1.2848998,-1.0659305
Germany,DEU,-1.1461998,2020-01-16,2020,1,-0.17251655,0.11394284,-0.41245103
Ghana,GHA,-0.71723646,2020-01-16,2020,1,1.4978577,1.3694972,1.357249
Greece,GRC,0.18951303,2020-01-16,2020,1,0.5923225,-0.41767275,-1.7024636
Greenland,GRL,0.68449545,2020-01-16,2020,1,0.29239166,0.34156057,-0.12975435
Guatemala,GTM,-0.87292606,2020-01-16,2020,1,-0.2357991,-0.66287196,-0.77932197
Guinea,GIN,-0.580362,2020-01-16,2020,1,-0.33435318,-0.2447807,-0.13047577
Guinea-Bissau,GNB,-1.4796455,2020-01-16,2020,1,-0.27965242,-0.15174061,-0.045015875
Guyana,GUY,0.07814433,2020-01-16,2020,1,0.84902734,1.0896573,0.9647858
Haiti,HTI,-0.6644554,2020-01-16,2020,1,-0.84239703,0.39439282,-0.4948754
Honduras,HND,-0.6238081,2020-01-16,2020,1,-1.2062205,-1.4332942,-2.0430274
Hungary,HUN,0.3086193,2020-01-16,2020,1,-0.07492202,-0.41507754,-1.3106581
Iceland,ISL,-0.098186865,2020-01-16,2020,1,-0.61392087,0.17605838,1.0773284
India,IND,0.8526716,2020-01-16,2020,1,0.9561724,1.116738,1.0737569
Indonesia,IDN,-1.1676648,2020-01-16,2020,1,-0.75678766,-1.0390015,-0.9713625
Iran,IRN,0.09229533,2020-01-16,2020,1,-0.32032198,-0.5673654,-1.1657236
Iraq,IRQ,-0.6054901,2020-01-16,2020,1,-0.6809813,-0.9288809,-1.4412671
Ireland,IRL,0.28893936,2020-01-16,2020,1,0.7498762,1.1667753,1.134504
Israel,ISR,0.20312545,2020-01-16,2020,1,-0.6582606,-1.0529698,-0.026151162
Italy,ITA,0.7312221,2020-01-16,2020,1,0.96725297,0.74825454,-0.962975
Ivory Coast,CIV,-0.8052207,2020-01-16,2020,1,0.33500466,0.3849158,0.6158783
Jamaica,JAM,-1.6053834,2020-01-16,2020,1,-1.5605586,-1.518935,-0.9429974
Japan,JPN,-0.55915004,2020-01-16,2020,1,0.117024705,-0.9106929,0.1887731
Jordan,JOR,-0.26694098,2020-01-16,2020,1,-0.8464324,-0.8755064,-0.29615983
Kazakhstan,KAZ,0.07291503,2020-01-16,2020,1,-0.77531505,-0.41523615,-0.77404326
Kenya,KEN,1.8379503,2020-01-16,2020,1,2.113274,1.9248381,1.8735539
Kiribati,KIR,,2020-01-16,2020,1,,,
Kosovo,-99,-0.2874104,2020-01-16,2020,1,0.6831508,-0.02161835,0.44965428
Kuwait,KWT,-0.38483897,2020-01-16,2020,1,0.0853973,-0.5002483,-1.3965846
Kyrgyzstan,KGZ,0.019589305,2020-01-16,2020,1,-0.3580901,0.16306867,0.16431631
Laos,LAO,-0.89070266,2020-01-16,2020,1,-1.6446906,-1.5756049,-1.0527028
Latvia,LVA,0.4856528,2020-01-16,2020,1,0.976034,0.55245113,-0.02072601
Lebanon,LBN,1.1923124,2020-01-16,2020,1,0.17490359,-1.3286533,-0.055075843
Lesotho,LSO,-0.26484776,2020-01-16,2020,1,-1.4599657,-2.3101633,-2.445013
Liberia,LBR,-0.30529132,2020-01-16,2020,1,-0.3598472,-0.35029754,-0.15598755
Libya,LBY,-0.5683552,2020-01-16,2020,1,-0.95177716,-0.94625527,-0.82531273
Lithuania,LTU,-0.046766628,2020-01-16,2020,1,-0.18424594,-0.3720904,-0.53010386
Luxembourg,LUX,-0.5220498,2020-01-16,2020,1,0.46322197,0.17655393,-0.5510186
Madagascar,MDG,0.5018359,2020-01-16,2020,1,0.33887467,0.65529925,-1.0602334
Malawi,MWI,1.0551475,2020-01-16,2020,1,1.1408901,0.9130241,0.49936476
Malaysia,MYS,-0.7332238,2020-01-16,2020,1,-0.038995925,-1.3597451,-1.4411587
Mali,MLI,-1.072462,2020-01-16,2020,1,-0.26936617,-0.2632991,0.018887265
Mauritania,MRT,-1.2744912,2020-01-16,2020,1,-0.67864776,-0.44406793,-0.44585803
Mauritius,MUS,0.016686097,2020-01-16,2020,1,-0.03252464,0.152089,0.7770178
Mexico,MEX,0.15419506,2020-01-16,2020,1,0.5498388,0.6316508,-0.008992134
Moldova,MDA,-1.9454628,2020-01-16,2020,1,-1.3622684,-1.4827335,-1.6049837
Mongolia,MNG,-0.09825086,2020-01-16,2020,1,-0.29999208,-1.5678504,-1.380289
Montenegro,MNE,0.35354802,2020-01-16,2020,1,0.20940821,-0.05120982,-2.0126622
Morocco,MAR,-0.69382155,2020-01-16,2020,1,-0.62036705,-0.48758093,-0.56163204
Mozambique,MOZ,0.4966647,2020-01-16,2020,1,0.15396485,0.03973441,-0.75267947
Myanmar,MMR,0.11262183,2020-01-16,2020,1,-0.19222993,-0.025551569,0.0783235
Namibia,NAM,-0.06728744,2020-01-16,2020,1,-0.36528426,-0.5419405,-0.60464245
Nepal,NPL,1.1217242,2020-01-16,2020,1,0.8313877,-0.7914688,-1.4623809
Netherlands,NLD,-0.4116133,2020-01-16,2020,1,0.3373264,0.8016932,-0.12166009
New Caledonia,NCL,-1.5056208,2020-01-16,2020,1,-1.4415312,-1.469967,-1.2808572
New Zealand,NZL,-0.39181316,2020-01-16,2020,1,0.34820864,0.20744468,0.7163071
Nicaragua,NIC,-0.6510382,2020-01-16,2020,1,-0.92232734,-1.0570508,-1.560147
Niger,NER,-0.08641392,2020-01-16,2020,1,0.2432324,-0.25156894,0.24213786
Nigeria,NGA,0.05990935,2020-01-16,2020,1,1.5564977,1.0185075,0.9419086
North Korea,PRK,1.0920159,2020-01-16,2020,1,-0.27288815,-0.4417977,-0.5369552
North Macedonia,MKD,-0.01042873,2020-01-16,2020,1,0.13716216,-0.74643826,-1.9436647
Northern Cyprus,-99,1.3155793,2020-01-16,2020,1,-0.2874104,0.6831508,-0.02161835
Norway,-99,0.8406047,2020-01-16,2020,1,1.3155793,-0.2874104,0.6831508
Oman,OMN,0.13302952,2020-01-16,2020,1,-0.6950905,-0.8819898,-1.8307128
Pakistan,PAK,1.5622228,2020-01-16,2020,1,0.90444654,0.54986435,-0.0047843843
Palestine,PSE,0.32607663,2020-01-16,2020,1,-0.46851602,-1.0999514,0.2422282
Panama,PAN,0.1660236,2020-01-16,2020,1,0.14780216,0.15925068,-0.33985454
Papua New Guinea,PNG,-0.12958437,2020-01-16,2020,1,0.16531709,0.26492706,0.33474186
Paraguay,PRY,0.21605943,2020-01-16,2020,1,-0.45841056,-1.2599946,-1.7856996
Peru,PER,0.2825487,2020-01-16,2020,1,0.23729648,0.036571775,-0.107501134
Philippines,PHL,0.36446244,2020-01-16,2020,1,-0.020547412,-0.48103696,-0.62518084
Poland,POL,-0.59881705,2020-01-16,2020,1,-0.684917,-0.43799835,-0.96255744
Portugal,PRT,0.29422453,2020-01-16,2020,1,0.23424082,-0.42728463,-0.91075957
Puerto Rico,PRI,0.29077902,2020-01-16,2020,1,-0.5364108,-0.050466403,0.35300207
Qatar,QAT,1.0305947,2020-01-16,2020,1,0.74495524,0.364796,-1.8639814
Republic of Serbia,SRB,-0.69434303,2020-01-16,2020,1,-0.9508375,-1.1457298,-1.7734513
Republic of the Congo,COG,0.36604583,2020-01-16,2020,1,1.7912624,1.4976926,1.2496252
Romania,ROU,-1.6332939,2020-01-16,2020,1,-1.3353281,-1.4132797,-1.5916163
Russia,RUS,0.5826278,2020-01-16,2020,1,0.56725556,0.4280783,-0.111034624
Rwanda,RWA,2.1071281,2020-01-16,2020,1,2.4270616,2.061602,1.973978
Saint Vincent and the Grenadines,VCT,-0.37040737,2020-01-16,2020,1,-0.010010014,-0.26456392,-0.37641376
Samoa,WSM,0.71734995,2020-01-16,2020,1,-0.082550734,-0.51637256,0.10021894
Saudi Arabia,SAU,-0.5900656,2020-01-16,2020,1,-0.4335823,-0.38195083,-0.9366097
Senegal,SEN,-2.477035,2020-01-16,2020,1,0.66816515,0.2948537,0.13134712
Siachen Glacier,-99,0.560147,2020-01-16,2020,1,0.8406047,1.3155793,-0.2874104
Sierra Leone,SLE,-0.27383408,2020-01-16,2020,1,-0.4070042,-0.23681092,-0.2871002
Slovakia,SVK,0.5317784,2020-01-16,2020,1,0.3004576,0.0024738782,-0.80633825
Slovenia,SVN,1.1329309,2020-01-16,2020,1,0.9870616,1.0565947,-0.6137328
Solomon Islands,SLB,0.067059614,2020-01-16,2020,1,0.046396106,0.05968467,0.03336261
Somalia,SOM,0.31058046,2020-01-16,2020,1,0.42322406,0.51106745,0.3800374
Somaliland,-99,-0.0018771784,2020-01-16,2020,1,0.560147,0.8406047,1.3155793
South Africa,ZAF,-0.47464502,2020-01-16,2020,1,-1.2097515,-1.9644512,-2.1009867
South Georgia and the Islands,SGS,-0.60991323,2020-01-16,2020,1,0.14177088,0.2637821,0.71046793
South Korea,KOR,1.4234933,2020-01-16,2020,1,0.734357,1.2120106,0.47491676
South Sudan,SSD,0.3912362,2020-01-16,2020,1,0.701746,0.68126744,0.5702614
Spain,ESP,0.7822806,2020-01-16,2020,1,0.50266093,0.00093289523,-0.40403092
Sri Lanka,LKA,0.33470532,2020-01-16,2020,1,1.2580338,1.6108013,2.005365
Sudan,SDN,-0.016747348,2020-01-16,2020,1,0.4165447,0.38161415,0.578384
Suriname,SUR,-0.9713013,2020-01-16,2020,1,0.2754997,-0.24007961,-0.057598095
Sweden,SWE,1.0801959,2020-01-16,2020,1,0.84274364,0.8025293,0.4347275
Switzerland,CHE,-0.40771714,2020-01-16,2020,1,0.5858007,-0.037074495,-0.14465085
Syria,SYR,-0.11345985,2020-01-16,2020,1,-0.40430057,-1.4921608,-0.88805556
Taiwan,TWN,-0.7280479,2020-01-16,2020,1,-0.89035356,-0.69694936,-0.25733277
Tajikistan,TJK,0.126048,2020-01-16,2020,1,-0.07728578,0.36884558,-0.5319338
Thailand,THA,-1.3428662,2020-01-16,2020,1,-1.5452535,-1.4127294,-0.89055306
The Bahamas,BHS,0.20058048,2020-01-16,2020,1,-0.3161825,-0.7385387,-0.20311518
Togo,TGO,-0.7439007,2020-01-16,2020,1,2.0982525,1.7900698,1.502363
Trinidad and Tobago,TTO,-0.8512106,2020-01-16,2020,1,-1.3896618,-1.4064385,-1.4199301
Tunisia,TUN,-0.96460825,2020-01-16,2020,1,0.057786625,0.35967895,0.19047523
Turkey,TUR,-0.7145988,2020-01-16,2020,1,-1.0614167,-1.7631652,-0.9334335
Turkmenistan,TKM,-0.8089868,2020-01-16,2020,1,-1.6184199,-1.0146801,-1.0010778
Uganda,UGA,1.5969982,2020-01-16,2020,1,1.9746989,1.6729354,1.3402416
Ukraine,UKR,-1.2340775,2020-01-16,2020,1,-0.92792004,-1.2418911,-1.3593533
United Arab Emirates,ARE,1.3175783,2020-01-16,2020,1,0.9842567,-0.16440667,-1.6248484
United Kingdom,GBR,0.40561172,2020-01-16,2020,1,0.8490625,1.0742207,0.88934183
United Republic of Tanzania,TZA,1.452435,2020-01-16,2020,1,1.134434,0.66568226,0.2521984
United States Virgin Islands,VIR,0.45211622,2020-01-16,2020,1,-0.5418912,-0.8740123,0.33289865
United States of America,USA,0.4525103,2020-01-16,2020,1,0.92101866,0.8221382,0.5803904
Uruguay,URY,-0.39491406,2020-01-16,2020,1,0.89844406,0.93125063,1.1766727
Uzbekistan,UZB,-0.8046552,2020-01-16,2020,1,-1.4120935,-1.058177,-1.1537055
Vanuatu,VUT,0.0034823157,2020-01-16,2020,1,0.028981788,0.0908731,0.080608726
Venezuela,VEN,-0.4556239,2020-01-16,2020,1,-0.111671634,0.041738156,0.101972185
Vietnam,VNM,-0.44512862,2020-01-16,2020,1,-1.0373707,-1.0764655,-0.9790293
Western Sahara,ESH,-0.80977446,2020-01-16,2020,1,-0.5749534,-0.5754311,-0.6039735
Yemen,YEM,-1.3092909,2020-01-16,2020,1,-1.3678614,-0.72160804,-0.8530328
Zambia,ZMB,-0.15794446,2020-01-16,2020,1,-0.29764578,-0.39858487,-0.5339253
Zimbabwe,ZWE,-0.2274784,2020-01-16,2020,1,-0.70013994,-0.64700675,-0.9648459
eSwatini,SWZ,0.027295697,2020-01-16,2020,1,-0.35397857,-0.417661,-1.1949251
Afghanistan,AFG,0.30502698,2020-02-15,2020,2,1.1333348,0.45152715,0.6069136
Aland,ALA,1.2926008,2020-02-15,2020,2,1.0987445,1.1684433,1.3158286
Albania,ALB,-1.2812489,2020-02-15,2020,2,0.53428847,0.8949906,0.27353466
Algeria,DZA,-1.3337073,2020-02-15,2020,2,-1.0036061,-0.9232134,-1.0413972
Angola,AGO,0.05878786,2020-02-15,2020,2,0.0016043858,-0.051530298,0.08222322
Antarctica,ATA,,2020-02-15,2020,2,,,
Argentina,ARG,-0.2529108,2020-02-15,2020,2,-0.29700398,-0.32406804,-0.49255383
Armenia,ARM,-0.32428598,2020-02-15,2020,2,-1.505974,-1.8089061,-1.2459499
Australia,AUS,-0.25575453,2020-02-15,2020,2,-0.9454541,-1.7314721,-1.5082918
Austria,AUT,-0.067989506,2020-02-15,2020,2,0.11922268,0.46620613,0.42420176
Azerbaijan,AZE,-1.0865377,2020-02-15,2020,2,-1.4079818,-2.060649,-1.3023146
Bangladesh,BGD,0.975489,2020-02-15,2020,2,1.2163575,0.47800925,0.3924369
Belarus,BLR,0.18521123,2020-02-15,2020,2,-0.03505723,-0.3796273,-0.84986687
Belgium,BEL,0.84527695,2020-02-15,2020,2,-0.3040842,0.62848675,0.44127297
Belize,BLZ,-0.45756283,2020-02-15,2020,2,-0.43278265,-0.55528885,-1.5109825
Benin,BEN,-1.6455805,2020-02-15,2020,2,-0.8385712,1.9611175,1.3840955
Bhutan,BTN,0.39716706,2020-02-15,2020,2,0.453897,0.6953469,1.008431
Bolivia,BOL,-0.09361288,2020-02-15,2020,2,-0.2861173,-0.24160706,-0.5822887
Bosnia and Herzegovina,BIH,-1.1400803,2020-02-15,2020,2,0.29275426,0.010624883,-0.057281114
Botswana,BWA,0.10594056,2020-02-15,2020,2,-0.31877187,-0.9385897,-1.3390806
Brazil,BRA,-0.20978954,2020-02-15,2020,2,-0.3765122,-0.6541879,-0.7721525
Brunei,BRN,-0.3146246,2020-02-15,2020,2,0.44425526,1.4511627,-0.5442252
Bulgaria,BGR,-1.5958632,2020-02-15,2020,2,-1.911904,-1.3942481,-1.5001934
Burkina Faso,BFA,-1.4470264,2020-02-15,2020,2,-1.8163042,1.3917762,0.45688418
Burundi,BDI,2.351384,2020-02-15,2020,2,2.4275675,2.544403,2.0318317
Cabo Verde,CPV,-2.3080063,2020-02-15,2020,2,-0.81608015,-0.16630538,-0.033901554
Cambodia,KHM,-1.0246071,2020-02-15,2020,2,-1.067267,-1.6047968,-0.22675034
Cameroon,CMR,-0.7535217,2020-02-15,2020,2,-0.06646774,0.6276067,0.42932668
Canada,CAN,0.017269233,2020-02-15,2020,2,-0.051876172,-0.09014911,-0.09536923
Cayman Islands,CYM,,2020-02-15,2020,2,,,
Central African Republic,CAF,-0.3843291,2020-02-15,2020,2,-0.4766469,0.31724104,0.026024405
Chad,TCD,0.10784664,2020-02-15,2020,2,-0.25441435,-0.47642985,-0.22924104
Chile,CHL,-0.14436883,2020-02-15,2020,2,-0.20411637,-0.5163856,-0.46879104
China,CHN,0.15196964,2020-02-15,2020,2,0.18167044,-0.024114884,-0.36022335
Colombia,COL,-0.7700092,2020-02-15,2020,2,-0.4519869,-0.24702775,-0.058768544
Comoros,COM,0.6410207,2020-02-15,2020,2,0.7130815,0.7576792,-1.2187434
Costa Rica,CRI,0.23740636,2020-02-15,2020,2,0.8073354,0.5893394,0.6272114
Croatia,HRV,-1.0062041,2020-02-15,2020,2,0.6809117,0.52382845,0.45661405
Cuba,CUB,-0.5823932,2020-02-15,2020,2,-0.45747367,-0.6507269,-0.90310305
Cyprus,CYP,1.7050326,2020-02-15,2020,2,1.4031801,0.8468292,-1.1381502
Czechia,CZE,-0.398129,2020-02-15,2020,2,-0.676025,-0.220024,-0.21712707
Democratic Republic of the Congo,COD,0.26918554,2020-02-15,2020,2,0.21900463,0.39071938,0.28255916
Denmark,DNK,0.8040314,2020-02-15,2020,2,0.52778417,0.8883022,1.5266862
Djibouti,DJI,0.23317136,2020-02-15,2020,2,0.9907541,0.89603627,0.7207302
Dominican Republic,DOM,-0.71541035,2020-02-15,2020,2,-1.2339826,-1.0337721,-0.7564028
East Timor,TLS,-2.143844,2020-02-15,2020,2,-1.5478482,-0.46403584,-0.17902125
Ecuador,ECU,0.25799647,2020-02-15,2020,2,1.3488172,1.0636756,1.2640543
Egypt,EGY,-0.24657363,2020-02-15,2020,2,-1.1675683,-1.4661198,-1.3870442
El Salvador,SLV,-0.9288133,2020-02-15,2020,2,-0.7804508,-1.2075895,-0.9953214
Equatorial Guinea,GNQ,-0.6529166,2020-02-15,2020,2,0.1744906,0.7815807,0.40106997
Eritrea,ERI,0.31483617,2020-02-15,2020,2,0.4172798,0.84730464,0.92973775
Estonia,EST,1.4946704,2020-02-15,2020,2,0.91480154,1.4889331,0.99690384
Ethiopia,ETH,0.4368727,2020-02-15,2020,2,1.1531829,1.3552772,1.2714312
Falkland Islands,FLK,-0.5388686,2020-02-15,2020,2,-0.20246169,0.19150081,0.702197
Faroe Islands,FRO,0.3021581,2020-02-15,2020,2,0.13411306,-0.11282946,-0.10132866
Fiji,FJI,-1.5313259,2020-02-15,2020,2,-1.2389545,-0.2115098,-0.37661684
Finland,FIN,1.9146345,2020-02-15,2020,2,1.6622125,1.422516,0.96513796
France,-99,0.04235787,2020-02-15,2020,2,-0.0018771784,0.560147,0.8406047
French Polynesia,PYF,0.2853175,2020-02-15,2020,2,-1.0472442,-1.1650184,-1.7500318
French Southern and Antarctic Lands,ATF,1.1226091,2020-02-15,2020,2,2.4025517,2.6642299,2.2969718
Gabon,GAB,0.31549317,2020-02-15,2020,2,0.39805046,1.5581083,1.5532179
Gambia,GMB,-2.480483,2020-02-15,2020,2,-2.4511895,0.15609762,0.09672667
Georgia,GEO,-0.5081795,2020-02-15,2020,2,-1.3219155,-1.8165516,-1.2848998
Germany,DEU,0.32123032,2020-02-15,2020,2,-1.1461998,-0.17251655,0.11394284
Ghana,GHA,-1.8510616,2020-02-15,2020,2,-0.71723646,1.4978577,1.3694972
Greece,GRC,-0.9777361,2020-02-15,2020,2,0.18951303,0.5923225,-0.41767275
Greenland,GRL,0.7918768,2020-02-15,2020,2,0.68449545,0.29239166,0.34156057
Guatemala,GTM,-0.62926275,2020-02-15,2020,2,-0.87292606,-0.2357991,-0.66287196
Guinea,GIN,-1.8715808,2020-02-15,2020,2,-0.580362,-0.33435318,-0.2447807
Guinea-Bissau,GNB,-2.4415827,2020-02-15,2020,2,-1.4796455,-0.27965242,-0.15174061
Guyana,GUY,-1.0395031,2020-02-15,2020,2,0.07814433,0.84902734,1.0896573
Haiti,HTI,-1.004677,2020-02-15,2020,2,-0.6644554,-0.84239703,0.39439282
Honduras,HND,-0.34066275,2020-02-15,2020,2,-0.6238081,-1.2062205,-1.4332942
Hungary,HUN,-0.5952938,2020-02-15,2020,2,0.3086193,-0.07492202,-0.41507754
Iceland,ISL,0.8765982,2020-02-15,2020,2,-0.098186865,-0.61392087,0.17605838
India,IND,0.6121015,2020-02-15,2020,2,0.8526716,0.9561724,1.116738
Indonesia,IDN,-0.6305763,2020-02-15,2020,2,-1.1676648,-0.75678766,-1.0390015
Iran,IRN,-0.10241361,2020-02-15,2020,2,0.09229533,-0.32032198,-0.5673654
Iraq,IRQ,-0.51581705,2020-02-15,2020,2,-0.6054901,-0.6809813,-0.9288809
Ireland,IRL,1.1424202,2020-02-15,2020,2,0.28893936,0.7498762,1.1667753
Israel,ISR,1.0285568,2020-02-15,2020,2,0.20312545,-0.6582606,-1.0529698
Italy,ITA,-1.2765976,2020-02-15,2020,2,0.7312221,0.96725297,0.74825454
Ivory Coast,CIV,-1.2777194,2020-02-15,2020,2,-0.8052207,0.33500466,0.3849158
Jamaica,JAM,-0.98737913,2020-02-15,2020,2,-1.6053834,-1.5605586,-1.518935
Japan,JPN,-0.06926369,2020-02-15,2020,2,-0.55915004,0.117024705,-0.9106929
Jordan,JOR,0.47095606,2020-02-15,2020,2,-0.26694098,-0.8464324,-0.8755064
Kazakhstan,KAZ,0.24431,2020-02-15,2020,2,0.07291503,-0.77531505,-0.41523615
Kenya,KEN,1.7366668,2020-02-15,2020,2,1.8379503,2.113274,1.9248381
Kiribati,KIR,,2020-02-15,2020,2,,,
Kosovo,-99,-1.4342631,2020-02-15,2020,2,0.04235787,-0.0018771784,0.560147
Kuwait,KWT,-0.911803,2020-02-15,2020,2,-0.38483897,0.0853973,-0.5002483
Kyrgyzstan,KGZ,0.7222562,2020-02-15,2020,2,0.019589305,-0.3580901,0.16306867
Laos,LAO,-0.7930579,2020-02-15,2020,2,-0.89070266,-1.6446906,-1.5756049
Latvia,LVA,1.0966562,2020-02-15,2020,2,0.4856528,0.976034,0.55245113
Lebanon,LBN,1.4310071,2020-02-15,2020,2,1.1923124,0.17490359,-1.3286533
Lesotho,LSO,0.67121166,2020-02-15,2020,2,-0.26484776,-1.4599657,-2.3101633
Liberia,LBR,-0.23868293,2020-02-15,2020,2,-0.30529132,-0.3598472,-0.35029754
Libya,LBY,-0.34039414,2020-02-15,2020,2,-0.5683552,-0.95177716,-0.94625527
Lithuania,LTU,0.58154505,2020-02-15,2020,2,-0.046766628,-0.18424594,-0.3720904
Luxembourg,LUX,0.83134425,2020-02-15,2020,2,-0.5220498,0.46322197,0.17655393
Madagascar,MDG,-0.015196035,2020-02-15,2020,2,0.5018359,0.33887467,0.65529925
Malawi,MWI,0.44368598,2020-02-15,2020,2,1.0551475,1.1408901,0.9130241
Malaysia,MYS,-0.7441084,2020-02-15,2020,2,-0.7332238,-0.038995925,-1.3597451
Mali,MLI,-1.0214431,2020-02-15,2020,2,-1.072462,-0.26936617,-0.2632991
Mauritania,MRT,-1.6384047,2020-02-15,2020,2,-1.2744912,-0.67864776,-0.44406793
Mauritius,MUS,-0.033409823,2020-02-15,2020,2,0.016686097,-0.03252464,0.152089
Mexico,MEX,-0.20271236,2020-02-15,2020,2,0.15419506,0.5498388,0.6316508
Moldova,MDA,-1.5659628,2020-02-15,2020,2,-1.9454628,-1.3622684,-1.4827335
Mongolia,MNG,-0.25980678,2020-02-15,2020,2,-0.09825086,-0.29999208,-1.5678504
Montenegro,MNE,-1.3261708,2020-02-15,2020,2,0.35354802,0.20940821,-0.05120982
Morocco,MAR,-1.2565289,2020-02-15,2020,2,-0.69382155,-0.62036705,-0.48758093
Mozambique,MOZ,0.21505587,2020-02-15,2020,2,0.4966647,0.15396485,0.03973441
Myanmar,MMR,-0.3812065,2020-02-15,2020,2,0.11262183,-0.19222993,-0.025551569
Namibia,NAM,0.19786118,2020-02-15,2020,2,-0.06728744,-0.36528426,-0.5419405
Nepal,NPL,0.70005476,2020-02-15,2020,2,1.1217242,0.8313877,-0.7914688
Netherlands,NLD,0.7939153,2020-02-15,2020,2,-0.4116133,0.3373264,0.8016932
New Caledonia,NCL,-0.68138367,2020-02-15,2020,2,-1.5056208,-1.4415312,-1.469967
New Zealand,NZL,-0.31105453,2020-02-15,2020,2,-0.39181316,0.34820864,0.20744468
Nicaragua,NIC,-0.39273775,2020-02-15,2020,2,-0.6510382,-0.92232734,-1.0570508
Niger,NER,0.03670506,2020-02-15,2020,2,-0.08641392,0.2432324,-0.25156894
Nigeria,NGA,-0.24298139,2020-02-15,2020,2,0.05990935,1.5564977,1.0185075
North Korea,PRK,1.6601146,2020-02-15,2020,2,1.0920159,-0.27288815,-0.4417977
North Macedonia,MKD,-1.2773299,2020-02-15,2020,2,-0.01042873,0.13716216,-0.74643826
Northern Cyprus,-99,1.6380188,2020-02-15,2020,2,-1.4342631,0.04235787,-0.0018771784
Norway,-99,1.1613184,2020-02-15,2020,2,1.6380188,-1.4342631,0.04235787
Oman,OMN,-0.8119082,2020-02-15,2020,2,0.13302952,-0.6950905,-0.8819898
Pakistan,PAK,0.53382134,2020-02-15,2020,2,1.5622228,0.90444654,0.54986435
Palestine,PSE,0.78346366,2020-02-15,2020,2,0.32607663,-0.46851602,-1.0999514
Panama,PAN,-0.53823054,2020-02-15,2020,2,0.1660236,0.14780216,0.15925068
Papua New Guinea,PNG,-0.22270828,2020-02-15,2020,2,-0.12958437,0.16531709,0.26492706
Paraguay,PRY,-0.14997172,2020-02-15,2020,2,0.21605943,-0.45841056,-1.2599946
Peru,PER,0.23515554,2020-02-15,2020,2,0.2825487,0.23729648,0.036571775
Philippines,PHL,0.24048129,2020-02-15,2020,2,0.36446244,-0.020547412,-0.48103696
Poland,POL,0.17063189,2020-02-15,2020,2,-0.59881705,-0.684917,-0.43799835
Portugal,PRT,-0.4697814,2020-02-15,2020,2,0.29422453,0.23424082,-0.42728463
Puerto Rico,PRI,0.9167748,2020-02-15,2020,2,0.29077902,-0.5364108,-0.050466403
Qatar,QAT,-0.40287638,2020-02-15,2020,2,1.0305947,0.74495524,0.364796
Republic of Serbia,SRB,-1.2539322,2020-02-15,2020,2,-0.69434303,-0.9508375,-1.1457298
Republic of the Congo,COG,0.39038342,2020-02-15,2020,2,0.36604583,1.7912624,1.4976926
Romania,ROU,-1.2705327,2020-02-15,2020,2,-1.6332939,-1.3353281,-1.4132797
Russia,RUS,0.72879434,2020-02-15,2020,2,0.5826278,0.56725556,0.4280783
Rwanda,RWA,2.0833578,2020-02-15,2020,2,2.1071281,2.4270616,2.061602
Saint Vincent and the Grenadines,VCT,-0.19840911,2020-02-15,2020,2,-0.37040737,-0.010010014,-0.26456392
Samoa,WSM,1.9806663,2020-02-15,2020,2,0.71734995,-0.082550734,-0.51637256
Saudi Arabia,SAU,-0.95828795,2020-02-15,2020,2,-0.5900656,-0.4335823,-0.38195083
Senegal,SEN,-2.4621503,2020-02-15,2020,2,-2.477035,0.66816515,0.2948537
Siachen Glacier,-99,-0.1314903,2020-02-15,2020,2,1.1613184,1.6380188,-1.4342631
Sierra Leone,SLE,-1.217213,2020-02-15,2020,2,-0.27383408,-0.4070042,-0.23681092
Slovakia,SVK,-0.12258755,2020-02-15,2020,2,0.5317784,0.3004576,0.0024738782
Slovenia,SVN,-0.8215141,2020-02-15,2020,2,1.1329309,0.9870616,1.0565947
Solomon Islands,SLB,0.03802035,2020-02-15,2020,2,0.067059614,0.046396106,0.05968467
Somalia,SOM,0.098237775,2020-02-15,2020,2,0.31058046,0.42322406,0.51106745
Somaliland,-99,-0.21563691,2020-02-15,2020,2,-0.1314903,1.1613184,1.6380188
South Africa,ZAF,0.3821846,2020-02-15,2020,2,-0.47464502,-1.2097515,-1.9644512
South Georgia and the Islands,SGS,-0.098072655,2020-02-15,2020,2,-0.60991323,0.14177088,0.2637821
South Korea,KOR,1.7918565,2020-02-15,2020,2,1.4234933,0.734357,1.2120106
South Sudan,SSD,0.7563452,2020-02-15,2020,2,0.3912362,0.701746,0.68126744
Spain,ESP,-0.11292827,2020-02-15,2020,2,0.7822806,0.50266093,0.00093289523
Sri Lanka,LKA,-0.18754496,2020-02-15,2020,2,0.33470532,1.2580338,1.6108013
Sudan,SDN,0.48237127,2020-02-15,2020,2,-0.016747348,0.4165447,0.38161415
Suriname,SUR,-1.3714463,2020-02-15,2020,2,-0.9713013,0.2754997,-0.24007961
Sweden,SWE,1.2537756,2020-02-15,2020,2,1.0801959,0.84274364,0.8025293
Switzerland,CHE,0.4019809,2020-02-15,2020,2,-0.40771714,0.5858007,-0.037074495
Syria,SYR,0.21278214,2020-02-15,2020,2,-0.11345985,-0.40430057,-1.4921608
Taiwan,TWN,-0.4762592,2020-02-15,2020,2,-0.7280479,-0.89035356,-0.69694936
Tajikistan,TJK,-0.17964618,2020-02-15,2020,2,0.126048,-0.07728578,0.36884558
Thailand,THA,-1.630061,2020-02-15,2020,2,-1.3428662,-1.5452535,-1.4127294
The Bahamas,BHS,0.06819125,2020-02-15,2020,2,0.20058048,-0.3161825,-0.7385387
Togo,TGO,-2.095706,2020-02-15,2020,2,-0.7439007,2.0982525,1.7900698
Trinidad and Tobago,TTO,-0.6810458,2020-02-15,2020,2,-0.8512106,-1.3896618,-1.4064385
Tunisia,TUN,-1.738342,2020-02-15,2020,2,-0.96460825,0.057786625,0.35967895
Turkey,TUR,0.30569297,2020-02-15,2020,2,-0.7145988,-1.0614167,-1.7631652
Turkmenistan,TKM,-0.6639634,2020-02-15,2020,2,-0.8089868,-1.6184199,-1.0146801
Uganda,UGA,1.5046043,2020-02-15,2020,2,1.5969982,1.9746989,1.6729354
Ukraine,UKR,-0.38813138,2020-02-15,2020,2,-1.2340775,-0.92792004,-1.2418911
United Arab Emirates,ARE,-0.15253477,2020-02-15,2020,2,1.3175783,0.9842567,-0.16440667
United Kingdom,GBR,1.2406155,2020-02-15,2020,2,0.40561172,0.8490625,1.0742207
United Republic of Tanzania,TZA,1.4200251,2020-02-15,2020,2,1.452435,1.134434,0.66568226
United States Virgin Islands,VIR,1.6380874,2020-02-15,2020,2,0.45211622,-0.5418912,-0.8740123
United States of America,USA,0.1888128,2020-02-15,2020,2,0.4525103,0.92101866,0.8221382
Uruguay,URY,-0.8178988,2020-02-15,2020,2,-0.39491406,0.89844406,0.93125063
Uzbekistan,UZB,-0.8306887,2020-02-15,2020,2,-0.8046552,-1.4120935,-1.058177
Vanuatu,VUT,0.053880364,2020-02-15,2020,2,0.0034823157,0.028981788,0.0908731
Venezuela,VEN,-0.93828,2020-02-15,2020,2,-0.4556239,-0.111671634,0.041738156
Vietnam,VNM,-0.14336509,2020-02-15,2020,2,-0.44512862,-1.0373707,-1.0764655
Western Sahara,ESH,-1.7166113,2020-02-15,2020,2,-0.80977446,-0.5749534,-0.5754311
Yemen,YEM,-1.3011935,2020-02-15,2020,2,-1.3092909,-1.3678614,-0.72160804
Zambia,ZMB,0.07740073,2020-02-15,2020,2,-0.15794446,-0.29764578,-0.39858487
Zimbabwe,ZWE,-0.049069624,2020-02-15,2020,2,-0.2274784,-0.70013994,-0.64700675
eSwatini,SWZ,0.5212356,2020-02-15,2020,2,0.027295697,-0.35397857,-0.417661
Afghanistan,AFG,0.6931971,2020-03-16,2020,3,0.30502698,1.1333348,0.45152715
Aland,ALA,1.5926753,2020-03-16,2020,3,1.2926008,1.0987445,1.1684433
Albania,ALB,-1.4509033,2020-03-16,2020,3,-1.2812489,0.53428847,0.8949906
Algeria,DZA,-0.9831075,2020-03-16,2020,3,-1.3337073,-1.0036061,-0.9232134
Angola,AGO,0.17748307,2020-03-16,2020,3,0.05878786,0.0016043858,-0.051530298
Antarctica,ATA,,2020-03-16,2020,3,,,
Argentina,ARG,-0.5862367,2020-03-16,2020,3,-0.2529108,-0.29700398,-0.32406804
Armenia,ARM,0.15869918,2020-03-16,2020,3,-0.32428598,-1.505974,-1.8089061
Australia,AUS,0.35123375,2020-03-16,2020,3,-0.25575453,-0.9454541,-1.7314721
Austria,AUT,-0.4394185,2020-03-16,2020,3,-0.067989506,0.11922268,0.46620613
Azerbaijan,AZE,-0.82456225,2020-03-16,2020,3,-1.0865377,-1.4079818,-2.060649
Bangladesh,BGD,0.2673618,2020-03-16,2020,3,0.975489,1.2163575,0.47800925
Belarus,BLR,-0.77293664,2020-03-16,2020,3,0.18521123,-0.03505723,-0.3796273
Belgium,BEL,0.94771755,2020-03-16,2020,3,0.84527695,-0.3040842,0.62848675
Belize,BLZ,-0.897837,2020-03-16,2020,3,-0.45756283,-0.43278265,-0.55528885
Benin,BEN,-1.4763491,2020-03-16,2020,3,-1.6455805,-0.8385712,1.9611175
Bhutan,BTN,1.1218932,2020-03-16,2020,3,0.39716706,0.453897,0.6953469
Bolivia,BOL,-0.6061058,2020-03-16,2020,3,-0.09361288,-0.2861173,-0.24160706
Bosnia and Herzegovina,BIH,-1.3600274,2020-03-16,2020,3,-1.1400803,0.29275426,0.010624883
Botswana,BWA,0.037477218,2020-03-16,2020,3,0.10594056,-0.31877187,-0.9385897
Brazil,BRA,-0.106021315,2020-03-16,2020,3,-0.20978954,-0.3765122,-0.6541879
Brunei,BRN,-1.2749326,2020-03-16,2020,3,-0.3146246,0.44425526,1.4511627
Bulgaria,BGR,-1.0484644,2020-03-16,2020,3,-1.5958632,-1.911904,-1.3942481
Burkina Faso,BFA,-0.97684944,2020-03-16,2020,3,-1.4470264,-1.8163042,1.3917762
Burundi,BDI,1.7363243,2020-03-16,2020,3,2.351384,2.4275675,2.544403
Cabo Verde,CPV,-2.0411904,2020-03-16,2020,3,-2.3080063,-0.81608015,-0.16630538
Cambodia,KHM,-0.18395635,2020-03-16,2020,3,-1.0246071,-1.067267,-1.6047968
Cameroon,CMR,-0.5003273,2020-03-16,2020,3,-0.7535217,-0.06646774,0.6276067
Canada,CAN,0.0022066291,2020-03-16,2020,3,0.017269233,-0.051876172,-0.09014911
Cayman Islands,CYM,,2020-03-16,2020,3,,,
Central African Republic,CAF,-0.45646447,2020-03-16,2020,3,-0.3843291,-0.4766469,0.31724104
Chad,TCD,0.04870328,2020-03-16,2020,3,0.10784664,-0.25441435,-0.47642985
Chile,CHL,-0.20866106,2020-03-16,2020,3,-0.14436883,-0.20411637,-0.5163856
China,CHN,-0.47947043,2020-03-16,2020,3,0.15196964,0.18167044,-0.024114884
Colombia,COL,-1.0022217,2020-03-16,2020,3,-0.7700092,-0.4519869,-0.24702775
Comoros,COM,-0.85282934,2020-03-16,2020,3,0.6410207,0.7130815,0.7576792
Costa Rica,CRI,0.97103405,2020-03-16,2020,3,0.23740636,0.8073354,0.5893394
Croatia,HRV,-1.3005025,2020-03-16,2020,3,-1.0062041,0.6809117,0.52382845
Cuba,CUB,-1.4706582,2020-03-16,2020,3,-0.5823932,-0.45747367,-0.6507269
Cyprus,CYP,1.1264086,2020-03-16,2020,3,1.7050326,1.4031801,0.8468292
Czechia,CZE,-0.6691443,2020-03-16,2020,3,-0.398129,-0.676025,-0.220024
Democratic Republic of the Congo,COD,0.1362984,2020-03-16,2020,3,0.26918554,0.21900463,0.39071938
Denmark,DNK,0.87511414,2020-03-16,2020,3,0.8040314,0.52778417,0.8883022
Djibouti,DJI,0.21216477,2020-03-16,2020,3,0.23317136,0.9907541,0.89603627
Dominican Republic,DOM,-0.85111576,2020-03-16,2020,3,-0.71541035,-1.2339826,-1.0337721
East Timor,TLS,-2.0425375,2020-03-16,2020,3,-2.143844,-1.5478482,-0.46403584
Ecuador,ECU,-0.4186847,2020-03-16,2020,3,0.25799647,1.3488172,1.0636756
Egypt,EGY,-0.1618074,2020-03-16,2020,3,-0.24657363,-1.1675683,-1.4661198
El Salvador,SLV,-0.6777938,2020-03-16,2020,3,-0.9288133,-0.7804508,-1.2075895
Equatorial Guinea,GNQ,-1.1145997,2020-03-16,2020,3,-0.6529166,0.1744906,0.7815807
Eritrea,ERI,-0.119887315,2020-03-16,2020,3,0.31483617,0.4172798,0.84730464
Estonia,EST,1.12946,2020-03-16,2020,3,1.4946704,0.91480154,1.4889331
Ethiopia,ETH,0.07443569,2020-03-16,2020,3,0.4368727,1.1531829,1.3552772
Falkland Islands,FLK,-1.3835278,2020-03-16,2020,3,-0.5388686,-0.20246169,0.19150081
Faroe Islands,FRO,0.29212224,2020-03-16,2020,3,0.3021581,0.13411306,-0.11282946
Fiji,FJI,0.1525996,2020-03-16,2020,3,-1.5313259,-1.2389545,-0.2115098
Finland,FIN,1.7196801,2020-03-16,2020,3,1.9146345,1.6622125,1.422516
France,-99,-0.15890454,2020-03-16,2020,3,-0.21563691,-0.1314903,1.1613184
French Polynesia,PYF,0.21981478,2020-03-16,2020,3,0.2853175,-1.0472442,-1.1650184
French Southern and Antarctic Lands,ATF,-1.3585685,2020-03-16,2020,3,1.1226091,2.4025517,2.6642299
Gabon,GAB,-0.041705966,2020-03-16,2020,3,0.31549317,0.39805046,1.5581083
Gambia,GMB,-2.3181856,2020-03-16,2020,3,-2.480483,-2.4511895,0.15609762
Georgia,GEO,-0.09919525,2020-03-16,2020,3,-0.5081795,-1.3219155,-1.8165516
Germany,DEU,0.48660326,2020-03-16,2020,3,0.32123032,-1.1461998,-0.17251655
Ghana,GHA,-1.1107943,2020-03-16,2020,3,-1.8510616,-0.71723646,1.4978577
Greece,GRC,-1.4269544,2020-03-16,2020,3,-0.9777361,0.18951303,0.5923225
Greenland,GRL,0.52058136,2020-03-16,2020,3,0.7918768,0.68449545,0.29239166
Guatemala,GTM,-0.8464216,2020-03-16,2020,3,-0.62926275,-0.87292606,-0.2357991
Guinea,GIN,-1.6057055,2020-03-16,2020,3,-1.8715808,-0.580362,-0.33435318
Guinea-Bissau,GNB,-2.334665,2020-03-16,2020,3,-2.4415827,-1.4796455,-0.27965242
Guyana,GUY,-1.4917799,2020-03-16,2020,3,-1.0395031,0.07814433,0.84902734
Haiti,HTI,-1.3213365,2020-03-16,2020,3,-1.004677,-0.6644554,-0.84239703
Honduras,HND,-0.51915264,2020-03-16,2020,3,-0.34066275,-0.6238081,-1.2062205
Hungary,HUN,-0.85724056,2020-03-16,2020,3,-0.5952938,0.3086193,-0.07492202
Iceland,ISL,1.1833501,2020-03-16,2020,3,0.8765982,-0.098186865,-0.61392087
India,IND,0.63056034,2020-03-16,2020,3,0.6121015,0.8526716,0.9561724
Indonesia,IDN,-0.6040041,2020-03-16,2020,3,-0.6305763,-1.1676648,-0.75678766
Iran,IRN,0.17153935,2020-03-16,2020,3,-0.10241361,0.09229533,-0.32032198
Iraq,IRQ,-0.24226739,2020-03-16,2020,3,-0.51581705,-0.6054901,-0.6809813
Ireland,IRL,1.2067097,2020-03-16,2020,3,1.1424202,0.28893936,0.7498762
Israel,ISR,1.2114725,2020-03-16,2020,3,1.0285568,0.20312545,-0.6582606
Italy,ITA,-1.3651572,2020-03-16,2020,3,-1.2765976,0.7312221,0.96725297
Ivory Coast,CIV,-0.5826925,2020-03-16,2020,3,-1.2777194,-0.8052207,0.33500466
Jamaica,JAM,-1.2082013,2020-03-16,2020,3,-0.98737913,-1.6053834,-1.5605586
Japan,JPN,0.1353773,2020-03-16,2020,3,-0.06926369,-0.55915004,0.117024705
Jordan,JOR,0.80345225,2020-03-16,2020,3,0.47095606,-0.26694098,-0.8464324
Kazakhstan,KAZ,-1.0192921,2020-03-16,2020,3,0.24431,0.07291503,-0.77531505
Kenya,KEN,0.93121064,2020-03-16,2020,3,1.7366668,1.8379503,2.113274
Kiribati,KIR,,2020-03-16,2020,3,,,
Kosovo,-99,-1.0949817,2020-03-16,2020,3,-0.15890454,-0.21563691,-0.1314903
Kuwait,KWT,-0.9859362,2020-03-16,2020,3,-0.911803,-0.38483897,0.0853973
Kyrgyzstan,KGZ,-0.41315463,2020-03-16,2020,3,0.7222562,0.019589305,-0.3580901
Laos,LAO,-0.2604136,2020-03-16,2020,3,-0.7930579,-0.89070266,-1.6446906
Latvia,LVA,0.6522181,2020-03-16,2020,3,1.0966562,0.4856528,0.976034
Lebanon,LBN,1.25476,2020-03-16,2020,3,1.4310071,1.1923124,0.17490359
Lesotho,LSO,0.8503797,2020-03-16,2020,3,0.67121166,-0.26484776,-1.4599657
Liberia,LBR,-0.3939913,2020-03-16,2020,3,-0.23868293,-0.30529132,-0.3598472
Libya,LBY,-0.32933852,2020-03-16,2020,3,-0.34039414,-0.5683552,-0.95177716
Lithuania,LTU,0.19045591,2020-03-16,2020,3,0.58154505,-0.046766628,-0.18424594
Luxembourg,LUX,1.0428126,2020-03-16,2020,3,0.83134425,-0.5220498,0.46322197
Madagascar,MDG,-0.19719833,2020-03-16,2020,3,-0.015196035,0.5018359,0.33887467
Malawi,MWI,0.10715969,2020-03-16,2020,3,0.44368598,1.0551475,1.1408901
Malaysia,MYS,-1.2207272,2020-03-16,2020,3,-0.7441084,-0.7332238,-0.038995925
Mali,MLI,-0.9431177,2020-03-16,2020,3,-1.0214431,-1.072462,-0.26936617
Mauritania,MRT,-1.5233581,2020-03-16,2020,3,-1.6384047,-1.2744912,-0.67864776
Mauritius,MUS,0.35482866,2020-03-16,2020,3,-0.033409823,0.016686097,-0.03252464
Mexico,MEX,-0.16032177,2020-03-16,2020,3,-0.20271236,0.15419506,0.5498388
Moldova,MDA,-1.7860701,2020-03-16,2020,3,-1.5659628,-1.9454628,-1.3622684
Mongolia,MNG,-1.284465,2020-03-16,2020,3,-0.25980678,-0.09825086,-0.29999208
Montenegro,MNE,-1.4565862,2020-03-16,2020,3,-1.3261708,0.35354802,0.20940821
Morocco,MAR,-1.2831382,2020-03-16,2020,3,-1.2565289,-0.69382155,-0.62036705
Mozambique,MOZ,-0.35585222,2020-03-16,2020,3,0.21505587,0.4966647,0.15396485
Myanmar,MMR,-1.0282372,2020-03-16,2020,3,-0.3812065,0.11262183,-0.19222993
Namibia,NAM,0.18251786,2020-03-16,2020,3,0.19786118,-0.06728744,-0.36528426
Nepal,NPL,0.7515026,2020-03-16,2020,3,0.70005476,1.1217242,0.8313877
Netherlands,NLD,0.87914044,2020-03-16,2020,3,0.7939153,-0.4116133,0.3373264
New Caledonia,NCL,-0.50340146,2020-03-16,2020,3,-0.68138367,-1.5056208,-1.4415312
New Zealand,NZL,-0.67811126,2020-03-16,2020,3,-0.31105453,-0.39181316,0.34820864
Nicaragua,NIC,-0.2658997,2020-03-16,2020,3,-0.39273775,-0.6510382,-0.92232734
Niger,NER,-0.31373906,2020-03-16,2020,3,0.03670506,-0.08641392,0.2432324
Nigeria,NGA,-0.36586416,2020-03-16,2020,3,-0.24298139,0.05990935,1.5564977
North Korea,PRK,0.6498924,2020-03-16,2020,3,1.6601146,1.0920159,-0.27288815
North Macedonia,MKD,-0.96438736,2020-03-16,2020,3,-1.2773299,-0.01042873,0.13716216
Northern Cyprus,-99,1.0229504,2020-03-16,2020,3,-1.0949817,-0.15890454,-0.21563691
Norway,-99,1.1459194,2020-03-16,2020,3,1.0229504,-1.0949817,-0.15890454
Oman,OMN,0.68609494,2020-03-16,2020,3,-0.8119082,0.13302952,-0.6950905
Pakistan,PAK,1.2726027,2020-03-16,2020,3,0.53382134,1.5622228,0.90444654
Palestine,PSE,0.9564807,2020-03-16,2020,3,0.78346366,0.32607663,-0.46851602
Panama,PAN,-0.60260075,2020-03-16,2020,3,-0.53823054,0.1660236,0.14780216
Papua New Guinea,PNG,-0.19602767,2020-03-16,2020,3,-0.22270828,-0.12958437,0.16531709
Paraguay,PRY,-1.0973088,2020-03-16,2020,3,-0.14997172,0.21605943,-0.45841056
Peru,PER,-0.04428324,2020-03-16,2020,3,0.23515554,0.2825487,0.23729648
Philippines,PHL,0.09715926,2020-03-16,2020,3,0.24048129,0.36446244,-0.020547412
Poland,POL,-0.3196271,2020-03-16,2020,3,0.17063189,-0.59881705,-0.684917
Portugal,PRT,-0.7936096,2020-03-16,2020,3,-0.4697814,0.29422453,0.23424082
Puerto Rico,PRI,0.97824025,2020-03-16,2020,3,0.9167748,0.29077902,-0.5364108
Qatar,QAT,-0.2706529,2020-03-16,2020,3,-0.40287638,1.0305947,0.74495524
Republic of Serbia,SRB,-0.775928,2020-03-16,2020,3,-1.2539322,-0.69434303,-0.9508375
Republic of the Congo,COG,-0.030610386,2020-03-16,2020,3,0.39038342,0.36604583,1.7912624
Romania,ROU,-1.034007,2020-03-16,2020,3,-1.2705327,-1.6332939,-1.3353281
Russia,RUS,0.7193478,2020-03-16,2020,3,0.72879434,0.5826278,0.56725556
Rwanda,RWA,1.6748164,2020-03-16,2020,3,2.0833578,2.1071281,2.4270616
Saint Vincent and the Grenadines,VCT,-0.89607954,2020-03-16,2020,3,-0.19840911,-0.37040737,-0.010010014
Samoa,WSM,1.8758457,2020-03-16,2020,3,1.9806663,0.71734995,-0.082550734
Saudi Arabia,SAU,-0.5242019,2020-03-16,2020,3,-0.95828795,-0.5900656,-0.4335823
Senegal,SEN,-2.2375686,2020-03-16,2020,3,-2.4621503,-2.477035,0.66816515
Siachen Glacier,-99,-0.20480219,2020-03-16,2020,3,1.1459194,1.0229504,-1.0949817
Sierra Leone,SLE,-0.7661868,2020-03-16,2020,3,-1.217213,-0.27383408,-0.4070042
Slovakia,SVK,-0.78385115,2020-03-16,2020,3,-0.12258755,0.5317784,0.3004576
Slovenia,SVN,-1.1641362,2020-03-16,2020,3,-0.8215141,1.1329309,0.9870616
Solomon Islands,SLB,0.03676895,2020-03-16,2020,3,0.03802035,0.067059614,0.046396106
Somalia,SOM,-0.045325324,2020-03-16,2020,3,0.098237775,0.31058046,0.42322406
Somaliland,-99,0.111881636,2020-03-16,2020,3,-0.20480219,1.1459194,1.0229504
South Africa,ZAF,0.070973925,2020-03-16,2020,3,0.3821846,-0.47464502,-1.2097515
South Georgia and the Islands,SGS,-0.34912926,2020-03-16,2020,3,-0.098072655,-0.60991323,0.14177088
South Korea,KOR,0.99390936,2020-03-16,2020,3,1.7918565,1.4234933,0.734357
South Sudan,SSD,0.43969107,2020-03-16,2020,3,0.7563452,0.3912362,0.701746
Spain,ESP,-0.20917235,2020-03-16,2020,3,-0.11292827,0.7822806,0.50266093
Sri Lanka,LKA,-1.6051265,2020-03-16,2020,3,-0.18754496,0.33470532,1.2580338
Sudan,SDN,0.25728267,2020-03-16,2020,3,0.48237127,-0.016747348,0.4165447
Suriname,SUR,-1.6717565,2020-03-16,2020,3,-1.3714463,-0.9713013,0.2754997
Sweden,SWE,1.2956389,2020-03-16,2020,3,1.2537756,1.0801959,0.84274364
Switzerland,CHE,0.18121086,2020-03-16,2020,3,0.4019809,-0.40771714,0.5858007
Syria,SYR,0.21562155,2020-03-16,2020,3,0.21278214,-0.11345985,-0.40430057
Taiwan,TWN,-0.17746161,2020-03-16,2020,3,-0.4762592,-0.7280479,-0.89035356
Tajikistan,TJK,0.15152512,2020-03-16,2020,3,-0.17964618,0.126048,-0.07728578
Thailand,THA,-1.0172791,2020-03-16,2020,3,-1.630061,-1.3428662,-1.5452535
The Bahamas,BHS,-1.4909381,2020-03-16,2020,3,0.06819125,0.20058048,-0.3161825
Togo,TGO,-1.5547467,2020-03-16,2020,3,-2.095706,-0.7439007,2.0982525
Trinidad and Tobago,TTO,-1.0088729,2020-03-16,2020,3,-0.6810458,-0.8512106,-1.3896618
Tunisia,TUN,-1.0971441,2020-03-16,2020,3,-1.738342,-0.96460825,0.057786625
Turkey,TUR,0.1432165,2020-03-16,2020,3,0.30569297,-0.7145988,-1.0614167
Turkmenistan,TKM,-0.70734537,2020-03-16,2020,3,-0.6639634,-0.8089868,-1.6184199
Uganda,UGA,0.8321129,2020-03-16,2020,3,1.5046043,1.5969982,1.9746989
Ukraine,UKR,-1.1304862,2020-03-16,2020,3,-0.38813138,-1.2340775,-0.92792004
United Arab Emirates,ARE,0.46436217,2020-03-16,2020,3,-0.15253477,1.3175783,0.9842567
United Kingdom,GBR,1.0117477,2020-03-16,2020,3,1.2406155,0.40561172,0.8490625
United Republic of Tanzania,TZA,1.5636938,2020-03-16,2020,3,1.4200251,1.452435,1.134434
United States Virgin Islands,VIR,1.9147803,2020-03-16,2020,3,1.6380874,0.45211622,-0.5418912
United States of America,USA,0.282321,2020-03-16,2020,3,0.1888128,0.4525103,0.92101866
Uruguay,URY,-1.5893348,2020-03-16,2020,3,-0.8178988,-0.39491406,0.89844406
Uzbekistan,UZB,-1.4363275,2020-03-16,2020,3,-0.8306887,-0.8046552,-1.4120935
Vanuatu,VUT,0.036463335,2020-03-16,2020,3,0.053880364,0.0034823157,0.028981788
Venezuela,VEN,-1.1457556,2020-03-16,2020,3,-0.93828,-0.4556239,-0.111671634
Vietnam,VNM,0.29890898,2020-03-16,2020,3,-0.14336509,-0.44512862,-1.0373707
Western Sahara,ESH,-1.6382358,2020-03-16,2020,3,-1.7166113,-0.80977446,-0.5749534
Yemen,YEM,-0.3784528,2020-03-16,2020,3,-1.3011935,-1.3092909,-1.3678614
Zambia,ZMB,0.170047,2020-03-16,2020,3,0.07740073,-0.15794446,-0.29764578
Zimbabwe,ZWE,-0.14362583,2020-03-16,2020,3,-0.049069624,-0.2274784,-0.70013994
eSwatini,SWZ,0.22011442,2020-03-16,2020,3,0.5212356,0.027295697,-0.35397857
Afghanistan,AFG,0.45992425,2020-04-16,2020,4,0.6931971,0.30502698,1.1333348
Aland,ALA,0.93510884,2020-04-16,2020,4,1.5926753,1.2926008,1.0987445
Albania,ALB,-0.4795181,2020-04-16,2020,4,-1.4509033,-1.2812489,0.53428847
Algeria,DZA,-0.5725589,2020-04-16,2020,4,-0.9831075,-1.3337073,-1.0036061
Angola,AGO,0.1537887,2020-04-16,2020,4,0.17748307,0.05878786,0.0016043858
Antarctica,ATA,,2020-04-16,2020,4,,,
Argentina,ARG,-0.7568608,2020-04-16,2020,4,-0.5862367,-0.2529108,-0.29700398
Armenia,ARM,0.979532,2020-04-16,2020,4,0.15869918,-0.32428598,-1.505974
Australia,AUS,0.24226467,2020-04-16,2020,4,0.35123375,-0.25575453,-0.9454541
Austria,AUT,-0.99417603,2020-04-16,2020,4,-0.4394185,-0.067989506,0.11922268
Azerbaijan,AZE,-0.04711325,2020-04-16,2020,4,-0.82456225,-1.0865377,-1.4079818
Bangladesh,BGD,0.2537775,2020-04-16,2020,4,0.2673618,0.975489,1.2163575
Belarus,BLR,-1.7531188,2020-04-16,2020,4,-0.77293664,0.18521123,-0.03505723
Belgium,BEL,0.18504186,2020-04-16,2020,4,0.94771755,0.84527695,-0.3040842
Belize,BLZ,-1.9403793,2020-04-16,2020,4,-0.897837,-0.45756283,-0.43278265
Benin,BEN,-0.945244,2020-04-16,2020,4,-1.4763491,-1.6455805,-0.8385712
Bhutan,BTN,1.1122731,2020-04-16,2020,4,1.1218932,0.39716706,0.453897
Bolivia,BOL,-0.3659625,2020-04-16,2020,4,-0.6061058,-0.09361288,-0.2861173
Bosnia and Herzegovina,BIH,-1.6314019,2020-04-16,2020,4,-1.3600274,-1.1400803,0.29275426
Botswana,BWA,0.12044802,2020-04-16,2020,4,0.037477218,0.10594056,-0.31877187
Brazil,BRA,-0.14499567,2020-04-16,2020,4,-0.106021315,-0.20978954,-0.3765122
Brunei,BRN,-0.7613238,2020-04-16,2020,4,-1.2749326,-0.3146246,0.44425526
Bulgaria,BGR,-0.5605075,2020-04-16,2020,4,-1.0484644,-1.5958632,-1.911904
Burkina Faso,BFA,-1.101568,2020-04-16,2020,4,-0.97684944,-1.4470264,-1.8163042
Burundi,BDI,1.3012674,2020-04-16,2020,4,1.7363243,2.351384,2.4275675
Cabo Verde,CPV,-2.471442,2020-04-16,2020,4,-2.0411904,-2.3080063,-0.81608015
Cambodia,KHM,-0.5785221,2020-04-16,2020,4,-0.18395635,-1.0246071,-1.067267
Cameroon,CMR,-0.46966055,2020-04-16,2020,4,-0.5003273,-0.7535217,-0.06646774
Canada,CAN,0.051440295,2020-04-16,2020,4,0.0022066291,0.017269233,-0.051876172
Cayman Islands,CYM,,2020-04-16,2020,4,,,
Central African Republic,CAF,-0.5944191,2020-04-16,2020,4,-0.45646447,-0.3843291,-0.4766469
Chad,TCD,-0.29956067,2020-04-16,2020,4,0.04870328,0.10784664,-0.25441435
Chile,CHL,-0.54328257,2020-04-16,2020,4,-0.20866106,-0.14436883,-0.20411637
China,CHN,-0.9397079,2020-04-16,2020,4,-0.47947043,0.15196964,0.18167044
Colombia,COL,-1.1200019,2020-04-16,2020,4,-1.0022217,-0.7700092,-0.4519869
Comoros,COM,-2.1048443,2020-04-16,2020,4,-0.85282934,0.6410207,0.7130815
Costa Rica,CRI,0.80553186,2020-04-16,2020,4,0.97103405,0.23740636,0.8073354
Croatia,HRV,-1.5261822,2020-04-16,2020,4,-1.3005025,-1.0062041,0.6809117
Cuba,CUB,-1.7743771,2020-04-16,2020,4,-1.4706582,-0.5823932,-0.45747367
Cyprus,CYP,0.34957737,2020-04-16,2020,4,1.1264086,1.7050326,1.4031801
Czechia,CZE,-1.6537763,2020-04-16,2020,4,-0.6691443,-0.398129,-0.676025
Democratic Republic of the Congo,COD,0.123599224,2020-04-16,2020,4,0.1362984,0.26918554,0.21900463
Denmark,DNK,-0.5323337,2020-04-16,2020,4,0.87511414,0.8040314,0.52778417
Djibouti,DJI,0.3105699,2020-04-16,2020,4,0.21216477,0.23317136,0.9907541
Dominican Republic,DOM,-0.93986565,2020-04-16,2020,4,-0.85111576,-0.71541035,-1.2339826
East Timor,TLS,-1.9075769,2020-04-16,2020,4,-2.0425375,-2.143844,-1.5478482
Ecuador,ECU,-0.76798725,2020-04-16,2020,4,-0.4186847,0.25799647,1.3488172
Egypt,EGY,-0.00037200114,2020-04-16,2020,4,-0.1618074,-0.24657363,-1.1675683
El Salvador,SLV,-0.53732526,2020-04-16,2020,4,-0.6777938,-0.9288133,-0.7804508
Equatorial Guinea,GNQ,-0.6858808,2020-04-16,2020,4,-1.1145997,-0.6529166,0.1744906
Eritrea,ERI,-0.36939377,2020-04-16,2020,4,-0.119887315,0.31483617,0.4172798
Estonia,EST,1.0070884,2020-04-16,2020,4,1.12946,1.4946704,0.91480154
Ethiopia,ETH,0.07360775,2020-04-16,2020,4,0.07443569,0.4368727,1.1531829
Falkland Islands,FLK,-1.9345908,2020-04-16,2020,4,-1.3835278,-0.5388686,-0.20246169
Faroe Islands,FRO,-0.019612761,2020-04-16,2020,4,0.29212224,0.3021581,0.13411306
Fiji,FJI,1.0608572,2020-04-16,2020,4,0.1525996,-1.5313259,-1.2389545
Finland,FIN,1.5343424,2020-04-16,2020,4,1.7196801,1.9146345,1.6622125
France,-99,-0.43607315,2020-04-16,2020,4,0.111881636,-0.20480219,1.1459194
French Polynesia,PYF,0.29886416,2020-04-16,2020,4,0.21981478,0.2853175,-1.0472442
French Southern and Antarctic Lands,ATF,0.47162968,2020-04-16,2020,4,-1.3585685,1.1226091,2.4025517
Gabon,GAB,-0.3274801,2020-04-16,2020,4,-0.041705966,0.31549317,0.39805046
Gambia,GMB,-2.325082,2020-04-16,2020,4,-2.3181856,-2.480483,-2.4511895
Georgia,GEO,0.09274873,2020-04-16,2020,4,-0.09919525,-0.5081795,-1.3219155
Germany,DEU,-0.5302823,2020-04-16,2020,4,0.48660326,0.32123032,-1.1461998
Ghana,GHA,-0.9226566,2020-04-16,2020,4,-1.1107943,-1.8510616,-0.71723646
Greece,GRC,-0.31736135,2020-04-16,2020,4,-1.4269544,-0.9777361,0.18951303
Greenland,GRL,0.12179143,2020-04-16,2020,4,0.52058136,0.7918768,0.68449545
Guatemala,GTM,-1.0507094,2020-04-16,2020,4,-0.8464216,-0.62926275,-0.87292606
Guinea,GIN,-0.4653343,2020-04-16,2020,4,-1.6057055,-1.8715808,-0.580362
Guinea-Bissau,GNB,-2.1873207,2020-04-16,2020,4,-2.334665,-2.4415827,-1.4796455
Guyana,GUY,0.013651621,2020-04-16,2020,4,-1.4917799,-1.0395031,0.07814433
Haiti,HTI,-2.0588112,2020-04-16,2020,4,-1.3213365,-1.004677,-0.6644554
Honduras,HND,-1.0355253,2020-04-16,2020,4,-0.51915264,-0.34066275,-0.6238081
Hungary,HUN,-1.7185409,2020-04-16,2020,4,-0.85724056,-0.5952938,0.3086193
Iceland,ISL,0.8128588,2020-04-16,2020,4,1.1833501,0.8765982,-0.098186865
India,IND,0.5396553,2020-04-16,2020,4,0.63056034,0.6121015,0.8526716
Indonesia,IDN,0.112023376,2020-04-16,2020,4,-0.6040041,-0.6305763,-1.1676648
Iran,IRN,0.5560216,2020-04-16,2020,4,0.17153935,-0.10241361,0.09229533
Iraq,IRQ,-0.10364951,2020-04-16,2020,4,-0.24226739,-0.51581705,-0.6054901
Ireland,IRL,0.99120486,2020-04-16,2020,4,1.2067097,1.1424202,0.28893936
Israel,ISR,0.5475826,2020-04-16,2020,4,1.2114725,1.0285568,0.20312545
Italy,ITA,-1.2076653,2020-04-16,2020,4,-1.3651572,-1.2765976,0.7312221
Ivory Coast,CIV,-0.75929755,2020-04-16,2020,4,-0.5826925,-1.2777194,-0.8052207
Jamaica,JAM,-1.1267374,2020-04-16,2020,4,-1.2082013,-0.98737913,-1.6053834
Japan,JPN,-0.024558663,2020-04-16,2020,4,0.1353773,-0.06926369,-0.55915004
Jordan,JOR,0.47845817,2020-04-16,2020,4,0.80345225,0.47095606,-0.26694098
Kazakhstan,KAZ,-1.4317684,2020-04-16,2020,4,-1.0192921,0.24431,0.07291503
Kenya,KEN,0.31039807,2020-04-16,2020,4,0.93121064,1.7366668,1.8379503
Kiribati,KIR,,2020-04-16,2020,4,,,
Kosovo,-99,-0.81583977,2020-04-16,2020,4,-0.43607315,0.111881636,-0.20480219
Kuwait,KWT,-0.6161086,2020-04-16,2020,4,-0.9859362,-0.911803,-0.38483897
Kyrgyzstan,KGZ,0.3635885,2020-04-16,2020,4,-0.41315463,0.7222562,0.019589305
Laos,LAO,-0.5467116,2020-04-16,2020,4,-0.2604136,-0.7930579,-0.89070266
Latvia,LVA,-0.3575101,2020-04-16,2020,4,0.6522181,1.0966562,0.4856528
Lebanon,LBN,0.10787896,2020-04-16,2020,4,1.25476,1.4310071,1.1923124
Lesotho,LSO,0.8572731,2020-04-16,2020,4,0.8503797,0.67121166,-0.26484776
Liberia,LBR,-0.2751561,2020-04-16,2020,4,-0.3939913,-0.23868293,-0.30529132
Libya,LBY,-0.56678843,2020-04-16,2020,4,-0.32933852,-0.34039414,-0.5683552
Lithuania,LTU,-1.3881183,2020-04-16,2020,4,0.19045591,0.58154505,-0.046766628
Luxembourg,LUX,0.550104,2020-04-16,2020,4,1.0428126,0.83134425,-0.5220498
Madagascar,MDG,-0.3306273,2020-04-16,2020,4,-0.19719833,-0.015196035,0.5018359
Malawi,MWI,-0.48181656,2020-04-16,2020,4,0.10715969,0.44368598,1.0551475
Malaysia,MYS,-0.63782454,2020-04-16,2020,4,-1.2207272,-0.7441084,-0.7332238
Mali,MLI,-1.095213,2020-04-16,2020,4,-0.9431177,-1.0214431,-1.072462
Mauritania,MRT,-1.5863066,2020-04-16,2020,4,-1.5233581,-1.6384047,-1.2744912
Mauritius,MUS,-0.4172239,2020-04-16,2020,4,0.35482866,-0.033409823,0.016686097
Mexico,MEX,-0.2814239,2020-04-16,2020,4,-0.16032177,-0.20271236,0.15419506
Moldova,MDA,-2.2860386,2020-04-16,2020,4,-1.7860701,-1.5659628,-1.9454628
Mongolia,MNG,-2.1603913,2020-04-16,2020,4,-1.284465,-0.25980678,-0.09825086
Montenegro,MNE,-1.5777715,2020-04-16,2020,4,-1.4565862,-1.3261708,0.35354802
Morocco,MAR,-1.0547478,2020-04-16,2020,4,-1.2831382,-1.2565289,-0.69382155
Mozambique,MOZ,-0.9543048,2020-04-16,2020,4,-0.35585222,0.21505587,0.4966647
Myanmar,MMR,-0.4716076,2020-04-16,2020,4,-1.0282372,-0.3812065,0.11262183
Namibia,NAM,0.23413427,2020-04-16,2020,4,0.18251786,0.19786118,-0.06728744
Nepal,NPL,0.765374,2020-04-16,2020,4,0.7515026,0.70005476,1.1217242
Netherlands,NLD,-0.37148008,2020-04-16,2020,4,0.87914044,0.7939153,-0.4116133
New Caledonia,NCL,0.035572585,2020-04-16,2020,4,-0.50340146,-0.68138367,-1.5056208
New Zealand,NZL,-0.10576135,2020-04-16,2020,4,-0.67811126,-0.31105453,-0.39181316
Nicaragua,NIC,-0.6314713,2020-04-16,2020,4,-0.2658997,-0.39273775,-0.6510382
Niger,NER,-0.5837294,2020-04-16,2020,4,-0.31373906,0.03670506,-0.08641392
Nigeria,NGA,-0.3645283,2020-04-16,2020,4,-0.36586416,-0.24298139,0.05990935
North Korea,PRK,-0.98706555,2020-04-16,2020,4,0.6498924,1.6601146,1.0920159
North Macedonia,MKD,-0.13931045,2020-04-16,2020,4,-0.96438736,-1.2773299,-0.01042873
Northern Cyprus,-99,0.5199407,2020-04-16,2020,4,-0.81583977,-0.43607315,0.111881636
Norway,-99,0.90316314,2020-04-16,2020,4,0.5199407,-0.81583977,-0.43607315
Oman,OMN,0.18264371,2020-04-16,2020,4,0.68609494,-0.8119082,0.13302952
Pakistan,PAK,0.5643257,2020-04-16,2020,4,1.2726027,0.53382134,1.5622228
Palestine,PSE,0.17226775,2020-04-16,2020,4,0.9564807,0.78346366,0.32607663
Panama,PAN,-0.8968852,2020-04-16,2020,4,-0.60260075,-0.53823054,0.1660236
Papua New Guinea,PNG,-0.041732937,2020-04-16,2020,4,-0.19602767,-0.22270828,-0.12958437
Paraguay,PRY,-1.6738296,2020-04-16,2020,4,-1.0973088,-0.14997172,0.21605943
Peru,PER,-0.079811595,2020-04-16,2020,4,-0.04428324,0.23515554,0.2825487
Philippines,PHL,0.06703133,2020-04-16,2020,4,0.09715926,0.24048129,0.36446244
Poland,POL,-1.7521497,2020-04-16,2020,4,-0.3196271,0.17063189,-0.59881705
Portugal,PRT,-0.1133872,2020-04-16,2020,4,-0.7936096,-0.4697814,0.29422453
Puerto Rico,PRI,0.30586094,2020-04-16,2020,4,0.97824025,0.9167748,0.29077902
Qatar,QAT,-0.3335189,2020-04-16,2020,4,-0.2706529,-0.40287638,1.0305947
Republic of Serbia,SRB,-1.2997154,2020-04-16,2020,4,-0.775928,-1.2539322,-0.69434303
Republic of the Congo,COG,-0.31240064,2020-04-16,2020,4,-0.030610386,0.39038342,0.36604583
Romania,ROU,-1.6724019,2020-04-16,2020,4,-1.034007,-1.2705327,-1.6332939
Russia,RUS,-0.34467474,2020-04-16,2020,4,0.7193478,0.72879434,0.5826278
Rwanda,RWA,1.542786,2020-04-16,2020,4,1.6748164,2.0833578,2.1071281
Saint Vincent and the Grenadines,VCT,-1.9518749,2020-04-16,2020,4,-0.89607954,-0.19840911,-0.37040737
Samoa,WSM,1.6955715,2020-04-16,2020,4,1.8758457,1.9806663,0.71734995
Saudi Arabia,SAU,-0.60991764,2020-04-16,2020,4,-0.5242019,-0.95828795,-0.5900656
Senegal,SEN,-2.2075357,2020-04-16,2020,4,-2.2375686,-2.4621503,-2.477035
Siachen Glacier,-99,-0.18983173,2020-04-16,2020,4,0.90316314,0.5199407,-0.81583977
Sierra Leone,SLE,1.2254239,2020-04-16,2020,4,-0.7661868,-1.217213,-0.27383408
Slovakia,SVK,-1.7545112,2020-04-16,2020,4,-0.78385115,-0.12258755,0.5317784
Slovenia,SVN,-1.2839978,2020-04-16,2020,4,-1.1641362,-0.8215141,1.1329309
Solomon Islands,SLB,-0.00069170434,2020-04-16,2020,4,0.03676895,0.03802035,0.067059614
Somalia,SOM,0.16344632,2020-04-16,2020,4,-0.045325324,0.098237775,0.31058046
Somaliland,-99,0.31874305,2020-04-16,2020,4,-0.18983173,0.90316314,0.5199407
South Africa,ZAF,0.003882049,2020-04-16,2020,4,0.070973925,0.3821846,-0.47464502
South Georgia and the Islands,SGS,-0.26112652,2020-04-16,2020,4,-0.34912926,-0.098072655,-0.60991323
South Korea,KOR,-1.3079922,2020-04-16,2020,4,0.99390936,1.7918565,1.4234933
South Sudan,SSD,-0.030831678,2020-04-16,2020,4,0.43969107,0.7563452,0.3912362
Spain,ESP,0.13725518,2020-04-16,2020,4,-0.20917235,-0.11292827,0.7822806
Sri Lanka,LKA,-0.71333194,2020-04-16,2020,4,-1.6051265,-0.18754496,0.33470532
Sudan,SDN,-0.031992678,2020-04-16,2020,4,0.25728267,0.48237127,-0.016747348
Suriname,SUR,-0.92517644,2020-04-16,2020,4,-1.6717565,-1.3714463,-0.9713013
Sweden,SWE,0.74086404,2020-04-16,2020,4,1.2956389,1.2537756,1.0801959
Switzerland,CHE,-0.31858662,2020-04-16,2020,4,0.18121086,0.4019809,-0.40771714
Syria,SYR,0.20543005,2020-04-16,2020,4,0.21562155,0.21278214,-0.11345985
Taiwan,TWN,-0.24827433,2020-04-16,2020,4,-0.17746161,-0.4762592,-0.7280479
Tajikistan,TJK,0.65965337,2020-04-16,2020,4,0.15152512,-0.17964618,0.126048
Thailand,THA,-0.54336166,2020-04-16,2020,4,-1.0172791,-1.630061,-1.3428662
The Bahamas,BHS,-0.71337193,2020-04-16,2020,4,-1.4909381,0.06819125,0.20058048
Togo,TGO,-1.210136,2020-04-16,2020,4,-1.5547467,-2.095706,-0.7439007
Trinidad and Tobago,TTO,-2.272368,2020-04-16,2020,4,-1.0088729,-0.6810458,-0.8512106
Tunisia,TUN,-0.34421456,2020-04-16,2020,4,-1.0971441,-1.738342,-0.96460825
Turkey,TUR,-0.0229824,2020-04-16,2020,4,0.1432165,0.30569297,-0.7145988
Turkmenistan,TKM,-0.10975,2020-04-16,2020,4,-0.70734537,-0.6639634,-0.8089868
Uganda,UGA,0.5134967,2020-04-16,2020,4,0.8321129,1.5046043,1.5969982
Ukraine,UKR,-1.8489101,2020-04-16,2020,4,-1.1304862,-0.38813138,-1.2340775
United Arab Emirates,ARE,0.0830273,2020-04-16,2020,4,0.46436217,-0.15253477,1.3175783
United Kingdom,GBR,0.5254362,2020-04-16,2020,4,1.0117477,1.2406155,0.40561172
United Republic of Tanzania,TZA,1.1367444,2020-04-16,2020,4,1.5636938,1.4200251,1.452435
United States Virgin Islands,VIR,0.2953227,2020-04-16,2020,4,1.9147803,1.6380874,0.45211622
United States of America,USA,0.4133637,2020-04-16,2020,4,0.282321,0.1888128,0.4525103
Uruguay,URY,-1.7376246,2020-04-16,2020,4,-1.5893348,-0.8178988,-0.39491406
Uzbekistan,UZB,-0.9384952,2020-04-16,2020,4,-1.4363275,-0.8306887,-0.8046552
Vanuatu,VUT,-0.0653333,2020-04-16,2020,4,0.036463335,0.053880364,0.0034823157
Venezuela,VEN,-0.828588,2020-04-16,2020,4,-1.1457556,-0.93828,-0.4556239
Vietnam,VNM,0.051257696,2020-04-16,2020,4,0.29890898,-0.14336509,-0.44512862
Western Sahara,ESH,-1.5523654,2020-04-16,2020,4,-1.6382358,-1.7166113,-0.80977446
Yemen,YEM,-0.13136317,2020-04-16,2020,4,-0.3784528,-1.3011935,-1.3092909
Zambia,ZMB,0.22783503,2020-04-16,2020,4,0.170047,0.07740073,-0.15794446
Zimbabwe,ZWE,-0.15861078,2020-04-16,2020,4,-0.14362583,-0.049069624,-0.2274784
eSwatini,SWZ,0.25561044,2020-04-16,2020,4,0.22011442,0.5212356,0.027295697
Afghanistan,AFG,0.53458554,2020-05-16,2020,5,0.45992425,0.6931971,0.30502698
Aland,ALA,-0.27245045,2020-05-16,2020,5,0.93510884,1.5926753,1.2926008
Albania,ALB,-0.15385997,2020-05-16,2020,5,-0.4795181,-1.4509033,-1.2812489
Algeria,DZA,-0.18196559,2020-05-16,2020,5,-0.5725589,-0.9831075,-1.3337073
Angola,AGO,0.14433418,2020-05-16,2020,5,0.1537887,0.17748307,0.05878786
Antarctica,ATA,,2020-05-16,2020,5,,,
Argentina,ARG,-1.1516232,2020-05-16,2020,5,-0.7568608,-0.5862367,-0.2529108
Armenia,ARM,0.50010526,2020-05-16,2020,5,0.979532,0.15869918,-0.32428598
Australia,AUS,0.057582323,2020-05-16,2020,5,0.24226467,0.35123375,-0.25575453
Austria,AUT,-1.5046247,2020-05-16,2020,5,-0.99417603,-0.4394185,-0.067989506
Azerbaijan,AZE,0.03661805,2020-05-16,2020,5,-0.04711325,-0.82456225,-1.0865377
Bangladesh,BGD,0.63081515,2020-05-16,2020,5,0.2537775,0.2673618,0.975489
Belarus,BLR,-0.9559097,2020-05-16,2020,5,-1.7531188,-0.77293664,0.18521123
Belgium,BEL,-2.032036,2020-05-16,2020,5,0.18504186,0.94771755,0.84527695
Belize,BLZ,0.8397655,2020-05-16,2020,5,-1.9403793,-0.897837,-0.45756283
Benin,BEN,-0.54286104,2020-05-16,2020,5,-0.945244,-1.4763491,-1.6455805
Bhutan,BTN,1.1554633,2020-05-16,2020,5,1.1122731,1.1218932,0.39716706
Bolivia,BOL,-1.2147167,2020-05-16,2020,5,-0.3659625,-0.6061058,-0.09361288
Bosnia and Herzegovina,BIH,-1.6274234,2020-05-16,2020,5,-1.6314019,-1.3600274,-1.1400803
Botswana,BWA,-0.09951648,2020-05-16,2020,5,0.12044802,0.037477218,0.10594056
Brazil,BRA,-0.16888224,2020-05-16,2020,5,-0.14499567,-0.106021315,-0.20978954
Brunei,BRN,0.5884716,2020-05-16,2020,5,-0.7613238,-1.2749326,-0.3146246
Bulgaria,BGR,0.0061112326,2020-05-16,2020,5,-0.5605075,-1.0484644,-1.5958632
Burkina Faso,BFA,-1.0721575,2020-05-16,2020,5,-1.101568,-0.97684944,-1.4470264
Burundi,BDI,0.788505,2020-05-16,2020,5,1.3012674,1.7363243,2.351384
Cabo Verde,CPV,-1.4169364,2020-05-16,2020,5,-2.471442,-2.0411904,-2.3080063
Cambodia,KHM,-0.8399188,2020-05-16,2020,5,-0.5785221,-0.18395635,-1.0246071
Cameroon,CMR,-0.6429155,2020-05-16,2020,5,-0.46966055,-0.5003273,-0.7535217
Canada,CAN,0.109181896,2020-05-16,2020,5,0.051440295,0.0022066291,0.017269233
Cayman Islands,CYM,,2020-05-16,2020,5,,,
Central African Republic,CAF,-0.8278344,2020-05-16,2020,5,-0.5944191,-0.45646447,-0.3843291
Chad,TCD,-0.7137542,2020-05-16,2020,5,-0.29956067,0.04870328,0.10784664
Chile,CHL,-0.7550832,2020-05-16,2020,5,-0.54328257,-0.20866106,-0.14436883
China,CHN,-0.7689042,2020-05-16,2020,5,-0.9397079,-0.47947043,0.15196964
Colombia,COL,-1.0771612,2020-05-16,2020,5,-1.1200019,-1.0022217,-0.7700092
Comoros,COM,-1.4512423,2020-05-16,2020,5,-2.1048443,-0.85282934,0.6410207
Costa Rica,CRI,0.22836341,2020-05-16,2020,5,0.80553186,0.97103405,0.23740636
Croatia,HRV,-1.4872243,2020-05-16,2020,5,-1.5261822,-1.3005025,-1.0062041
Cuba,CUB,-0.63925385,2020-05-16,2020,5,-1.7743771,-1.4706582,-0.5823932
Cyprus,CYP,0.86346555,2020-05-16,2020,5,0.34957737,1.1264086,1.7050326
Czechia,CZE,-1.7516553,2020-05-16,2020,5,-1.6537763,-0.6691443,-0.398129
Democratic Republic of the Congo,COD,0.047440115,2020-05-16,2020,5,0.123599224,0.1362984,0.26918554
Denmark,DNK,-1.7685081,2020-05-16,2020,5,-0.5323337,0.87511414,0.8040314
Djibouti,DJI,0.34609693,2020-05-16,2020,5,0.3105699,0.21216477,0.23317136
Dominican Republic,DOM,-0.64844424,2020-05-16,2020,5,-0.93986565,-0.85111576,-0.71541035
East Timor,TLS,-1.1181871,2020-05-16,2020,5,-1.9075769,-2.0425375,-2.143844
Ecuador,ECU,-0.17809469,2020-05-16,2020,5,-0.76798725,-0.4186847,0.25799647
Egypt,EGY,-0.014002068,2020-05-16,2020,5,-0.00037200114,-0.1618074,-0.24657363
El Salvador,SLV,-0.19633362,2020-05-16,2020,5,-0.53732526,-0.6777938,-0.9288133
Equatorial Guinea,GNQ,-0.12766662,2020-05-16,2020,5,-0.6858808,-1.1145997,-0.6529166
Eritrea,ERI,-0.32146782,2020-05-16,2020,5,-0.36939377,-0.119887315,0.31483617
Estonia,EST,-0.25657672,2020-05-16,2020,5,1.0070884,1.12946,1.4946704
Ethiopia,ETH,0.29727504,2020-05-16,2020,5,0.07360775,0.07443569,0.4368727
Falkland Islands,FLK,-2.3967347,2020-05-16,2020,5,-1.9345908,-1.3835278,-0.5388686
Faroe Islands,FRO,-0.34650472,2020-05-16,2020,5,-0.019612761,0.29212224,0.3021581
Fiji,FJI,1.9696116,2020-05-16,2020,5,1.0608572,0.1525996,-1.5313259
Finland,FIN,0.11694911,2020-05-16,2020,5,1.5343424,1.7196801,1.9146345
France,-99,-1.025943,2020-05-16,2020,5,0.31874305,-0.18983173,0.90316314
French Polynesia,PYF,-1.6957061,2020-05-16,2020,5,0.29886416,0.21981478,0.2853175
French Southern and Antarctic Lands,ATF,1.0776763,2020-05-16,2020,5,0.47162968,-1.3585685,1.1226091
Gabon,GAB,-0.43757957,2020-05-16,2020,5,-0.3274801,-0.041705966,0.31549317
Gambia,GMB,-2.3894143,2020-05-16,2020,5,-2.325082,-2.3181856,-2.480483
Georgia,GEO,0.40278095,2020-05-16,2020,5,0.09274873,-0.09919525,-0.5081795
Germany,DEU,-1.9598703,2020-05-16,2020,5,-0.5302823,0.48660326,0.32123032
Ghana,GHA,-0.48889616,2020-05-16,2020,5,-0.9226566,-1.1107943,-1.8510616
Greece,GRC,0.2627931,2020-05-16,2020,5,-0.31736135,-1.4269544,-0.9777361
Greenland,GRL,-0.0537686,2020-05-16,2020,5,0.12179143,0.52058136,0.7918768
Guatemala,GTM,0.48863608,2020-05-16,2020,5,-1.0507094,-0.8464216,-0.62926275
Guinea,GIN,-0.69391847,2020-05-16,2020,5,-0.4653343,-1.6057055,-1.8715808
Guinea-Bissau,GNB,-2.515228,2020-05-16,2020,5,-2.1873207,-2.334665,-2.4415827
Guyana,GUY,0.96903706,2020-05-16,2020,5,0.013651621,-1.4917799,-1.0395031
Haiti,HTI,-1.643606,2020-05-16,2020,5,-2.0588112,-1.3213365,-1.004677
Honduras,HND,-0.025279684,2020-05-16,2020,5,-1.0355253,-0.51915264,-0.34066275
Hungary,HUN,-1.74609,2020-05-16,2020,5,-1.7185409,-0.85724056,-0.5952938
Iceland,ISL,0.24909548,2020-05-16,2020,5,0.8128588,1.1833501,0.8765982
India,IND,0.49727285,2020-05-16,2020,5,0.5396553,0.63056034,0.6121015
Indonesia,IDN,0.35792598,2020-05-16,2020,5,0.112023376,-0.6040041,-0.6305763
Iran,IRN,0.5413478,2020-05-16,2020,5,0.5560216,0.17153935,-0.10241361
Iraq,IRQ,-0.40592203,2020-05-16,2020,5,-0.10364951,-0.24226739,-0.51581705
Ireland,IRL,-2.04523,2020-05-16,2020,5,0.99120486,1.2067097,1.1424202
Israel,ISR,0.25312692,2020-05-16,2020,5,0.5475826,1.2114725,1.0285568
Italy,ITA,-0.77594525,2020-05-16,2020,5,-1.2076653,-1.3651572,-1.2765976
Ivory Coast,CIV,-0.6712895,2020-05-16,2020,5,-0.75929755,-0.5826925,-1.2777194
Jamaica,JAM,-0.061304767,2020-05-16,2020,5,-1.1267374,-1.2082013,-0.98737913
Japan,JPN,-0.24838874,2020-05-16,2020,5,-0.024558663,0.1353773,-0.06926369
Jordan,JOR,0.27684394,2020-05-16,2020,5,0.47845817,0.80345225,0.47095606
Kazakhstan,KAZ,-1.6849124,2020-05-16,2020,5,-1.4317684,-1.0192921,0.24431
Kenya,KEN,-0.100075245,2020-05-16,2020,5,0.31039807,0.93121064,1.7366668
Kiribati,KIR,,2020-05-16,2020,5,,,
Kosovo,-99,-0.71281916,2020-05-16,2020,5,-1.025943,0.31874305,-0.18983173
Kuwait,KWT,-0.50486386,2020-05-16,2020,5,-0.6161086,-0.9859362,-0.911803
Kyrgyzstan,KGZ,-0.3119566,2020-05-16,2020,5,0.3635885,-0.41315463,0.7222562
Laos,LAO,-1.3212428,2020-05-16,2020,5,-0.5467116,-0.2604136,-0.7930579
Latvia,LVA,-0.8604411,2020-05-16,2020,5,-0.3575101,0.6522181,1.0966562
Lebanon,LBN,0.9599261,2020-05-16,2020,5,0.10787896,1.25476,1.4310071
Lesotho,LSO,0.32363114,2020-05-16,2020,5,0.8572731,0.8503797,0.67121166
Liberia,LBR,-0.26573294,2020-05-16,2020,5,-0.2751561,-0.3939913,-0.23868293
Libya,LBY,-0.4994692,2020-05-16,2020,5,-0.56678843,-0.32933852,-0.34039414
Lithuania,LTU,-1.1520404,2020-05-16,2020,5,-1.3881183,0.19045591,0.58154505
Luxembourg,LUX,-1.8118964,2020-05-16,2020,5,0.550104,1.0428126,0.83134425
Madagascar,MDG,-0.4787666,2020-05-16,2020,5,-0.3306273,-0.19719833,-0.015196035
Malawi,MWI,-0.6128177,2020-05-16,2020,5,-0.48181656,0.10715969,0.44368598
Malaysia,MYS,-0.18113963,2020-05-16,2020,5,-0.63782454,-1.2207272,-0.7441084
Mali,MLI,-0.9073214,2020-05-16,2020,5,-1.095213,-0.9431177,-1.0214431
Mauritania,MRT,-1.3480896,2020-05-16,2020,5,-1.5863066,-1.5233581,-1.6384047
Mauritius,MUS,-1.0158811,2020-05-16,2020,5,-0.4172239,0.35482866,-0.033409823
Mexico,MEX,-0.5866381,2020-05-16,2020,5,-0.2814239,-0.16032177,-0.20271236
Moldova,MDA,-1.1409855,2020-05-16,2020,5,-2.2860386,-1.7860701,-1.5659628
Mongolia,MNG,-1.8907437,2020-05-16,2020,5,-2.1603913,-1.284465,-0.25980678
Montenegro,MNE,-1.5741409,2020-05-16,2020,5,-1.5777715,-1.4565862,-1.3261708
Morocco,MAR,-0.7991961,2020-05-16,2020,5,-1.0547478,-1.2831382,-1.2565289
Mozambique,MOZ,-1.3842578,2020-05-16,2020,5,-0.9543048,-0.35585222,0.21505587
Myanmar,MMR,-0.7551983,2020-05-16,2020,5,-0.4716076,-1.0282372,-0.3812065
Namibia,NAM,0.09348435,2020-05-16,2020,5,0.23413427,0.18251786,0.19786118
Nepal,NPL,0.9730758,2020-05-16,2020,5,0.765374,0.7515026,0.70005476
Netherlands,NLD,-2.3940449,2020-05-16,2020,5,-0.37148008,0.87914044,0.7939153
New Caledonia,NCL,-0.20968957,2020-05-16,2020,5,0.035572585,-0.50340146,-0.68138367
New Zealand,NZL,-0.14829236,2020-05-16,2020,5,-0.10576135,-0.67811126,-0.31105453
Nicaragua,NIC,-0.20528777,2020-05-16,2020,5,-0.6314713,-0.2658997,-0.39273775
Niger,NER,-0.856173,2020-05-16,2020,5,-0.5837294,-0.31373906,0.03670506
Nigeria,NGA,-0.43368718,2020-05-16,2020,5,-0.3645283,-0.36586416,-0.24298139
North Korea,PRK,-0.4540783,2020-05-16,2020,5,-0.98706555,0.6498924,1.6601146
North Macedonia,MKD,-0.14789884,2020-05-16,2020,5,-0.13931045,-0.96438736,-1.2773299
Northern Cyprus,-99,0.73449624,2020-05-16,2020,5,-0.71281916,-1.025943,0.31874305
Norway,-99,0.41104248,2020-05-16,2020,5,0.73449624,-0.71281916,-1.025943
Oman,OMN,0.5543266,2020-05-16,2020,5,0.18264371,0.68609494,-0.8119082
Pakistan,PAK,0.8239732,2020-05-16,2020,5,0.5643257,1.2726027,0.53382134
Palestine,PSE,0.39796817,2020-05-16,2020,5,0.17226775,0.9564807,0.78346366
Panama,PAN,-0.9728443,2020-05-16,2020,5,-0.8968852,-0.60260075,-0.53823054
Papua New Guinea,PNG,0.08637301,2020-05-16,2020,5,-0.041732937,-0.19602767,-0.22270828
Paraguay,PRY,-1.8091052,2020-05-16,2020,5,-1.6738296,-1.0973088,-0.14997172
Peru,PER,-0.135682,2020-05-16,2020,5,-0.079811595,-0.04428324,0.23515554
Philippines,PHL,-0.053518698,2020-05-16,2020,5,0.06703133,0.09715926,0.24048129
Poland,POL,-1.6573818,2020-05-16,2020,5,-1.7521497,-0.3196271,0.17063189
Portugal,PRT,0.70201623,2020-05-16,2020,5,-0.1133872,-0.7936096,-0.4697814
Puerto Rico,PRI,-0.6146712,2020-05-16,2020,5,0.30586094,0.97824025,0.9167748
Qatar,QAT,-0.14388877,2020-05-16,2020,5,-0.3335189,-0.2706529,-0.40287638
Republic of Serbia,SRB,-1.3399562,2020-05-16,2020,5,-1.2997154,-0.775928,-1.2539322
Republic of the Congo,COG,-0.5429547,2020-05-16,2020,5,-0.31240064,-0.030610386,0.39038342
Romania,ROU,-1.0763049,2020-05-16,2020,5,-1.6724019,-1.034007,-1.2705327
Russia,RUS,-0.47239596,2020-05-16,2020,5,-0.34467474,0.7193478,0.72879434
Rwanda,RWA,0.74157035,2020-05-16,2020,5,1.542786,1.6748164,2.0833578
Saint Vincent and the Grenadines,VCT,-2.7763054,2020-05-16,2020,5,-1.9518749,-0.89607954,-0.19840911
Samoa,WSM,-0.42345977,2020-05-16,2020,5,1.6955715,1.8758457,1.9806663
Saudi Arabia,SAU,-0.48271927,2020-05-16,2020,5,-0.60991764,-0.5242019,-0.95828795
Senegal,SEN,-2.1924946,2020-05-16,2020,5,-2.2075357,-2.2375686,-2.4621503
Siachen Glacier,-99,0.42714733,2020-05-16,2020,5,0.41104248,0.73449624,-0.71281916
Sierra Leone,SLE,0.97650313,2020-05-16,2020,5,1.2254239,-0.7661868,-1.217213
Slovakia,SVK,-1.8694923,2020-05-16,2020,5,-1.7545112,-0.78385115,-0.12258755
Slovenia,SVN,-1.2345377,2020-05-16,2020,5,-1.2839978,-1.1641362,-0.8215141
Solomon Islands,SLB,0.0028644428,2020-05-16,2020,5,-0.00069170434,0.03676895,0.03802035
Somalia,SOM,0.03126586,2020-05-16,2020,5,0.16344632,-0.045325324,0.098237775
Somaliland,-99,0.35250723,2020-05-16,2020,5,0.42714733,0.41104248,0.73449624
South Africa,ZAF,-0.7199683,2020-05-16,2020,5,0.003882049,0.070973925,0.3821846
South Georgia and the Islands,SGS,-0.18064894,2020-05-16,2020,5,-0.26112652,-0.34912926,-0.098072655
South Korea,KOR,-1.1267586,2020-05-16,2020,5,-1.3079922,0.99390936,1.7918565
South Sudan,SSD,-0.27728212,2020-05-16,2020,5,-0.030831678,0.43969107,0.7563452
Spain,ESP,0.65380996,2020-05-16,2020,5,0.13725518,-0.20917235,-0.11292827
Sri Lanka,LKA,-0.42278117,2020-05-16,2020,5,-0.71333194,-1.6051265,-0.18754496
Sudan,SDN,-0.41174087,2020-05-16,2020,5,-0.031992678,0.25728267,0.48237127
Suriname,SUR,-0.71600485,2020-05-16,2020,5,-0.92517644,-1.6717565,-1.3714463
Sweden,SWE,0.20202354,2020-05-16,2020,5,0.74086404,1.2956389,1.2537756
Switzerland,CHE,-1.5261902,2020-05-16,2020,5,-0.31858662,0.18121086,0.4019809
Syria,SYR,0.5726092,2020-05-16,2020,5,0.20543005,0.21562155,0.21278214
Taiwan,TWN,0.37627837,2020-05-16,2020,5,-0.24827433,-0.17746161,-0.4762592
Tajikistan,TJK,0.346126,2020-05-16,2020,5,0.65965337,0.15152512,-0.17964618
Thailand,THA,-1.0717807,2020-05-16,2020,5,-0.54336166,-1.0172791,-1.630061
The Bahamas,BHS,0.23451088,2020-05-16,2020,5,-0.71337193,-1.4909381,0.06819125
Togo,TGO,-0.3808499,2020-05-16,2020,5,-1.210136,-1.5547467,-2.095706
Trinidad and Tobago,TTO,-2.5356224,2020-05-16,2020,5,-2.272368,-1.0088729,-0.6810458
Tunisia,TUN,-0.40650153,2020-05-16,2020,5,-0.34421456,-1.0971441,-1.738342
Turkey,TUR,0.0020013102,2020-05-16,2020,5,-0.0229824,0.1432165,0.30569297
Turkmenistan,TKM,-0.039649844,2020-05-16,2020,5,-0.10975,-0.70734537,-0.6639634
Uganda,UGA,0.033001676,2020-05-16,2020,5,0.5134967,0.8321129,1.5046043
Ukraine,UKR,-0.8128139,2020-05-16,2020,5,-1.8489101,-1.1304862,-0.38813138
United Arab Emirates,ARE,0.28658837,2020-05-16,2020,5,0.0830273,0.46436217,-0.15253477
United Kingdom,GBR,-2.2837431,2020-05-16,2020,5,0.5254362,1.0117477,1.2406155
United Republic of Tanzania,TZA,1.0573373,2020-05-16,2020,5,1.1367444,1.5636938,1.4200251
United States Virgin Islands,VIR,-1.3647748,2020-05-16,2020,5,0.2953227,1.9147803,1.6380874
United States of America,USA,0.24798205,2020-05-16,2020,5,0.4133637,0.282321,0.1888128
Uruguay,URY,-1.2898897,2020-05-16,2020,5,-1.7376246,-1.5893348,-0.8178988
Uzbekistan,UZB,-0.78041095,2020-05-16,2020,5,-0.9384952,-1.4363275,-0.8306887
Vanuatu,VUT,0.016645841,2020-05-16,2020,5,-0.0653333,0.036463335,0.053880364
Venezuela,VEN,-0.5835295,2020-05-16,2020,5,-0.828588,-1.1457556,-0.93828
Vietnam,VNM,-0.5836834,2020-05-16,2020,5,0.051257696,0.29890898,-0.14336509
Western Sahara,ESH,-1.2528671,2020-05-16,2020,5,-1.5523654,-1.6382358,-1.7166113
Yemen,YEM,0.14666143,2020-05-16,2020,5,-0.13136317,-0.3784528,-1.3011935
Zambia,ZMB,0.085214145,2020-05-16,2020,5,0.22783503,0.170047,0.07740073
Zimbabwe,ZWE,-0.42961302,2020-05-16,2020,5,-0.15861078,-0.14362583,-0.049069624
eSwatini,SWZ,-1.5783671,2020-05-16,2020,5,0.25561044,0.22011442,0.5212356
Afghanistan,AFG,0.19619828,2020-06-16,2020,6,0.53458554,0.45992425,0.6931971
Aland,ALA,-1.2128069,2020-06-16,2020,6,-0.27245045,0.93510884,1.5926753
Albania,ALB,0.3325533,2020-06-16,2020,6,-0.15385997,-0.4795181,-1.4509033
Algeria,DZA,-0.28399602,2020-06-16,2020,6,-0.18196559,-0.5725589,-0.9831075
Angola,AGO,0.09166043,2020-06-16,2020,6,0.14433418,0.1537887,0.17748307
Antarctica,ATA,,2020-06-16,2020,6,,,
Argentina,ARG,-0.67643154,2020-06-16,2020,6,-1.1516232,-0.7568608,-0.5862367
Armenia,ARM,-0.433502,2020-06-16,2020,6,0.50010526,0.979532,0.15869918
Australia,AUS,-0.34893692,2020-06-16,2020,6,0.057582323,0.24226467,0.35123375
Austria,AUT,-0.31039003,2020-06-16,2020,6,-1.5046247,-0.99417603,-0.4394185
Azerbaijan,AZE,-0.6327762,2020-06-16,2020,6,0.03661805,-0.04711325,-0.82456225
Bangladesh,BGD,0.31769237,2020-06-16,2020,6,0.63081515,0.2537775,0.2673618
Belarus,BLR,-0.039517988,2020-06-16,2020,6,-0.9559097,-1.7531188,-0.77293664
Belgium,BEL,-1.9037982,2020-06-16,2020,6,-2.032036,0.18504186,0.94771755
Belize,BLZ,1.5016598,2020-06-16,2020,6,0.8397655,-1.9403793,-0.897837
Benin,BEN,-0.1927387,2020-06-16,2020,6,-0.54286104,-0.945244,-1.4763491
Bhutan,BTN,0.64014155,2020-06-16,2020,6,1.1554633,1.1122731,1.1218932
Bolivia,BOL,-0.27575293,2020-06-16,2020,6,-1.2147167,-0.3659625,-0.6061058
Bosnia and Herzegovina,BIH,-1.1541028,2020-06-16,2020,6,-1.6274234,-1.6314019,-1.3600274
Botswana,BWA,-0.04966946,2020-06-16,2020,6,-0.09951648,0.12044802,0.037477218
Brazil,BRA,0.032599673,2020-06-16,2020,6,-0.16888224,-0.14499567,-0.106021315
Brunei,BRN,0.9510286,2020-06-16,2020,6,0.5884716,-0.7613238,-1.2749326
Bulgaria,BGR,0.48212683,2020-06-16,2020,6,0.0061112326,-0.5605075,-1.0484644
Burkina Faso,BFA,-0.73239625,2020-06-16,2020,6,-1.0721575,-1.101568,-0.97684944
Burundi,BDI,0.56799376,2020-06-16,2020,6,0.788505,1.3012674,1.7363243
Cabo Verde,CPV,-1.4288454,2020-06-16,2020,6,-1.4169364,-2.471442,-2.0411904
Cambodia,KHM,-0.80248094,2020-06-16,2020,6,-0.8399188,-0.5785221,-0.18395635
Cameroon,CMR,-0.5777322,2020-06-16,2020,6,-0.6429155,-0.46966055,-0.5003273
Canada,CAN,0.11436732,2020-06-16,2020,6,0.109181896,0.051440295,0.0022066291
Cayman Islands,CYM,,2020-06-16,2020,6,,,
Central African Republic,CAF,-0.9044361,2020-06-16,2020,6,-0.8278344,-0.5944191,-0.45646447
Chad,TCD,-0.7990756,2020-06-16,2020,6,-0.7137542,-0.29956067,0.04870328
Chile,CHL,-0.15917283,2020-06-16,2020,6,-0.7550832,-0.54328257,-0.20866106
China,CHN,-0.3479961,2020-06-16,2020,6,-0.7689042,-0.9397079,-0.47947043
Colombia,COL,-0.5591625,2020-06-16,2020,6,-1.0771612,-1.1200019,-1.0022217
Comoros,COM,-1.093042,2020-06-16,2020,6,-1.4512423,-2.1048443,-0.85282934
Costa Rica,CRI,-0.1935246,2020-06-16,2020,6,0.22836341,0.80553186,0.97103405
Croatia,HRV,-0.94177014,2020-06-16,2020,6,-1.4872243,-1.5261822,-1.3005025
Cuba,CUB,-0.24018295,2020-06-16,2020,6,-0.63925385,-1.7743771,-1.4706582
Cyprus,CYP,0.69668555,2020-06-16,2020,6,0.86346555,0.34957737,1.1264086
Czechia,CZE,-0.8396294,2020-06-16,2020,6,-1.7516553,-1.6537763,-0.6691443
Democratic Republic of the Congo,COD,0.025715007,2020-06-16,2020,6,0.047440115,0.123599224,0.1362984
Denmark,DNK,-1.5047934,2020-06-16,2020,6,-1.7685081,-0.5323337,0.87511414
Djibouti,DJI,0.5875477,2020-06-16,2020,6,0.34609693,0.3105699,0.21216477
Dominican Republic,DOM,-1.5328104,2020-06-16,2020,6,-0.64844424,-0.93986565,-0.85111576
East Timor,TLS,-0.27217957,2020-06-16,2020,6,-1.1181871,-1.9075769,-2.0425375
Ecuador,ECU,0.16438279,2020-06-16,2020,6,-0.17809469,-0.76798725,-0.4186847
Egypt,EGY,0.79980516,2020-06-16,2020,6,-0.014002068,-0.00037200114,-0.1618074
El Salvador,SLV,-0.0033038855,2020-06-16,2020,6,-0.19633362,-0.53732526,-0.6777938
Equatorial Guinea,GNQ,0.014324446,2020-06-16,2020,6,-0.12766662,-0.6858808,-1.1145997
Eritrea,ERI,0.36503184,2020-06-16,2020,6,-0.32146782,-0.36939377,-0.119887315
Estonia,EST,-0.5682666,2020-06-16,2020,6,-0.25657672,1.0070884,1.12946
Ethiopia,ETH,0.3545944,2020-06-16,2020,6,0.29727504,0.07360775,0.07443569
Falkland Islands,FLK,-1.4210737,2020-06-16,2020,6,-2.3967347,-1.9345908,-1.3835278
Faroe Islands,FRO,-0.722793,2020-06-16,2020,6,-0.34650472,-0.019612761,0.29212224
Fiji,FJI,0.44440728,2020-06-16,2020,6,1.9696116,1.0608572,0.1525996
Finland,FIN,-1.032102,2020-06-16,2020,6,0.11694911,1.5343424,1.7196801
France,-99,-0.797946,2020-06-16,2020,6,0.35250723,0.42714733,0.41104248
French Polynesia,PYF,-1.4896059,2020-06-16,2020,6,-1.6957061,0.29886416,0.21981478
French Southern and Antarctic Lands,ATF,1.2848611,2020-06-16,2020,6,1.0776763,0.47162968,-1.3585685
Gabon,GAB,-0.13518074,2020-06-16,2020,6,-0.43757957,-0.3274801,-0.041705966
Gambia,GMB,-0.8305416,2020-06-16,2020,6,-2.3894143,-2.325082,-2.3181856
Georgia,GEO,-0.48975286,2020-06-16,2020,6,0.40278095,0.09274873,-0.09919525
Germany,DEU,-1.5583625,2020-06-16,2020,6,-1.9598703,-0.5302823,0.48660326
Ghana,GHA,-0.3964066,2020-06-16,2020,6,-0.48889616,-0.9226566,-1.1107943
Greece,GRC,0.49492997,2020-06-16,2020,6,0.2627931,-0.31736135,-1.4269544
Greenland,GRL,0.16019213,2020-06-16,2020,6,-0.0537686,0.12179143,0.52058136
Guatemala,GTM,1.053153,2020-06-16,2020,6,0.48863608,-1.0507094,-0.8464216
Guinea,GIN,-0.50120527,2020-06-16,2020,6,-0.69391847,-0.4653343,-1.6057055
Guinea-Bissau,GNB,-0.8077137,2020-06-16,2020,6,-2.515228,-2.1873207,-2.334665
Guyana,GUY,1.477782,2020-06-16,2020,6,0.96903706,0.013651621,-1.4917799
Haiti,HTI,-2.0997844,2020-06-16,2020,6,-1.643606,-2.0588112,-1.3213365
Honduras,HND,0.13246146,2020-06-16,2020,6,-0.025279684,-1.0355253,-0.51915264
Hungary,HUN,-0.9278627,2020-06-16,2020,6,-1.74609,-1.7185409,-0.85724056
Iceland,ISL,0.18997921,2020-06-16,2020,6,0.24909548,0.8128588,1.1833501
India,IND,0.40946892,2020-06-16,2020,6,0.49727285,0.5396553,0.63056034
Indonesia,IDN,0.7677583,2020-06-16,2020,6,0.35792598,0.112023376,-0.6040041
Iran,IRN,0.030460063,2020-06-16,2020,6,0.5413478,0.5560216,0.17153935
Iraq,IRQ,-0.88521546,2020-06-16,2020,6,-0.40592203,-0.10364951,-0.24226739
Ireland,IRL,-1.4068191,2020-06-16,2020,6,-2.04523,0.99120486,1.2067097
Israel,ISR,0.36631134,2020-06-16,2020,6,0.25312692,0.5475826,1.2114725
Italy,ITA,-0.10846236,2020-06-16,2020,6,-0.77594525,-1.2076653,-1.3651572
Ivory Coast,CIV,-0.4877281,2020-06-16,2020,6,-0.6712895,-0.75929755,-0.5826925
Jamaica,JAM,0.28634685,2020-06-16,2020,6,-0.061304767,-1.1267374,-1.2082013
Japan,JPN,-0.14600594,2020-06-16,2020,6,-0.24838874,-0.024558663,0.1353773
Jordan,JOR,0.41260338,2020-06-16,2020,6,0.27684394,0.47845817,0.80345225
Kazakhstan,KAZ,-1.3552017,2020-06-16,2020,6,-1.6849124,-1.4317684,-1.0192921
Kenya,KEN,-0.28472272,2020-06-16,2020,6,-0.100075245,0.31039807,0.93121064
Kiribati,KIR,,2020-06-16,2020,6,,,
Kosovo,-99,-0.32050213,2020-06-16,2020,6,-0.797946,0.35250723,0.42714733
Kuwait,KWT,-1.0081563,2020-06-16,2020,6,-0.50486386,-0.6161086,-0.9859362
Kyrgyzstan,KGZ,-0.096085936,2020-06-16,2020,6,-0.3119566,0.3635885,-0.41315463
Laos,LAO,-1.9630504,2020-06-16,2020,6,-1.3212428,-0.5467116,-0.2604136
Latvia,LVA,-0.37885875,2020-06-16,2020,6,-0.8604411,-0.3575101,0.6522181
Lebanon,LBN,0.56024855,2020-06-16,2020,6,0.9599261,0.10787896,1.25476
Lesotho,LSO,-0.7394784,2020-06-16,2020,6,0.32363114,0.8572731,0.8503797
Liberia,LBR,-0.10918959,2020-06-16,2020,6,-0.26573294,-0.2751561,-0.3939913
Libya,LBY,-0.14187922,2020-06-16,2020,6,-0.4994692,-0.56678843,-0.32933852
Lithuania,LTU,-0.20502172,2020-06-16,2020,6,-1.1520404,-1.3881183,0.19045591
Luxembourg,LUX,-1.7667799,2020-06-16,2020,6,-1.8118964,0.550104,1.0428126
Madagascar,MDG,-0.33327138,2020-06-16,2020,6,-0.4787666,-0.3306273,-0.19719833
Malawi,MWI,-0.79253614,2020-06-16,2020,6,-0.6128177,-0.48181656,0.10715969
Malaysia,MYS,1.0680151,2020-06-16,2020,6,-0.18113963,-0.63782454,-1.2207272
Mali,MLI,-0.5720409,2020-06-16,2020,6,-0.9073214,-1.095213,-0.9431177
Mauritania,MRT,-0.7895332,2020-06-16,2020,6,-1.3480896,-1.5863066,-1.5233581
Mauritius,MUS,-1.8013393,2020-06-16,2020,6,-1.0158811,-0.4172239,0.35482866
Mexico,MEX,-0.69460326,2020-06-16,2020,6,-0.5866381,-0.2814239,-0.16032177
Moldova,MDA,-0.29597545,2020-06-16,2020,6,-1.1409855,-2.2860386,-1.7860701
Mongolia,MNG,-1.3097643,2020-06-16,2020,6,-1.8907437,-2.1603913,-1.284465
Montenegro,MNE,-0.9342734,2020-06-16,2020,6,-1.5741409,-1.5777715,-1.4565862
Morocco,MAR,-0.68716836,2020-06-16,2020,6,-0.7991961,-1.0547478,-1.2831382
Mozambique,MOZ,-0.92644614,2020-06-16,2020,6,-1.3842578,-0.9543048,-0.35585222
Myanmar,MMR,-0.5254093,2020-06-16,2020,6,-0.7551983,-0.4716076,-1.0282372
Namibia,NAM,0.13814063,2020-06-16,2020,6,0.09348435,0.23413427,0.18251786
Nepal,NPL,0.56593066,2020-06-16,2020,6,0.9730758,0.765374,0.7515026
Netherlands,NLD,-2.0740905,2020-06-16,2020,6,-2.3940449,-0.37148008,0.87914044
New Caledonia,NCL,-0.61520416,2020-06-16,2020,6,-0.20968957,0.035572585,-0.50340146
New Zealand,NZL,-0.47973725,2020-06-16,2020,6,-0.14829236,-0.10576135,-0.67811126
Nicaragua,NIC,0.39860457,2020-06-16,2020,6,-0.20528777,-0.6314713,-0.2658997
Niger,NER,-0.87492687,2020-06-16,2020,6,-0.856173,-0.5837294,-0.31373906
Nigeria,NGA,-0.61022127,2020-06-16,2020,6,-0.43368718,-0.3645283,-0.36586416
North Korea,PRK,-0.18505625,2020-06-16,2020,6,-0.4540783,-0.98706555,0.6498924
North Macedonia,MKD,-0.0023098642,2020-06-16,2020,6,-0.14789884,-0.13931045,-0.96438736
Northern Cyprus,-99,0.43002504,2020-06-16,2020,6,-0.32050213,-0.797946,0.35250723
Norway,-99,-0.61543673,2020-06-16,2020,6,0.43002504,-0.32050213,-0.797946
Oman,OMN,-0.2820264,2020-06-16,2020,6,0.5543266,0.18264371,0.68609494
Pakistan,PAK,-0.034614325,2020-06-16,2020,6,0.8239732,0.5643257,1.2726027
Palestine,PSE,0.39479592,2020-06-16,2020,6,0.39796817,0.17226775,0.9564807
Panama,PAN,-0.7980483,2020-06-16,2020,6,-0.9728443,-0.8968852,-0.60260075
Papua New Guinea,PNG,0.14295842,2020-06-16,2020,6,0.08637301,-0.041732937,-0.19602767
Paraguay,PRY,-1.1076068,2020-06-16,2020,6,-1.8091052,-1.6738296,-1.0973088
Peru,PER,0.04668937,2020-06-16,2020,6,-0.135682,-0.079811595,-0.04428324
Philippines,PHL,-0.07310627,2020-06-16,2020,6,-0.053518698,0.06703133,0.09715926
Poland,POL,-0.4988815,2020-06-16,2020,6,-1.6573818,-1.7521497,-0.3196271
Portugal,PRT,0.5207697,2020-06-16,2020,6,0.70201623,-0.1133872,-0.7936096
Puerto Rico,PRI,-1.048469,2020-06-16,2020,6,-0.6146712,0.30586094,0.97824025
Qatar,QAT,-0.77876717,2020-06-16,2020,6,-0.14388877,-0.3335189,-0.2706529
Republic of Serbia,SRB,-0.8585147,2020-06-16,2020,6,-1.3399562,-1.2997154,-0.775928
Republic of the Congo,COG,-0.4370447,2020-06-16,2020,6,-0.5429547,-0.31240064,-0.030610386
Romania,ROU,-0.15039468,2020-06-16,2020,6,-1.0763049,-1.6724019,-1.034007
Russia,RUS,-0.7865049,2020-06-16,2020,6,-0.47239596,-0.34467474,0.7193478
Rwanda,RWA,0.25083604,2020-06-16,2020,6,0.74157035,1.542786,1.6748164
Saint Vincent and the Grenadines,VCT,-2.40733,2020-06-16,2020,6,-2.7763054,-1.9518749,-0.89607954
Samoa,WSM,1.4283128,2020-06-16,2020,6,-0.42345977,1.6955715,1.8758457
Saudi Arabia,SAU,-0.60905564,2020-06-16,2020,6,-0.48271927,-0.60991764,-0.5242019
Senegal,SEN,-0.96421367,2020-06-16,2020,6,-2.1924946,-2.2075357,-2.2375686
Siachen Glacier,-99,0.5565282,2020-06-16,2020,6,-0.61543673,0.43002504,-0.32050213
Sierra Leone,SLE,0.8192257,2020-06-16,2020,6,0.97650313,1.2254239,-0.7661868
Slovakia,SVK,-0.76202047,2020-06-16,2020,6,-1.8694923,-1.7545112,-0.78385115
Slovenia,SVN,-0.31438345,2020-06-16,2020,6,-1.2345377,-1.2839978,-1.1641362
Solomon Islands,SLB,0.025314316,2020-06-16,2020,6,0.0028644428,-0.00069170434,0.03676895
Somalia,SOM,-0.096379705,2020-06-16,2020,6,0.03126586,0.16344632,-0.045325324
Somaliland,-99,0.37942255,2020-06-16,2020,6,0.5565282,-0.61543673,0.43002504
South Africa,ZAF,-0.89662725,2020-06-16,2020,6,-0.7199683,0.003882049,0.070973925
South Georgia and the Islands,SGS,-0.3819602,2020-06-16,2020,6,-0.18064894,-0.26112652,-0.34912926
South Korea,KOR,0.009189196,2020-06-16,2020,6,-1.1267586,-1.3079922,0.99390936
South Sudan,SSD,-0.20058456,2020-06-16,2020,6,-0.27728212,-0.030831678,0.43969107
Spain,ESP,0.22675046,2020-06-16,2020,6,0.65380996,0.13725518,-0.20917235
Sri Lanka,LKA,0.14804186,2020-06-16,2020,6,-0.42278117,-0.71333194,-1.6051265
Sudan,SDN,0.2437282,2020-06-16,2020,6,-0.41174087,-0.031992678,0.25728267
Suriname,SUR,-0.37417516,2020-06-16,2020,6,-0.71600485,-0.92517644,-1.6717565
Sweden,SWE,-0.9331789,2020-06-16,2020,6,0.20202354,0.74086404,1.2956389
Switzerland,CHE,-1.2148733,2020-06-16,2020,6,-1.5261902,-0.31858662,0.18121086
Syria,SYR,0.12783314,2020-06-16,2020,6,0.5726092,0.20543005,0.21562155
Taiwan,TWN,0.18900482,2020-06-16,2020,6,0.37627837,-0.24827433,-0.17746161
Tajikistan,TJK,0.15236,2020-06-16,2020,6,0.346126,0.65965337,0.15152512
Thailand,THA,-0.7366416,2020-06-16,2020,6,-1.0717807,-0.54336166,-1.0172791
The Bahamas,BHS,0.10261589,2020-06-16,2020,6,0.23451088,-0.71337193,-1.4909381
Togo,TGO,-0.1652531,2020-06-16,2020,6,-0.3808499,-1.210136,-1.5547467
Trinidad and Tobago,TTO,-1.963618,2020-06-16,2020,6,-2.5356224,-2.272368,-1.0088729
Tunisia,TUN,-1.1025517,2020-06-16,2020,6,-0.40650153,-0.34421456,-1.0971441
Turkey,TUR,0.34732535,2020-06-16,2020,6,0.0020013102,-0.0229824,0.1432165
Turkmenistan,TKM,0.10230671,2020-06-16,2020,6,-0.039649844,-0.10975,-0.70734537
Uganda,UGA,-0.23741889,2020-06-16,2020,6,0.033001676,0.5134967,0.8321129
Ukraine,UKR,-0.05038615,2020-06-16,2020,6,-0.8128139,-1.8489101,-1.1304862
United Arab Emirates,ARE,-0.7677277,2020-06-16,2020,6,0.28658837,0.0830273,0.46436217
United Kingdom,GBR,-1.5989615,2020-06-16,2020,6,-2.2837431,0.5254362,1.0117477
United Republic of Tanzania,TZA,0.29612967,2020-06-16,2020,6,1.0573373,1.1367444,1.5636938
United States Virgin Islands,VIR,-1.979125,2020-06-16,2020,6,-1.3647748,0.2953227,1.9147803
United States of America,USA,0.075971596,2020-06-16,2020,6,0.24798205,0.4133637,0.282321
Uruguay,URY,0.43594682,2020-06-16,2020,6,-1.2898897,-1.7376246,-1.5893348
Uzbekistan,UZB,-0.37197793,2020-06-16,2020,6,-0.78041095,-0.9384952,-1.4363275
Vanuatu,VUT,0.06401574,2020-06-16,2020,6,0.016645841,-0.0653333,0.036463335
Venezuela,VEN,-0.6811569,2020-06-16,2020,6,-0.5835295,-0.828588,-1.1457556
Vietnam,VNM,-1.3141726,2020-06-16,2020,6,-0.5836834,0.051257696,0.29890898
Western Sahara,ESH,-1.1814775,2020-06-16,2020,6,-1.2528671,-1.5523654,-1.6382358
Yemen,YEM,0.054569133,2020-06-16,2020,6,0.14666143,-0.13136317,-0.3784528
Zambia,ZMB,0.2404384,2020-06-16,2020,6,0.085214145,0.22783503,0.170047
Zimbabwe,ZWE,0.14875071,2020-06-16,2020,6,-0.42961302,-0.15861078,-0.14362583
eSwatini,SWZ,-0.58679396,2020-06-16,2020,6,-1.5783671,0.25561044,0.22011442
Afghanistan,AFG,-0.55865115,2020-07-16,2020,7,0.19619828,0.53458554,0.45992425
Aland,ALA,0.08400316,2020-07-16,2020,7,-1.2128069,-0.27245045,0.93510884
Albania,ALB,0.01849356,2020-07-16,2020,7,0.3325533,-0.15385997,-0.4795181
Algeria,DZA,-0.6022221,2020-07-16,2020,7,-0.28399602,-0.18196559,-0.5725589
Angola,AGO,-0.048759677,2020-07-16,2020,7,0.09166043,0.14433418,0.1537887
Antarctica,ATA,,2020-07-16,2020,7,,,
Argentina,ARG,-0.41221732,2020-07-16,2020,7,-0.67643154,-1.1516232,-0.7568608
Armenia,ARM,0.08037288,2020-07-16,2020,7,-0.433502,0.50010526,0.979532
Australia,AUS,-0.466841,2020-07-16,2020,7,-0.34893692,0.057582323,0.24226467
Austria,AUT,0.5767651,2020-07-16,2020,7,-0.31039003,-1.5046247,-0.99417603
Azerbaijan,AZE,-0.808021,2020-07-16,2020,7,-0.6327762,0.03661805,-0.04711325
Bangladesh,BGD,0.26025307,2020-07-16,2020,7,0.31769237,0.63081515,0.2537775
Belarus,BLR,0.52545804,2020-07-16,2020,7,-0.039517988,-0.9559097,-1.7531188
Belgium,BEL,-1.4836948,2020-07-16,2020,7,-1.9037982,-2.032036,0.18504186
Belize,BLZ,1.0426902,2020-07-16,2020,7,1.5016598,0.8397655,-1.9403793
Benin,BEN,0.36863986,2020-07-16,2020,7,-0.1927387,-0.54286104,-0.945244
Bhutan,BTN,0.9744823,2020-07-16,2020,7,0.64014155,1.1554633,1.1122731
Bolivia,BOL,-0.43553358,2020-07-16,2020,7,-0.27575293,-1.2147167,-0.3659625
Bosnia and Herzegovina,BIH,-0.4274378,2020-07-16,2020,7,-1.1541028,-1.6274234,-1.6314019
Botswana,BWA,-0.75591195,2020-07-16,2020,7,-0.04966946,-0.09951648,0.12044802
Brazil,BRA,-0.17312975,2020-07-16,2020,7,0.032599673,-0.16888224,-0.14499567
Brunei,BRN,2.0744734,2020-07-16,2020,7,0.9510286,0.5884716,-0.7613238
Bulgaria,BGR,0.5493088,2020-07-16,2020,7,0.48212683,0.0061112326,-0.5605075
Burkina Faso,BFA,0.16325931,2020-07-16,2020,7,-0.73239625,-1.0721575,-1.101568
Burundi,BDI,-0.19624619,2020-07-16,2020,7,0.56799376,0.788505,1.3012674
Cabo Verde,CPV,-0.12311596,2020-07-16,2020,7,-1.4288454,-1.4169364,-2.471442
Cambodia,KHM,-0.8219802,2020-07-16,2020,7,-0.80248094,-0.8399188,-0.5785221
Cameroon,CMR,0.17851254,2020-07-16,2020,7,-0.5777322,-0.6429155,-0.46966055
Canada,CAN,0.016727695,2020-07-16,2020,7,0.11436732,0.109181896,0.051440295
Cayman Islands,CYM,,2020-07-16,2020,7,,,
Central African Republic,CAF,-0.20753984,2020-07-16,2020,7,-0.9044361,-0.8278344,-0.5944191
Chad,TCD,-0.7799324,2020-07-16,2020,7,-0.7990756,-0.7137542,-0.29956067
Chile,CHL,0.15681711,2020-07-16,2020,7,-0.15917283,-0.7550832,-0.54328257
China,CHN,-0.0034250107,2020-07-16,2020,7,-0.3479961,-0.7689042,-0.9397079
Colombia,COL,0.32706004,2020-07-16,2020,7,-0.5591625,-1.0771612,-1.1200019
Comoros,COM,0.51007533,2020-07-16,2020,7,-1.093042,-1.4512423,-2.1048443
Costa Rica,CRI,-1.0593992,2020-07-16,2020,7,-0.1935246,0.22836341,0.80553186
Croatia,HRV,-0.055338982,2020-07-16,2020,7,-0.94177014,-1.4872243,-1.5261822
Cuba,CUB,0.48616865,2020-07-16,2020,7,-0.24018295,-0.63925385,-1.7743771
Cyprus,CYP,0.6746161,2020-07-16,2020,7,0.69668555,0.86346555,0.34957737
Czechia,CZE,-0.14944725,2020-07-16,2020,7,-0.8396294,-1.7516553,-1.6537763
Democratic Republic of the Congo,COD,0.13656612,2020-07-16,2020,7,0.025715007,0.047440115,0.123599224
Denmark,DNK,-0.21773948,2020-07-16,2020,7,-1.5047934,-1.7685081,-0.5323337
Djibouti,DJI,0.2668548,2020-07-16,2020,7,0.5875477,0.34609693,0.3105699
Dominican Republic,DOM,-1.3668054,2020-07-16,2020,7,-1.5328104,-0.64844424,-0.93986565
East Timor,TLS,0.38572243,2020-07-16,2020,7,-0.27217957,-1.1181871,-1.9075769
Ecuador,ECU,0.6093408,2020-07-16,2020,7,0.16438279,-0.17809469,-0.76798725
Egypt,EGY,0.2757247,2020-07-16,2020,7,0.79980516,-0.014002068,-0.00037200114
El Salvador,SLV,-0.24326262,2020-07-16,2020,7,-0.0033038855,-0.19633362,-0.53732526
Equatorial Guinea,GNQ,0.3980146,2020-07-16,2020,7,0.014324446,-0.12766662,-0.6858808
Eritrea,ERI,0.32971475,2020-07-16,2020,7,0.36503184,-0.32146782,-0.36939377
Estonia,EST,0.07919817,2020-07-16,2020,7,-0.5682666,-0.25657672,1.0070884
Ethiopia,ETH,0.3139877,2020-07-16,2020,7,0.3545944,0.29727504,0.07360775
Falkland Islands,FLK,0.67071605,2020-07-16,2020,7,-1.4210737,-2.3967347,-1.9345908
Faroe Islands,FRO,-0.44403744,2020-07-16,2020,7,-0.722793,-0.34650472,-0.019612761
Fiji,FJI,0.5574948,2020-07-16,2020,7,0.44440728,1.9696116,1.0608572
Finland,FIN,-0.11573142,2020-07-16,2020,7,-1.032102,0.11694911,1.5343424
France,-99,-1.1305729,2020-07-16,2020,7,0.37942255,0.5565282,-0.61543673
French Polynesia,PYF,-0.5435777,2020-07-16,2020,7,-1.4896059,-1.6957061,0.29886416
French Southern and Antarctic Lands,ATF,1.1145558,2020-07-16,2020,7,1.2848611,1.0776763,0.47162968
Gabon,GAB,0.61608344,2020-07-16,2020,7,-0.13518074,-0.43757957,-0.3274801
Gambia,GMB,-2.3570652,2020-07-16,2020,7,-0.8305416,-2.3894143,-2.325082
Georgia,GEO,-0.14930299,2020-07-16,2020,7,-0.48975286,0.40278095,0.09274873
Germany,DEU,-1.0484818,2020-07-16,2020,7,-1.5583625,-1.9598703,-0.5302823
Ghana,GHA,-0.07307574,2020-07-16,2020,7,-0.3964066,-0.48889616,-0.9226566
Greece,GRC,0.30400494,2020-07-16,2020,7,0.49492997,0.2627931,-0.31736135
Greenland,GRL,0.38542297,2020-07-16,2020,7,0.16019213,-0.0537686,0.12179143
Guatemala,GTM,0.80680907,2020-07-16,2020,7,1.053153,0.48863608,-1.0507094
Guinea,GIN,-0.87212026,2020-07-16,2020,7,-0.50120527,-0.69391847,-0.4653343
Guinea-Bissau,GNB,-2.3746476,2020-07-16,2020,7,-0.8077137,-2.515228,-2.1873207
Guyana,GUY,0.9784094,2020-07-16,2020,7,1.477782,0.96903706,0.013651621
Haiti,HTI,-2.0073276,2020-07-16,2020,7,-2.0997844,-1.643606,-2.0588112
Honduras,HND,-0.17428546,2020-07-16,2020,7,0.13246146,-0.025279684,-1.0355253
Hungary,HUN,0.29940802,2020-07-16,2020,7,-0.9278627,-1.74609,-1.7185409
Iceland,ISL,-0.13113745,2020-07-16,2020,7,0.18997921,0.24909548,0.8128588
India,IND,-0.14661397,2020-07-16,2020,7,0.40946892,0.49727285,0.5396553
Indonesia,IDN,0.70612,2020-07-16,2020,7,0.7677583,0.35792598,0.112023376
Iran,IRN,-1.0462502,2020-07-16,2020,7,0.030460063,0.5413478,0.5560216
Iraq,IRQ,-1.3435634,2020-07-16,2020,7,-0.88521546,-0.40592203,-0.10364951
Ireland,IRL,0.3581766,2020-07-16,2020,7,-1.4068191,-2.04523,0.99120486
Israel,ISR,0.23812193,2020-07-16,2020,7,0.36631134,0.25312692,0.5475826
Italy,ITA,-0.07553664,2020-07-16,2020,7,-0.10846236,-0.77594525,-1.2076653
Ivory Coast,CIV,-0.14039078,2020-07-16,2020,7,-0.4877281,-0.6712895,-0.75929755
Jamaica,JAM,0.56539303,2020-07-16,2020,7,0.28634685,-0.061304767,-1.1267374
Japan,JPN,1.0495005,2020-07-16,2020,7,-0.14600594,-0.24838874,-0.024558663
Jordan,JOR,0.21339539,2020-07-16,2020,7,0.41260338,0.27684394,0.47845817
Kazakhstan,KAZ,-1.3468591,2020-07-16,2020,7,-1.3552017,-1.6849124,-1.4317684
Kenya,KEN,0.107233435,2020-07-16,2020,7,-0.28472272,-0.100075245,0.31039807
Kiribati,KIR,,2020-07-16,2020,7,,,
Kosovo,-99,-0.05104102,2020-07-16,2020,7,-1.1305729,0.37942255,0.5565282
Kuwait,KWT,-1.3887548,2020-07-16,2020,7,-1.0081563,-0.50486386,-0.6161086
Kyrgyzstan,KGZ,-0.34037697,2020-07-16,2020,7,-0.096085936,-0.3119566,0.3635885
Laos,LAO,-2.4341872,2020-07-16,2020,7,-1.9630504,-1.3212428,-0.5467116
Latvia,LVA,0.24892722,2020-07-16,2020,7,-0.37885875,-0.8604411,-0.3575101
Lebanon,LBN,0.6116416,2020-07-16,2020,7,0.56024855,0.9599261,0.10787896
Lesotho,LSO,-1.8907957,2020-07-16,2020,7,-0.7394784,0.32363114,0.8572731
Liberia,LBR,-0.04785954,2020-07-16,2020,7,-0.10918959,-0.26573294,-0.2751561
Libya,LBY,-0.30202323,2020-07-16,2020,7,-0.14187922,-0.4994692,-0.56678843
Lithuania,LTU,0.36453474,2020-07-16,2020,7,-0.20502172,-1.1520404,-1.3881183
Luxembourg,LUX,-1.4614518,2020-07-16,2020,7,-1.7667799,-1.8118964,0.550104
Madagascar,MDG,-0.62751883,2020-07-16,2020,7,-0.33327138,-0.4787666,-0.3306273
Malawi,MWI,0.5279942,2020-07-16,2020,7,-0.79253614,-0.6128177,-0.48181656
Malaysia,MYS,1.672766,2020-07-16,2020,7,1.0680151,-0.18113963,-0.63782454
Mali,MLI,-0.199686,2020-07-16,2020,7,-0.5720409,-0.9073214,-1.095213
Mauritania,MRT,-0.7318399,2020-07-16,2020,7,-0.7895332,-1.3480896,-1.5863066
Mauritius,MUS,-1.933283,2020-07-16,2020,7,-1.8013393,-1.0158811,-0.4172239
Mexico,MEX,-0.81314415,2020-07-16,2020,7,-0.69460326,-0.5866381,-0.2814239
Moldova,MDA,0.45861396,2020-07-16,2020,7,-0.29597545,-1.1409855,-2.2860386
Mongolia,MNG,-0.24538548,2020-07-16,2020,7,-1.3097643,-1.8907437,-2.1603913
Montenegro,MNE,-0.29900295,2020-07-16,2020,7,-0.9342734,-1.5741409,-1.5777715
Morocco,MAR,-1.1647955,2020-07-16,2020,7,-0.68716836,-0.7991961,-1.0547478
Mozambique,MOZ,-0.3954074,2020-07-16,2020,7,-0.92644614,-1.3842578,-0.9543048
Myanmar,MMR,-0.8073103,2020-07-16,2020,7,-0.5254093,-0.7551983,-0.4716076
Namibia,NAM,-0.16001093,2020-07-16,2020,7,0.13814063,0.09348435,0.23413427
Nepal,NPL,0.20552468,2020-07-16,2020,7,0.56593066,0.9730758,0.765374
Netherlands,NLD,-1.1014795,2020-07-16,2020,7,-2.0740905,-2.3940449,-0.37148008
New Caledonia,NCL,-1.1889167,2020-07-16,2020,7,-0.61520416,-0.20968957,0.035572585
New Zealand,NZL,-0.49593434,2020-07-16,2020,7,-0.47973725,-0.14829236,-0.10576135
Nicaragua,NIC,0.0028341399,2020-07-16,2020,7,0.39860457,-0.20528777,-0.6314713
Niger,NER,-0.41035613,2020-07-16,2020,7,-0.87492687,-0.856173,-0.5837294
Nigeria,NGA,0.10370838,2020-07-16,2020,7,-0.61022127,-0.43368718,-0.3645283
North Korea,PRK,-0.6274725,2020-07-16,2020,7,-0.18505625,-0.4540783,-0.98706555
North Macedonia,MKD,-0.038735714,2020-07-16,2020,7,-0.0023098642,-0.14789884,-0.13931045
Northern Cyprus,-99,0.2509753,2020-07-16,2020,7,-0.05104102,-1.1305729,0.37942255
Norway,-99,-0.08207213,2020-07-16,2020,7,0.2509753,-0.05104102,-1.1305729
Oman,OMN,-0.39987347,2020-07-16,2020,7,-0.2820264,0.5543266,0.18264371
Pakistan,PAK,-0.49843454,2020-07-16,2020,7,-0.034614325,0.8239732,0.5643257
Palestine,PSE,0.17667864,2020-07-16,2020,7,0.39479592,0.39796817,0.17226775
Panama,PAN,-0.81295365,2020-07-16,2020,7,-0.7980483,-0.9728443,-0.8968852
Papua New Guinea,PNG,0.0039065033,2020-07-16,2020,7,0.14295842,0.08637301,-0.041732937
Paraguay,PRY,-0.7262502,2020-07-16,2020,7,-1.1076068,-1.8091052,-1.6738296
Peru,PER,0.12757438,2020-07-16,2020,7,0.04668937,-0.135682,-0.079811595
Philippines,PHL,-0.30981347,2020-07-16,2020,7,-0.07310627,-0.053518698,0.06703133
Poland,POL,0.09874683,2020-07-16,2020,7,-0.4988815,-1.6573818,-1.7521497
Portugal,PRT,-0.82318515,2020-07-16,2020,7,0.5207697,0.70201623,-0.1133872
Puerto Rico,PRI,-0.24180095,2020-07-16,2020,7,-1.048469,-0.6146712,0.30586094
Qatar,QAT,-1.4049557,2020-07-16,2020,7,-0.77876717,-0.14388877,-0.3335189
Republic of Serbia,SRB,0.11500714,2020-07-16,2020,7,-0.8585147,-1.3399562,-1.2997154
Republic of the Congo,COG,1.2892529,2020-07-16,2020,7,-0.4370447,-0.5429547,-0.31240064
Romania,ROU,0.725302,2020-07-16,2020,7,-0.15039468,-1.0763049,-1.6724019
Russia,RUS,-0.16021542,2020-07-16,2020,7,-0.7865049,-0.47239596,-0.34467474
Rwanda,RWA,-0.49064383,2020-07-16,2020,7,0.25083604,0.74157035,1.542786
Saint Vincent and the Grenadines,VCT,-1.4969214,2020-07-16,2020,7,-2.40733,-2.7763054,-1.9518749
Samoa,WSM,1.6621886,2020-07-16,2020,7,1.4283128,-0.42345977,1.6955715
Saudi Arabia,SAU,-0.7709037,2020-07-16,2020,7,-0.60905564,-0.48271927,-0.60991764
Senegal,SEN,-2.0021234,2020-07-16,2020,7,-0.96421367,-2.1924946,-2.2075357
Siachen Glacier,-99,0.118003994,2020-07-16,2020,7,-0.08207213,0.2509753,-0.05104102
Sierra Leone,SLE,-1.0148951,2020-07-16,2020,7,0.8192257,0.97650313,1.2254239
Slovakia,SVK,0.5153936,2020-07-16,2020,7,-0.76202047,-1.8694923,-1.7545112
Slovenia,SVN,0.616857,2020-07-16,2020,7,-0.31438345,-1.2345377,-1.2839978
Solomon Islands,SLB,0.051780004,2020-07-16,2020,7,0.025314316,0.0028644428,-0.00069170434
Somalia,SOM,-0.3713158,2020-07-16,2020,7,-0.096379705,0.03126586,0.16344632
Somaliland,-99,0.23929411,2020-07-16,2020,7,0.118003994,-0.08207213,0.2509753
South Africa,ZAF,-1.4806757,2020-07-16,2020,7,-0.89662725,-0.7199683,0.003882049
South Georgia and the Islands,SGS,-0.13261873,2020-07-16,2020,7,-0.3819602,-0.18064894,-0.26112652
South Korea,KOR,1.1922649,2020-07-16,2020,7,0.009189196,-1.1267586,-1.3079922
South Sudan,SSD,-0.01487125,2020-07-16,2020,7,-0.20058456,-0.27728212,-0.030831678
Spain,ESP,-0.94829476,2020-07-16,2020,7,0.22675046,0.65380996,0.13725518
Sri Lanka,LKA,0.9768742,2020-07-16,2020,7,0.14804186,-0.42278117,-0.71333194
Sudan,SDN,0.011035758,2020-07-16,2020,7,0.2437282,-0.41174087,-0.031992678
Suriname,SUR,-0.82450604,2020-07-16,2020,7,-0.37417516,-0.71600485,-0.92517644
Sweden,SWE,-0.16048934,2020-07-16,2020,7,-0.9331789,0.20202354,0.74086404
Switzerland,CHE,-1.046586,2020-07-16,2020,7,-1.2148733,-1.5261902,-0.31858662
Syria,SYR,-0.30459854,2020-07-16,2020,7,0.12783314,0.5726092,0.20543005
Taiwan,TWN,-0.0126876645,2020-07-16,2020,7,0.18900482,0.37627837,-0.24827433
Tajikistan,TJK,-0.42816985,2020-07-16,2020,7,0.15236,0.346126,0.65965337
Thailand,THA,-1.1025631,2020-07-16,2020,7,-0.7366416,-1.0717807,-0.54336166
The Bahamas,BHS,0.49085283,2020-07-16,2020,7,0.10261589,0.23451088,-0.71337193
Togo,TGO,0.26877525,2020-07-16,2020,7,-0.1652531,-0.3808499,-1.210136
Trinidad and Tobago,TTO,-2.033976,2020-07-16,2020,7,-1.963618,-2.5356224,-2.272368
Tunisia,TUN,-1.5409647,2020-07-16,2020,7,-1.1025517,-0.40650153,-0.34421456
Turkey,TUR,0.49511066,2020-07-16,2020,7,0.34732535,0.0020013102,-0.0229824
Turkmenistan,TKM,-0.89765674,2020-07-16,2020,7,0.10230671,-0.039649844,-0.10975
Uganda,UGA,0.7015595,2020-07-16,2020,7,-0.23741889,0.033001676,0.5134967
Ukraine,UKR,0.4817867,2020-07-16,2020,7,-0.05038615,-0.8128139,-1.8489101
United Arab Emirates,ARE,-1.1335679,2020-07-16,2020,7,-0.7677277,0.28658837,0.0830273
United Kingdom,GBR,-0.34592798,2020-07-16,2020,7,-1.5989615,-2.2837431,0.5254362
United Republic of Tanzania,TZA,-0.29744127,2020-07-16,2020,7,0.29612967,1.0573373,1.1367444
United States Virgin Islands,VIR,-0.7309726,2020-07-16,2020,7,-1.979125,-1.3647748,0.2953227
United States of America,USA,-0.1889127,2020-07-16,2020,7,0.075971596,0.24798205,0.4133637
Uruguay,URY,0.12324547,2020-07-16,2020,7,0.43594682,-1.2898897,-1.7376246
Uzbekistan,UZB,-0.806543,2020-07-16,2020,7,-0.37197793,-0.78041095,-0.9384952
Vanuatu,VUT,0.035776168,2020-07-16,2020,7,0.06401574,0.016645841,-0.0653333
Venezuela,VEN,-0.6507871,2020-07-16,2020,7,-0.6811569,-0.5835295,-0.828588
Vietnam,VNM,-1.7705007,2020-07-16,2020,7,-1.3141726,-0.5836834,0.051257696
Western Sahara,ESH,-1.3541644,2020-07-16,2020,7,-1.1814775,-1.2528671,-1.5523654
Yemen,YEM,0.123590805,2020-07-16,2020,7,0.054569133,0.14666143,-0.13136317
Zambia,ZMB,0.13639025,2020-07-16,2020,7,0.2404384,0.085214145,0.22783503
Zimbabwe,ZWE,-0.1876725,2020-07-16,2020,7,0.14875071,-0.42961302,-0.15861078
eSwatini,SWZ,-0.7895149,2020-07-16,2020,7,-0.58679396,-1.5783671,0.25561044
Afghanistan,AFG,-0.5181165,2020-08-16,2020,8,-0.55865115,0.19619828,0.53458554
Aland,ALA,-0.56764674,2020-08-16,2020,8,0.08400316,-1.2128069,-0.27245045
Albania,ALB,0.8737342,2020-08-16,2020,8,0.01849356,0.3325533,-0.15385997
Algeria,DZA,-0.7460833,2020-08-16,2020,8,-0.6022221,-0.28399602,-0.18196559
Angola,AGO,-0.3631721,2020-08-16,2020,8,-0.048759677,0.09166043,0.14433418
Antarctica,ATA,,2020-08-16,2020,8,,,
Argentina,ARG,-0.42047536,2020-08-16,2020,8,-0.41221732,-0.67643154,-1.1516232
Armenia,ARM,0.7573119,2020-08-16,2020,8,0.08037288,-0.433502,0.50010526
Australia,AUS,-0.6934647,2020-08-16,2020,8,-0.466841,-0.34893692,0.057582323
Austria,AUT,1.1758891,2020-08-16,2020,8,0.5767651,-0.31039003,-1.5046247
Azerbaijan,AZE,-0.16519466,2020-08-16,2020,8,-0.808021,-0.6327762,0.03661805
Bangladesh,BGD,-0.076403566,2020-08-16,2020,8,0.26025307,0.31769237,0.63081515
Belarus,BLR,-0.42374387,2020-08-16,2020,8,0.52545804,-0.039517988,-0.9559097
Belgium,BEL,-1.0797344,2020-08-16,2020,8,-1.4836948,-1.9037982,-2.032036
Belize,BLZ,-0.41021168,2020-08-16,2020,8,1.0426902,1.5016598,0.8397655
Benin,BEN,0.4789367,2020-08-16,2020,8,0.36863986,-0.1927387,-0.54286104
Bhutan,BTN,-0.043210745,2020-08-16,2020,8,0.9744823,0.64014155,1.1554633
Bolivia,BOL,-0.11027221,2020-08-16,2020,8,-0.43553358,-0.27575293,-1.2147167
Bosnia and Herzegovina,BIH,0.034197923,2020-08-16,2020,8,-0.4274378,-1.1541028,-1.6274234
Botswana,BWA,-0.44088924,2020-08-16,2020,8,-0.75591195,-0.04966946,-0.09951648
Brazil,BRA,-0.69763106,2020-08-16,2020,8,-0.17312975,0.032599673,-0.16888224
Brunei,BRN,1.851404,2020-08-16,2020,8,2.0744734,0.9510286,0.5884716
Bulgaria,BGR,-0.16848683,2020-08-16,2020,8,0.5493088,0.48212683,0.0061112326
Burkina Faso,BFA,1.1001621,2020-08-16,2020,8,0.16325931,-0.73239625,-1.0721575
Burundi,BDI,-1.1209654,2020-08-16,2020,8,-0.19624619,0.56799376,0.788505
Cabo Verde,CPV,-0.25685275,2020-08-16,2020,8,-0.12311596,-1.4288454,-1.4169364
Cambodia,KHM,-0.80084425,2020-08-16,2020,8,-0.8219802,-0.80248094,-0.8399188
Cameroon,CMR,0.306616,2020-08-16,2020,8,0.17851254,-0.5777322,-0.6429155
Canada,CAN,0.037845846,2020-08-16,2020,8,0.016727695,0.11436732,0.109181896
Cayman Islands,CYM,,2020-08-16,2020,8,,,
Central African Republic,CAF,-0.08620723,2020-08-16,2020,8,-0.20753984,-0.9044361,-0.8278344
Chad,TCD,0.019741956,2020-08-16,2020,8,-0.7799324,-0.7990756,-0.7137542
Chile,CHL,0.011547832,2020-08-16,2020,8,0.15681711,-0.15917283,-0.7550832
China,CHN,0.11635214,2020-08-16,2020,8,-0.0034250107,-0.3479961,-0.7689042
Colombia,COL,0.7504546,2020-08-16,2020,8,0.32706004,-0.5591625,-1.0771612
Comoros,COM,-0.6917432,2020-08-16,2020,8,0.51007533,-1.093042,-1.4512423
Costa Rica,CRI,-0.7386493,2020-08-16,2020,8,-1.0593992,-0.1935246,0.22836341
Croatia,HRV,0.6037219,2020-08-16,2020,8,-0.055338982,-0.94177014,-1.4872243
Cuba,CUB,0.34103087,2020-08-16,2020,8,0.48616865,-0.24018295,-0.63925385
Cyprus,CYP,-0.14410862,2020-08-16,2020,8,0.6746161,0.69668555,0.86346555
Czechia,CZE,-0.015780201,2020-08-16,2020,8,-0.14944725,-0.8396294,-1.7516553
Democratic Republic of the Congo,COD,-0.013916486,2020-08-16,2020,8,0.13656612,0.025715007,0.047440115
Denmark,DNK,-0.4558583,2020-08-16,2020,8,-0.21773948,-1.5047934,-1.7685081
Djibouti,DJI,0.46460775,2020-08-16,2020,8,0.2668548,0.5875477,0.34609693
Dominican Republic,DOM,-1.2660728,2020-08-16,2020,8,-1.3668054,-1.5328104,-0.64844424
East Timor,TLS,-0.061782926,2020-08-16,2020,8,0.38572243,-0.27217957,-1.1181871
Ecuador,ECU,0.2517471,2020-08-16,2020,8,0.6093408,0.16438279,-0.17809469
Egypt,EGY,-0.35213718,2020-08-16,2020,8,0.2757247,0.79980516,-0.014002068
El Salvador,SLV,-0.2541448,2020-08-16,2020,8,-0.24326262,-0.0033038855,-0.19633362
Equatorial Guinea,GNQ,0.3338422,2020-08-16,2020,8,0.3980146,0.014324446,-0.12766662
Eritrea,ERI,0.88038397,2020-08-16,2020,8,0.32971475,0.36503184,-0.32146782
Estonia,EST,-0.16395143,2020-08-16,2020,8,0.07919817,-0.5682666,-0.25657672
Ethiopia,ETH,0.36396596,2020-08-16,2020,8,0.3139877,0.3545944,0.29727504
Falkland Islands,FLK,1.4634758,2020-08-16,2020,8,0.67071605,-1.4210737,-2.3967347
Faroe Islands,FRO,-0.49170047,2020-08-16,2020,8,-0.44403744,-0.722793,-0.34650472
Fiji,FJI,-0.9016575,2020-08-16,2020,8,0.5574948,0.44440728,1.9696116
Finland,FIN,-0.21415304,2020-08-16,2020,8,-0.11573142,-1.032102,0.11694911
France,-99,-0.793821,2020-08-16,2020,8,0.23929411,0.118003994,-0.08207213
French Polynesia,PYF,-0.22335318,2020-08-16,2020,8,-0.5435777,-1.4896059,-1.6957061
French Southern and Antarctic Lands,ATF,0.6773062,2020-08-16,2020,8,1.1145558,1.2848611,1.0776763
Gabon,GAB,1.0292224,2020-08-16,2020,8,0.61608344,-0.13518074,-0.43757957
Gambia,GMB,-1.3432686,2020-08-16,2020,8,-2.3570652,-0.8305416,-2.3894143
Georgia,GEO,-0.36077115,2020-08-16,2020,8,-0.14930299,-0.48975286,0.40278095
Germany,DEU,-0.87758857,2020-08-16,2020,8,-1.0484818,-1.5583625,-1.9598703
Ghana,GHA,0.19342713,2020-08-16,2020,8,-0.07307574,-0.3964066,-0.48889616
Greece,GRC,0.5384181,2020-08-16,2020,8,0.30400494,0.49492997,0.2627931
Greenland,GRL,0.6049813,2020-08-16,2020,8,0.38542297,0.16019213,-0.0537686
Guatemala,GTM,0.21391173,2020-08-16,2020,8,0.80680907,1.053153,0.48863608
Guinea,GIN,-0.7860959,2020-08-16,2020,8,-0.87212026,-0.50120527,-0.69391847
Guinea-Bissau,GNB,-1.2602473,2020-08-16,2020,8,-2.3746476,-0.8077137,-2.515228
Guyana,GUY,0.0061353873,2020-08-16,2020,8,0.9784094,1.477782,0.96903706
Haiti,HTI,-1.7649727,2020-08-16,2020,8,-2.0073276,-2.0997844,-1.643606
Honduras,HND,-0.79761446,2020-08-16,2020,8,-0.17428546,0.13246146,-0.025279684
Hungary,HUN,0.5230255,2020-08-16,2020,8,0.29940802,-0.9278627,-1.74609
Iceland,ISL,0.7138851,2020-08-16,2020,8,-0.13113745,0.18997921,0.24909548
India,IND,0.16009422,2020-08-16,2020,8,-0.14661397,0.40946892,0.49727285
Indonesia,IDN,0.4868809,2020-08-16,2020,8,0.70612,0.7677583,0.35792598
Iran,IRN,-0.9476208,2020-08-16,2020,8,-1.0462502,0.030460063,0.5413478
Iraq,IRQ,-1.2673284,2020-08-16,2020,8,-1.3435634,-0.88521546,-0.40592203
Ireland,IRL,1.6926371,2020-08-16,2020,8,0.3581766,-1.4068191,-2.04523
Israel,ISR,0.041185297,2020-08-16,2020,8,0.23812193,0.36631134,0.25312692
Italy,ITA,0.3376795,2020-08-16,2020,8,-0.07553664,-0.10846236,-0.77594525
Ivory Coast,CIV,0.2378951,2020-08-16,2020,8,-0.14039078,-0.4877281,-0.6712895
Jamaica,JAM,0.29535952,2020-08-16,2020,8,0.56539303,0.28634685,-0.061304767
Japan,JPN,0.69035786,2020-08-16,2020,8,1.0495005,-0.14600594,-0.24838874
Jordan,JOR,-0.027267188,2020-08-16,2020,8,0.21339539,0.41260338,0.27684394
Kazakhstan,KAZ,-0.9456687,2020-08-16,2020,8,-1.3468591,-1.3552017,-1.6849124
Kenya,KEN,0.3725305,2020-08-16,2020,8,0.107233435,-0.28472272,-0.100075245
Kiribati,KIR,,2020-08-16,2020,8,,,
Kosovo,-99,0.53728694,2020-08-16,2020,8,-0.793821,0.23929411,0.118003994
Kuwait,KWT,-1.4910375,2020-08-16,2020,8,-1.3887548,-1.0081563,-0.50486386
Kyrgyzstan,KGZ,0.7922153,2020-08-16,2020,8,-0.34037697,-0.096085936,-0.3119566
Laos,LAO,-1.6674179,2020-08-16,2020,8,-2.4341872,-1.9630504,-1.3212428
Latvia,LVA,-0.14379817,2020-08-16,2020,8,0.24892722,-0.37885875,-0.8604411
Lebanon,LBN,-0.41910836,2020-08-16,2020,8,0.6116416,0.56024855,0.9599261
Lesotho,LSO,-1.6441512,2020-08-16,2020,8,-1.8907957,-0.7394784,0.32363114
Liberia,LBR,0.031129012,2020-08-16,2020,8,-0.04785954,-0.10918959,-0.26573294
Libya,LBY,-0.46805063,2020-08-16,2020,8,-0.30202323,-0.14187922,-0.4994692
Lithuania,LTU,-0.21876885,2020-08-16,2020,8,0.36453474,-0.20502172,-1.1520404
Luxembourg,LUX,-1.2484998,2020-08-16,2020,8,-1.4614518,-1.7667799,-1.8118964
Madagascar,MDG,-0.99779654,2020-08-16,2020,8,-0.62751883,-0.33327138,-0.4787666
Malawi,MWI,1.2153739,2020-08-16,2020,8,0.5279942,-0.79253614,-0.6128177
Malaysia,MYS,1.3418573,2020-08-16,2020,8,1.672766,1.0680151,-0.18113963
Mali,MLI,0.082506716,2020-08-16,2020,8,-0.199686,-0.5720409,-0.9073214
Mauritania,MRT,-0.37160918,2020-08-16,2020,8,-0.7318399,-0.7895332,-1.3480896
Mauritius,MUS,-2.2969277,2020-08-16,2020,8,-1.933283,-1.8013393,-1.0158811
Mexico,MEX,-0.7883755,2020-08-16,2020,8,-0.81314415,-0.69460326,-0.5866381
Moldova,MDA,-1.1969086,2020-08-16,2020,8,0.45861396,-0.29597545,-1.1409855
Mongolia,MNG,0.37826172,2020-08-16,2020,8,-0.24538548,-1.3097643,-1.8907437
Montenegro,MNE,0.35692486,2020-08-16,2020,8,-0.29900295,-0.9342734,-1.5741409
Morocco,MAR,-0.89285856,2020-08-16,2020,8,-1.1647955,-0.68716836,-0.7991961
Mozambique,MOZ,0.01775498,2020-08-16,2020,8,-0.3954074,-0.92644614,-1.3842578
Myanmar,MMR,-0.1821284,2020-08-16,2020,8,-0.8073103,-0.5254093,-0.7551983
Namibia,NAM,0.27784878,2020-08-16,2020,8,-0.16001093,0.13814063,0.09348435
Nepal,NPL,-0.37230763,2020-08-16,2020,8,0.20552468,0.56593066,0.9730758
Netherlands,NLD,-0.70111,2020-08-16,2020,8,-1.1014795,-2.0740905,-2.3940449
New Caledonia,NCL,-1.7200751,2020-08-16,2020,8,-1.1889167,-0.61520416,-0.20968957
New Zealand,NZL,-0.094694085,2020-08-16,2020,8,-0.49593434,-0.47973725,-0.14829236
Nicaragua,NIC,0.19608186,2020-08-16,2020,8,0.0028341399,0.39860457,-0.20528777
Niger,NER,0.39967248,2020-08-16,2020,8,-0.41035613,-0.87492687,-0.856173
Nigeria,NGA,0.54150367,2020-08-16,2020,8,0.10370838,-0.61022127,-0.43368718
North Korea,PRK,0.5717573,2020-08-16,2020,8,-0.6274725,-0.18505625,-0.4540783
North Macedonia,MKD,0.5663903,2020-08-16,2020,8,-0.038735714,-0.0023098642,-0.14789884
Northern Cyprus,-99,-0.2898942,2020-08-16,2020,8,0.53728694,-0.793821,0.23929411
Norway,-99,-0.16074398,2020-08-16,2020,8,-0.2898942,0.53728694,-0.793821
Oman,OMN,-0.53210276,2020-08-16,2020,8,-0.39987347,-0.2820264,0.5543266
Pakistan,PAK,0.18445146,2020-08-16,2020,8,-0.49843454,-0.034614325,0.8239732
Palestine,PSE,0.110785365,2020-08-16,2020,8,0.17667864,0.39479592,0.39796817
Panama,PAN,-0.4783421,2020-08-16,2020,8,-0.81295365,-0.7980483,-0.9728443
Papua New Guinea,PNG,-0.012933801,2020-08-16,2020,8,0.0039065033,0.14295842,0.08637301
Paraguay,PRY,-0.58807266,2020-08-16,2020,8,-0.7262502,-1.1076068,-1.8091052
Peru,PER,0.11156594,2020-08-16,2020,8,0.12757438,0.04668937,-0.135682
Philippines,PHL,-0.19626442,2020-08-16,2020,8,-0.30981347,-0.07310627,-0.053518698
Poland,POL,-0.3161533,2020-08-16,2020,8,0.09874683,-0.4988815,-1.6573818
Portugal,PRT,-0.90256685,2020-08-16,2020,8,-0.82318515,0.5207697,0.70201623
Puerto Rico,PRI,0.3852065,2020-08-16,2020,8,-0.24180095,-1.048469,-0.6146712
Qatar,QAT,-1.6567807,2020-08-16,2020,8,-1.4049557,-0.77876717,-0.14388877
Republic of Serbia,SRB,0.36943454,2020-08-16,2020,8,0.11500714,-0.8585147,-1.3399562
Republic of the Congo,COG,1.2370117,2020-08-16,2020,8,1.2892529,-0.4370447,-0.5429547
Romania,ROU,-0.104202636,2020-08-16,2020,8,0.725302,-0.15039468,-1.0763049
Russia,RUS,-0.44374028,2020-08-16,2020,8,-0.16021542,-0.7865049,-0.47239596
Rwanda,RWA,-1.2275549,2020-08-16,2020,8,-0.49064383,0.25083604,0.74157035
Saint Vincent and the Grenadines,VCT,-0.25851655,2020-08-16,2020,8,-1.4969214,-2.40733,-2.7763054
Samoa,WSM,2.184692,2020-08-16,2020,8,1.6621886,1.4283128,-0.42345977
Saudi Arabia,SAU,-1.5300997,2020-08-16,2020,8,-0.7709037,-0.60905564,-0.48271927
Senegal,SEN,-1.127831,2020-08-16,2020,8,-2.0021234,-0.96421367,-2.1924946
Siachen Glacier,-99,-0.09435282,2020-08-16,2020,8,-0.16074398,-0.2898942,0.53728694
Sierra Leone,SLE,-1.2074885,2020-08-16,2020,8,-1.0148951,0.8192257,0.97650313
Slovakia,SVK,0.66409373,2020-08-16,2020,8,0.5153936,-0.76202047,-1.8694923
Slovenia,SVN,1.5746475,2020-08-16,2020,8,0.616857,-0.31438345,-1.2345377
Solomon Islands,SLB,0.03823063,2020-08-16,2020,8,0.051780004,0.025314316,0.0028644428
Somalia,SOM,-0.886993,2020-08-16,2020,8,-0.3713158,-0.096379705,0.03126586
Somaliland,-99,0.078083545,2020-08-16,2020,8,-0.09435282,-0.16074398,-0.2898942
South Africa,ZAF,-0.9512532,2020-08-16,2020,8,-1.4806757,-0.89662725,-0.7199683
South Georgia and the Islands,SGS,-0.12986706,2020-08-16,2020,8,-0.13261873,-0.3819602,-0.18064894
South Korea,KOR,1.628059,2020-08-16,2020,8,1.1922649,0.009189196,-1.1267586
South Sudan,SSD,0.04836304,2020-08-16,2020,8,-0.01487125,-0.20058456,-0.27728212
Spain,ESP,-0.8641414,2020-08-16,2020,8,-0.94829476,0.22675046,0.65380996
Sri Lanka,LKA,1.4921329,2020-08-16,2020,8,0.9768742,0.14804186,-0.42278117
Sudan,SDN,0.5483231,2020-08-16,2020,8,0.011035758,0.2437282,-0.41174087
Suriname,SUR,-0.1511962,2020-08-16,2020,8,-0.82450604,-0.37417516,-0.71600485
Sweden,SWE,-0.5334287,2020-08-16,2020,8,-0.16048934,-0.9331789,0.20202354
Switzerland,CHE,-0.47606978,2020-08-16,2020,8,-1.046586,-1.2148733,-1.5261902
Syria,SYR,-0.90415996,2020-08-16,2020,8,-0.30459854,0.12783314,0.5726092
Taiwan,TWN,-0.23615763,2020-08-16,2020,8,-0.0126876645,0.18900482,0.37627837
Tajikistan,TJK,0.029014703,2020-08-16,2020,8,-0.42816985,0.15236,0.346126
Thailand,THA,-0.21163875,2020-08-16,2020,8,-1.1025631,-0.7366416,-1.0717807
The Bahamas,BHS,0.11545149,2020-08-16,2020,8,0.49085283,0.10261589,0.23451088
Togo,TGO,-0.26434287,2020-08-16,2020,8,0.26877525,-0.1652531,-0.3808499
Trinidad and Tobago,TTO,-0.37471798,2020-08-16,2020,8,-2.033976,-1.963618,-2.5356224
Tunisia,TUN,-1.3074045,2020-08-16,2020,8,-1.5409647,-1.1025517,-0.40650153
Turkey,TUR,-0.03552761,2020-08-16,2020,8,0.49511066,0.34732535,0.0020013102
Turkmenistan,TKM,-0.87027884,2020-08-16,2020,8,-0.89765674,0.10230671,-0.039649844
Uganda,UGA,0.93684757,2020-08-16,2020,8,0.7015595,-0.23741889,0.033001676
Ukraine,UKR,-1.2145649,2020-08-16,2020,8,0.4817867,-0.05038615,-0.8128139
United Arab Emirates,ARE,-1.3457884,2020-08-16,2020,8,-1.1335679,-0.7677277,0.28658837
United Kingdom,GBR,0.85169715,2020-08-16,2020,8,-0.34592798,-1.5989615,-2.2837431
United Republic of Tanzania,TZA,-0.25684094,2020-08-16,2020,8,-0.29744127,0.29612967,1.0573373
United States Virgin Islands,VIR,0.17527889,2020-08-16,2020,8,-0.7309726,-1.979125,-1.3647748
United States of America,USA,-0.33462837,2020-08-16,2020,8,-0.1889127,0.075971596,0.24798205
Uruguay,URY,-0.16370651,2020-08-16,2020,8,0.12324547,0.43594682,-1.2898897
Uzbekistan,UZB,-0.8846813,2020-08-16,2020,8,-0.806543,-0.37197793,-0.78041095
Vanuatu,VUT,-0.04560681,2020-08-16,2020,8,0.035776168,0.06401574,0.016645841
Venezuela,VEN,-0.022626556,2020-08-16,2020,8,-0.6507871,-0.6811569,-0.5835295
Vietnam,VNM,-1.4105831,2020-08-16,2020,8,-1.7705007,-1.3141726,-0.5836834
Western Sahara,ESH,-1.2057699,2020-08-16,2020,8,-1.3541644,-1.1814775,-1.2528671
Yemen,YEM,-0.4289437,2020-08-16,2020,8,0.123590805,0.054569133,0.14666143
Zambia,ZMB,-0.05256401,2020-08-16,2020,8,0.13639025,0.2404384,0.085214145
Zimbabwe,ZWE,0.062149458,2020-08-16,2020,8,-0.1876725,0.14875071,-0.42961302
eSwatini,SWZ,-0.21848854,2020-08-16,2020,8,-0.7895149,-0.58679396,-1.5783671
Afghanistan,AFG,0.08376818,2020-09-16,2020,9,-0.5181165,-0.55865115,0.19619828
Aland,ALA,-0.39393964,2020-09-16,2020,9,-0.56764674,0.08400316,-1.2128069
Albania,ALB,0.2937516,2020-09-16,2020,9,0.8737342,0.01849356,0.3325533
Algeria,DZA,-1.2460188,2020-09-16,2020,9,-0.7460833,-0.6022221,-0.28399602
Angola,AGO,-0.033617795,2020-09-16,2020,9,-0.3631721,-0.048759677,0.09166043
Antarctica,ATA,,2020-09-16,2020,9,,,
Argentina,ARG,-0.97587955,2020-09-16,2020,9,-0.42047536,-0.41221732,-0.67643154
Armenia,ARM,1.0271697,2020-09-16,2020,9,0.7573119,0.08037288,-0.433502
Australia,AUS,-0.57194155,2020-09-16,2020,9,-0.6934647,-0.466841,-0.34893692
Austria,AUT,0.74107516,2020-09-16,2020,9,1.1758891,0.5767651,-0.31039003
Azerbaijan,AZE,-0.012537953,2020-09-16,2020,9,-0.16519466,-0.808021,-0.6327762
Bangladesh,BGD,0.3324465,2020-09-16,2020,9,-0.076403566,0.26025307,0.31769237
Belarus,BLR,-1.090452,2020-09-16,2020,9,-0.42374387,0.52545804,-0.039517988
Belgium,BEL,-1.3408041,2020-09-16,2020,9,-1.0797344,-1.4836948,-1.9037982
Belize,BLZ,-1.6527119,2020-09-16,2020,9,-0.41021168,1.0426902,1.5016598
Benin,BEN,0.80639005,2020-09-16,2020,9,0.4789367,0.36863986,-0.1927387
Bhutan,BTN,0.06538926,2020-09-16,2020,9,-0.043210745,0.9744823,0.64014155
Bolivia,BOL,-0.6210809,2020-09-16,2020,9,-0.11027221,-0.43553358,-0.27575293
Bosnia and Herzegovina,BIH,-0.065541916,2020-09-16,2020,9,0.034197923,-0.4274378,-1.1541028
Botswana,BWA,-0.20831954,2020-09-16,2020,9,-0.44088924,-0.75591195,-0.04966946
Brazil,BRA,-1.1662912,2020-09-16,2020,9,-0.69763106,-0.17312975,0.032599673
Brunei,BRN,1.9251459,2020-09-16,2020,9,1.851404,2.0744734,0.9510286
Bulgaria,BGR,-1.0660119,2020-09-16,2020,9,-0.16848683,0.5493088,0.48212683
Burkina Faso,BFA,1.4796555,2020-09-16,2020,9,1.1001621,0.16325931,-0.73239625
Burundi,BDI,-1.3108675,2020-09-16,2020,9,-1.1209654,-0.19624619,0.56799376
Cabo Verde,CPV,-0.11453471,2020-09-16,2020,9,-0.25685275,-0.12311596,-1.4288454
Cambodia,KHM,-1.0660585,2020-09-16,2020,9,-0.80084425,-0.8219802,-0.80248094
Cameroon,CMR,0.48472032,2020-09-16,2020,9,0.306616,0.17851254,-0.5777322
Canada,CAN,0.016156705,2020-09-16,2020,9,0.037845846,0.016727695,0.11436732
Cayman Islands,CYM,,2020-09-16,2020,9,,,
Central African Republic,CAF,0.39509496,2020-09-16,2020,9,-0.08620723,-0.20753984,-0.9044361
Chad,TCD,0.4801154,2020-09-16,2020,9,0.019741956,-0.7799324,-0.7990756
Chile,CHL,-0.641904,2020-09-16,2020,9,0.011547832,0.15681711,-0.15917283
China,CHN,0.17785747,2020-09-16,2020,9,0.11635214,-0.0034250107,-0.3479961
Colombia,COL,0.8869453,2020-09-16,2020,9,0.7504546,0.32706004,-0.5591625
Comoros,COM,0.35109308,2020-09-16,2020,9,-0.6917432,0.51007533,-1.093042
Costa Rica,CRI,-1.4108391,2020-09-16,2020,9,-0.7386493,-1.0593992,-0.1935246
Croatia,HRV,0.41520372,2020-09-16,2020,9,0.6037219,-0.055338982,-0.94177014
Cuba,CUB,1.1666023,2020-09-16,2020,9,0.34103087,0.48616865,-0.24018295
Cyprus,CYP,-1.6227062,2020-09-16,2020,9,-0.14410862,0.6746161,0.69668555
Czechia,CZE,-0.34468162,2020-09-16,2020,9,-0.015780201,-0.14944725,-0.8396294
Democratic Republic of the Congo,COD,0.067327864,2020-09-16,2020,9,-0.013916486,0.13656612,0.025715007
Denmark,DNK,-0.7464216,2020-09-16,2020,9,-0.4558583,-0.21773948,-1.5047934
Djibouti,DJI,0.4065156,2020-09-16,2020,9,0.46460775,0.2668548,0.5875477
Dominican Republic,DOM,-0.7457753,2020-09-16,2020,9,-1.2660728,-1.3668054,-1.5328104
East Timor,TLS,0.07412228,2020-09-16,2020,9,-0.061782926,0.38572243,-0.27217957
Ecuador,ECU,0.89555645,2020-09-16,2020,9,0.2517471,0.6093408,0.16438279
Egypt,EGY,-1.5737994,2020-09-16,2020,9,-0.35213718,0.2757247,0.79980516
El Salvador,SLV,-0.4244449,2020-09-16,2020,9,-0.2541448,-0.24326262,-0.0033038855
Equatorial Guinea,GNQ,-0.11003665,2020-09-16,2020,9,0.3338422,0.3980146,0.014324446
Eritrea,ERI,0.76453894,2020-09-16,2020,9,0.88038397,0.32971475,0.36503184
Estonia,EST,-0.4073281,2020-09-16,2020,9,-0.16395143,0.07919817,-0.5682666
Ethiopia,ETH,0.55344456,2020-09-16,2020,9,0.36396596,0.3139877,0.3545944
Falkland Islands,FLK,1.1951483,2020-09-16,2020,9,1.4634758,0.67071605,-1.4210737
Faroe Islands,FRO,-0.14905538,2020-09-16,2020,9,-0.49170047,-0.44403744,-0.722793
Fiji,FJI,-0.9849445,2020-09-16,2020,9,-0.9016575,0.5574948,0.44440728
Finland,FIN,0.22294731,2020-09-16,2020,9,-0.21415304,-0.11573142,-1.032102
France,-99,-1.3297708,2020-09-16,2020,9,0.078083545,-0.09435282,-0.16074398
French Polynesia,PYF,-1.0093273,2020-09-16,2020,9,-0.22335318,-0.5435777,-1.4896059
French Southern and Antarctic Lands,ATF,1.2190543,2020-09-16,2020,9,0.6773062,1.1145558,1.2848611
Gabon,GAB,-0.35401812,2020-09-16,2020,9,1.0292224,0.61608344,-0.13518074
Gambia,GMB,-0.10697513,2020-09-16,2020,9,-1.3432686,-2.3570652,-0.8305416
Georgia,GEO,-0.44136792,2020-09-16,2020,9,-0.36077115,-0.14930299,-0.48975286
Germany,DEU,-1.086758,2020-09-16,2020,9,-0.87758857,-1.0484818,-1.5583625
Ghana,GHA,0.6789819,2020-09-16,2020,9,0.19342713,-0.07307574,-0.3964066
Greece,GRC,0.039812174,2020-09-16,2020,9,0.5384181,0.30400494,0.49492997
Greenland,GRL,0.3345333,2020-09-16,2020,9,0.6049813,0.38542297,0.16019213
Guatemala,GTM,-0.34430748,2020-09-16,2020,9,0.21391173,0.80680907,1.053153
Guinea,GIN,-0.00013113022,2020-09-16,2020,9,-0.7860959,-0.87212026,-0.50120527
Guinea-Bissau,GNB,-0.16430518,2020-09-16,2020,9,-1.2602473,-2.3746476,-0.8077137
Guyana,GUY,0.23458306,2020-09-16,2020,9,0.0061353873,0.9784094,1.477782
Haiti,HTI,-0.20856626,2020-09-16,2020,9,-1.7649727,-2.0073276,-2.0997844
Honduras,HND,-1.0083556,2020-09-16,2020,9,-0.79761446,-0.17428546,0.13246146
Hungary,HUN,-0.12247239,2020-09-16,2020,9,0.5230255,0.29940802,-0.9278627
Iceland,ISL,0.99955416,2020-09-16,2020,9,0.7138851,-0.13113745,0.18997921
India,IND,0.14045295,2020-09-16,2020,9,0.16009422,-0.14661397,0.40946892
Indonesia,IDN,0.5279276,2020-09-16,2020,9,0.4868809,0.70612,0.7677583
Iran,IRN,-0.55050206,2020-09-16,2020,9,-0.9476208,-1.0462502,0.030460063
Iraq,IRQ,-1.3083978,2020-09-16,2020,9,-1.2673284,-1.3435634,-0.88521546
Ireland,IRL,1.1876984,2020-09-16,2020,9,1.6926371,0.3581766,-1.4068191
Israel,ISR,-1.3373773,2020-09-16,2020,9,0.041185297,0.23812193,0.36631134
Italy,ITA,-0.19572277,2020-09-16,2020,9,0.3376795,-0.07553664,-0.10846236
Ivory Coast,CIV,0.33649474,2020-09-16,2020,9,0.2378951,-0.14039078,-0.4877281
Jamaica,JAM,0.5457228,2020-09-16,2020,9,0.29535952,0.56539303,0.28634685
Japan,JPN,0.6944748,2020-09-16,2020,9,0.69035786,1.0495005,-0.14600594
Jordan,JOR,-1.2387139,2020-09-16,2020,9,-0.027267188,0.21339539,0.41260338
Kazakhstan,KAZ,-0.48865926,2020-09-16,2020,9,-0.9456687,-1.3468591,-1.3552017
Kenya,KEN,0.6290848,2020-09-16,2020,9,0.3725305,0.107233435,-0.28472272
Kiribati,KIR,,2020-09-16,2020,9,,,
Kosovo,-99,-0.08305893,2020-09-16,2020,9,-1.3297708,0.078083545,-0.09435282
Kuwait,KWT,-1.3687699,2020-09-16,2020,9,-1.4910375,-1.3887548,-1.0081563
Kyrgyzstan,KGZ,1.4635917,2020-09-16,2020,9,0.7922153,-0.34037697,-0.096085936
Laos,LAO,-1.068011,2020-09-16,2020,9,-1.6674179,-2.4341872,-1.9630504
Latvia,LVA,-0.786418,2020-09-16,2020,9,-0.14379817,0.24892722,-0.37885875
Lebanon,LBN,-1.4953694,2020-09-16,2020,9,-0.41910836,0.6116416,0.56024855
Lesotho,LSO,-1.3654333,2020-09-16,2020,9,-1.6441512,-1.8907957,-0.7394784
Liberia,LBR,-0.005749443,2020-09-16,2020,9,0.031129012,-0.04785954,-0.10918959
Libya,LBY,-1.0148424,2020-09-16,2020,9,-0.46805063,-0.30202323,-0.14187922
Lithuania,LTU,-1.111953,2020-09-16,2020,9,-0.21876885,0.36453474,-0.20502172
Luxembourg,LUX,-1.5293232,2020-09-16,2020,9,-1.2484998,-1.4614518,-1.7667799
Madagascar,MDG,-1.1934221,2020-09-16,2020,9,-0.99779654,-0.62751883,-0.33327138
Malawi,MWI,0.21834186,2020-09-16,2020,9,1.2153739,0.5279942,-0.79253614
Malaysia,MYS,0.7868448,2020-09-16,2020,9,1.3418573,1.672766,1.0680151
Mali,MLI,0.2931178,2020-09-16,2020,9,0.082506716,-0.199686,-0.5720409
Mauritania,MRT,-0.51229566,2020-09-16,2020,9,-0.37160918,-0.7318399,-0.7895332
Mauritius,MUS,-2.5377514,2020-09-16,2020,9,-2.2969277,-1.933283,-1.8013393
Mexico,MEX,-0.71686566,2020-09-16,2020,9,-0.7883755,-0.81314415,-0.69460326
Moldova,MDA,-1.7012554,2020-09-16,2020,9,-1.1969086,0.45861396,-0.29597545
Mongolia,MNG,0.28534475,2020-09-16,2020,9,0.37826172,-0.24538548,-1.3097643
Montenegro,MNE,0.19074744,2020-09-16,2020,9,0.35692486,-0.29900295,-0.9342734
Morocco,MAR,-1.2459543,2020-09-16,2020,9,-0.89285856,-1.1647955,-0.68716836
Mozambique,MOZ,-0.2116129,2020-09-16,2020,9,0.01775498,-0.3954074,-0.92644614
Myanmar,MMR,0.2752515,2020-09-16,2020,9,-0.1821284,-0.8073103,-0.5254093
Namibia,NAM,0.2198413,2020-09-16,2020,9,0.27784878,-0.16001093,0.13814063
Nepal,NPL,-0.68785757,2020-09-16,2020,9,-0.37230763,0.20552468,0.56593066
Netherlands,NLD,-0.885283,2020-09-16,2020,9,-0.70111,-1.1014795,-2.0740905
New Caledonia,NCL,-1.0846719,2020-09-16,2020,9,-1.7200751,-1.1889167,-0.61520416
New Zealand,NZL,0.14798625,2020-09-16,2020,9,-0.094694085,-0.49593434,-0.47973725
Nicaragua,NIC,-0.35172722,2020-09-16,2020,9,0.19608186,0.0028341399,0.39860457
Niger,NER,0.9116183,2020-09-16,2020,9,0.39967248,-0.41035613,-0.87492687
Nigeria,NGA,0.92779297,2020-09-16,2020,9,0.54150367,0.10370838,-0.61022127
North Korea,PRK,1.2340373,2020-09-16,2020,9,0.5717573,-0.6274725,-0.18505625
North Macedonia,MKD,0.13152567,2020-09-16,2020,9,0.5663903,-0.038735714,-0.0023098642
Northern Cyprus,-99,-1.7918255,2020-09-16,2020,9,-0.08305893,-1.3297708,0.078083545
Norway,-99,0.35381848,2020-09-16,2020,9,-1.7918255,-0.08305893,-1.3297708
Oman,OMN,-1.0496256,2020-09-16,2020,9,-0.53210276,-0.39987347,-0.2820264
Pakistan,PAK,0.3943001,2020-09-16,2020,9,0.18445146,-0.49843454,-0.034614325
Palestine,PSE,-1.3362309,2020-09-16,2020,9,0.110785365,0.17667864,0.39479592
Panama,PAN,-0.8507928,2020-09-16,2020,9,-0.4783421,-0.81295365,-0.7980483
Papua New Guinea,PNG,-0.09513569,2020-09-16,2020,9,-0.012933801,0.0039065033,0.14295842
Paraguay,PRY,-1.3785911,2020-09-16,2020,9,-0.58807266,-0.7262502,-1.1076068
Peru,PER,0.22547485,2020-09-16,2020,9,0.11156594,0.12757438,0.04668937
Philippines,PHL,-0.91390145,2020-09-16,2020,9,-0.19626442,-0.30981347,-0.07310627
Poland,POL,-0.7476932,2020-09-16,2020,9,-0.3161533,0.09874683,-0.4988815
Portugal,PRT,-1.0334046,2020-09-16,2020,9,-0.90256685,-0.82318515,0.5207697
Puerto Rico,PRI,0.38789487,2020-09-16,2020,9,0.3852065,-0.24180095,-1.048469
Qatar,QAT,-1.5777192,2020-09-16,2020,9,-1.6567807,-1.4049557,-0.77876717
Republic of Serbia,SRB,-0.30278486,2020-09-16,2020,9,0.36943454,0.11500714,-0.8585147
Republic of the Congo,COG,0.95119804,2020-09-16,2020,9,1.2370117,1.2892529,-0.4370447
Romania,ROU,-0.89936703,2020-09-16,2020,9,-0.104202636,0.725302,-0.15039468
Russia,RUS,-0.35419464,2020-09-16,2020,9,-0.44374028,-0.16021542,-0.7865049
Rwanda,RWA,-1.4553946,2020-09-16,2020,9,-1.2275549,-0.49064383,0.25083604
Saint Vincent and the Grenadines,VCT,0.039024036,2020-09-16,2020,9,-0.25851655,-1.4969214,-2.40733
Samoa,WSM,1.703483,2020-09-16,2020,9,2.184692,1.6621886,1.4283128
Saudi Arabia,SAU,-1.8922639,2020-09-16,2020,9,-1.5300997,-0.7709037,-0.60905564
Senegal,SEN,0.106629334,2020-09-16,2020,9,-1.127831,-2.0021234,-0.96421367
Siachen Glacier,-99,-0.6573111,2020-09-16,2020,9,0.35381848,-1.7918255,-0.08305893
Sierra Leone,SLE,-1.0746857,2020-09-16,2020,9,-1.2074885,-1.0148951,0.8192257
Slovakia,SVK,0.3216564,2020-09-16,2020,9,0.66409373,0.5153936,-0.76202047
Slovenia,SVN,1.3708265,2020-09-16,2020,9,1.5746475,0.616857,-0.31438345
Solomon Islands,SLB,0.035046212,2020-09-16,2020,9,0.03823063,0.051780004,0.025314316
Somalia,SOM,-0.5481214,2020-09-16,2020,9,-0.886993,-0.3713158,-0.096379705
Somaliland,-99,-0.09946431,2020-09-16,2020,9,-0.6573111,0.35381848,-1.7918255
South Africa,ZAF,-0.6924598,2020-09-16,2020,9,-0.9512532,-1.4806757,-0.89662725
South Georgia and the Islands,SGS,0.67863536,2020-09-16,2020,9,-0.12986706,-0.13261873,-0.3819602
South Korea,KOR,1.6668825,2020-09-16,2020,9,1.628059,1.1922649,0.009189196
South Sudan,SSD,0.099010944,2020-09-16,2020,9,0.04836304,-0.01487125,-0.20058456
Spain,ESP,-1.0327731,2020-09-16,2020,9,-0.8641414,-0.94829476,0.22675046
Sri Lanka,LKA,1.5898842,2020-09-16,2020,9,1.4921329,0.9768742,0.14804186
Sudan,SDN,0.29989612,2020-09-16,2020,9,0.5483231,0.011035758,0.2437282
Suriname,SUR,-0.091749884,2020-09-16,2020,9,-0.1511962,-0.82450604,-0.37417516
Sweden,SWE,-0.032641172,2020-09-16,2020,9,-0.5334287,-0.16048934,-0.9331789
Switzerland,CHE,-1.1625333,2020-09-16,2020,9,-0.47606978,-1.046586,-1.2148733
Syria,SYR,-1.6342996,2020-09-16,2020,9,-0.90415996,-0.30459854,0.12783314
Taiwan,TWN,-0.46682084,2020-09-16,2020,9,-0.23615763,-0.0126876645,0.18900482
Tajikistan,TJK,0.9526053,2020-09-16,2020,9,0.029014703,-0.42816985,0.15236
Thailand,THA,-0.32746857,2020-09-16,2020,9,-0.21163875,-1.1025631,-0.7366416
The Bahamas,BHS,1.6532193,2020-09-16,2020,9,0.11545149,0.49085283,0.10261589
Togo,TGO,0.19098109,2020-09-16,2020,9,-0.26434287,0.26877525,-0.1652531
Trinidad and Tobago,TTO,0.7848728,2020-09-16,2020,9,-0.37471798,-2.033976,-1.963618
Tunisia,TUN,0.06743728,2020-09-16,2020,9,-1.3074045,-1.5409647,-1.1025517
Turkey,TUR,-1.2735507,2020-09-16,2020,9,-0.03552761,0.49511066,0.34732535
Turkmenistan,TKM,-0.10743331,2020-09-16,2020,9,-0.87027884,-0.89765674,0.10230671
Uganda,UGA,0.8602714,2020-09-16,2020,9,0.93684757,0.7015595,-0.23741889
Ukraine,UKR,-1.6379658,2020-09-16,2020,9,-1.2145649,0.4817867,-0.05038615
United Arab Emirates,ARE,-1.4197391,2020-09-16,2020,9,-1.3457884,-1.1335679,-0.7677277
United Kingdom,GBR,0.31036836,2020-09-16,2020,9,0.85169715,-0.34592798,-1.5989615
United Republic of Tanzania,TZA,-0.5397066,2020-09-16,2020,9,-0.25684094,-0.29744127,0.29612967
United States Virgin Islands,VIR,0.067005925,2020-09-16,2020,9,0.17527889,-0.7309726,-1.979125
United States of America,USA,-0.5084041,2020-09-16,2020,9,-0.33462837,-0.1889127,0.075971596
Uruguay,URY,-1.3503801,2020-09-16,2020,9,-0.16370651,0.12324547,0.43594682
Uzbekistan,UZB,-0.14518079,2020-09-16,2020,9,-0.8846813,-0.806543,-0.37197793
Vanuatu,VUT,-0.019748567,2020-09-16,2020,9,-0.04560681,0.035776168,0.06401574
Venezuela,VEN,0.595474,2020-09-16,2020,9,-0.022626556,-0.6507871,-0.6811569
Vietnam,VNM,-1.1548203,2020-09-16,2020,9,-1.4105831,-1.7705007,-1.3141726
Western Sahara,ESH,-1.3343126,2020-09-16,2020,9,-1.2057699,-1.3541644,-1.1814775
Yemen,YEM,-0.43310893,2020-09-16,2020,9,-0.4289437,0.123590805,0.054569133
Zambia,ZMB,-0.10009886,2020-09-16,2020,9,-0.05256401,0.13639025,0.2404384
Zimbabwe,ZWE,0.2968153,2020-09-16,2020,9,0.062149458,-0.1876725,0.14875071
eSwatini,SWZ,-0.7042838,2020-09-16,2020,9,-0.21848854,-0.7895149,-0.58679396
Afghanistan,AFG,0.0755506,2020-10-16,2020,10,0.08376818,-0.5181165,-0.55865115
Aland,ALA,-0.749199,2020-10-16,2020,10,-0.39393964,-0.56764674,0.08400316
Albania,ALB,0.3476504,2020-10-16,2020,10,0.2937516,0.8737342,0.01849356
Algeria,DZA,-1.34048,2020-10-16,2020,10,-1.2460188,-0.7460833,-0.6022221
Angola,AGO,0.1014929,2020-10-16,2020,10,-0.033617795,-0.3631721,-0.048759677
Antarctica,ATA,,2020-10-16,2020,10,,,
Argentina,ARG,-1.5862985,2020-10-16,2020,10,-0.97587955,-0.42047536,-0.41221732
Armenia,ARM,-1.0764407,2020-10-16,2020,10,1.0271697,0.7573119,0.08037288
Australia,AUS,-0.2805882,2020-10-16,2020,10,-0.57194155,-0.6934647,-0.466841
Austria,AUT,1.6217831,2020-10-16,2020,10,0.74107516,1.1758891,0.5767651
Azerbaijan,AZE,-1.2386864,2020-10-16,2020,10,-0.012537953,-0.16519466,-0.808021
Bangladesh,BGD,0.5483881,2020-10-16,2020,10,0.3324465,-0.076403566,0.26025307
Belarus,BLR,-0.76014555,2020-10-16,2020,10,-1.090452,-0.42374387,0.52545804
Belgium,BEL,-0.44392788,2020-10-16,2020,10,-1.3408041,-1.0797344,-1.4836948
Belize,BLZ,-0.80878156,2020-10-16,2020,10,-1.6527119,-0.41021168,1.0426902
Benin,BEN,0.7717033,2020-10-16,2020,10,0.80639005,0.4789367,0.36863986
Bhutan,BTN,-0.9015399,2020-10-16,2020,10,0.06538926,-0.043210745,0.9744823
Bolivia,BOL,-0.9061147,2020-10-16,2020,10,-0.6210809,-0.11027221,-0.43553358
Bosnia and Herzegovina,BIH,0.6013629,2020-10-16,2020,10,-0.065541916,0.034197923,-0.4274378
Botswana,BWA,-0.16458644,2020-10-16,2020,10,-0.20831954,-0.44088924,-0.75591195
Brazil,BRA,-1.0771383,2020-10-16,2020,10,-1.1662912,-0.69763106,-0.17312975
Brunei,BRN,1.5331013,2020-10-16,2020,10,1.9251459,1.851404,2.0744734
Bulgaria,BGR,-0.86697686,2020-10-16,2020,10,-1.0660119,-0.16848683,0.5493088
Burkina Faso,BFA,1.3143612,2020-10-16,2020,10,1.4796555,1.1001621,0.16325931
Burundi,BDI,0.4866076,2020-10-16,2020,10,-1.3108675,-1.1209654,-0.19624619
Cabo Verde,CPV,-0.17900196,2020-10-16,2020,10,-0.11453471,-0.25685275,-0.12311596
Cambodia,KHM,0.9424174,2020-10-16,2020,10,-1.0660585,-0.80084425,-0.8219802
Cameroon,CMR,-0.111803524,2020-10-16,2020,10,0.48472032,0.306616,0.17851254
Canada,CAN,0.20295666,2020-10-16,2020,10,0.016156705,0.037845846,0.016727695
Cayman Islands,CYM,,2020-10-16,2020,10,,,
Central African Republic,CAF,0.10207619,2020-10-16,2020,10,0.39509496,-0.08620723,-0.20753984
Chad,TCD,0.53103805,2020-10-16,2020,10,0.4801154,0.019741956,-0.7799324
Chile,CHL,-1.1475848,2020-10-16,2020,10,-0.641904,0.011547832,0.15681711
China,CHN,0.033080045,2020-10-16,2020,10,0.17785747,0.11635214,-0.0034250107
Colombia,COL,-0.3304163,2020-10-16,2020,10,0.8869453,0.7504546,0.32706004
Comoros,COM,0.44558936,2020-10-16,2020,10,0.35109308,-0.6917432,0.51007533
Costa Rica,CRI,2.0212526,2020-10-16,2020,10,-1.4108391,-0.7386493,-1.0593992
Croatia,HRV,0.9616717,2020-10-16,2020,10,0.41520372,0.6037219,-0.055338982
Cuba,CUB,1.2448838,2020-10-16,2020,10,1.1666023,0.34103087,0.48616865
Cyprus,CYP,-2.6347082,2020-10-16,2020,10,-1.6227062,-0.14410862,0.6746161
Czechia,CZE,0.8844883,2020-10-16,2020,10,-0.34468162,-0.015780201,-0.14944725
Democratic Republic of the Congo,COD,0.080041744,2020-10-16,2020,10,0.067327864,-0.013916486,0.13656612
Denmark,DNK,-0.9008784,2020-10-16,2020,10,-0.7464216,-0.4558583,-0.21773948
Djibouti,DJI,0.39116463,2020-10-16,2020,10,0.4065156,0.46460775,0.2668548
Dominican Republic,DOM,-0.7952273,2020-10-16,2020,10,-0.7457753,-1.2660728,-1.3668054
East Timor,TLS,-0.619901,2020-10-16,2020,10,0.07412228,-0.061782926,0.38572243
Ecuador,ECU,0.18956372,2020-10-16,2020,10,0.89555645,0.2517471,0.6093408
Egypt,EGY,-1.9296349,2020-10-16,2020,10,-1.5737994,-0.35213718,0.2757247
El Salvador,SLV,-0.13532332,2020-10-16,2020,10,-0.4244449,-0.2541448,-0.24326262
Equatorial Guinea,GNQ,-0.8073423,2020-10-16,2020,10,-0.11003665,0.3338422,0.3980146
Eritrea,ERI,0.7583176,2020-10-16,2020,10,0.76453894,0.88038397,0.32971475
Estonia,EST,-0.7067554,2020-10-16,2020,10,-0.4073281,-0.16395143,0.07919817
Ethiopia,ETH,0.6013138,2020-10-16,2020,10,0.55344456,0.36396596,0.3139877
Falkland Islands,FLK,-0.22310089,2020-10-16,2020,10,1.1951483,1.4634758,0.67071605
Faroe Islands,FRO,-0.17809352,2020-10-16,2020,10,-0.14905538,-0.49170047,-0.44403744
Fiji,FJI,-0.45326552,2020-10-16,2020,10,-0.9849445,-0.9016575,0.5574948
Finland,FIN,-0.23840268,2020-10-16,2020,10,0.22294731,-0.21415304,-0.11573142
France,-99,-0.15033224,2020-10-16,2020,10,-0.09946431,-0.6573111,0.35381848
French Polynesia,PYF,-0.03725862,2020-10-16,2020,10,-1.0093273,-0.22335318,-0.5435777
French Southern and Antarctic Lands,ATF,0.59398377,2020-10-16,2020,10,1.2190543,0.6773062,1.1145558
Gabon,GAB,-0.94133496,2020-10-16,2020,10,-0.35401812,1.0292224,0.61608344
Gambia,GMB,1.1732547,2020-10-16,2020,10,-0.10697513,-1.3432686,-2.3570652
Georgia,GEO,-1.7046789,2020-10-16,2020,10,-0.44136792,-0.36077115,-0.14930299
Germany,DEU,-0.4618655,2020-10-16,2020,10,-1.086758,-0.87758857,-1.0484818
Ghana,GHA,0.6103819,2020-10-16,2020,10,0.6789819,0.19342713,-0.07307574
Greece,GRC,-0.2551661,2020-10-16,2020,10,0.039812174,0.5384181,0.30400494
Greenland,GRL,0.4315319,2020-10-16,2020,10,0.3345333,0.6049813,0.38542297
Guatemala,GTM,-0.12441174,2020-10-16,2020,10,-0.34430748,0.21391173,0.80680907
Guinea,GIN,0.24953139,2020-10-16,2020,10,-0.00013113022,-0.7860959,-0.87212026
Guinea-Bissau,GNB,1.3268596,2020-10-16,2020,10,-0.16430518,-1.2602473,-2.3746476
Guyana,GUY,-0.014859133,2020-10-16,2020,10,0.23458306,0.0061353873,0.9784094
Haiti,HTI,-0.21182233,2020-10-16,2020,10,-0.20856626,-1.7649727,-2.0073276
Honduras,HND,-0.44948968,2020-10-16,2020,10,-1.0083556,-0.79761446,-0.17428546
Hungary,HUN,0.76832366,2020-10-16,2020,10,-0.12247239,0.5230255,0.29940802
Iceland,ISL,0.84679997,2020-10-16,2020,10,0.99955416,0.7138851,-0.13113745
India,IND,0.4546963,2020-10-16,2020,10,0.14045295,0.16009422,-0.14661397
Indonesia,IDN,0.47664475,2020-10-16,2020,10,0.5279276,0.4868809,0.70612
Iran,IRN,-0.64419276,2020-10-16,2020,10,-0.55050206,-0.9476208,-1.0462502
Iraq,IRQ,-1.6114526,2020-10-16,2020,10,-1.3083978,-1.2673284,-1.3435634
Ireland,IRL,1.0291885,2020-10-16,2020,10,1.1876984,1.6926371,0.3581766
Israel,ISR,-1.850292,2020-10-16,2020,10,-1.3373773,0.041185297,0.23812193
Italy,ITA,0.20895296,2020-10-16,2020,10,-0.19572277,0.3376795,-0.07553664
Ivory Coast,CIV,0.21072505,2020-10-16,2020,10,0.33649474,0.2378951,-0.14039078
Jamaica,JAM,0.92937195,2020-10-16,2020,10,0.5457228,0.29535952,0.56539303
Japan,JPN,-0.57904565,2020-10-16,2020,10,0.6944748,0.69035786,1.0495005
Jordan,JOR,-1.7305824,2020-10-16,2020,10,-1.2387139,-0.027267188,0.21339539
Kazakhstan,KAZ,-0.73485386,2020-10-16,2020,10,-0.48865926,-0.9456687,-1.3468591
Kenya,KEN,0.02513274,2020-10-16,2020,10,0.6290848,0.3725305,0.107233435
Kiribati,KIR,,2020-10-16,2020,10,,,
Kosovo,-99,0.42446005,2020-10-16,2020,10,-0.15033224,-0.09946431,-0.6573111
Kuwait,KWT,-1.3554884,2020-10-16,2020,10,-1.3687699,-1.4910375,-1.3887548
Kyrgyzstan,KGZ,1.113641,2020-10-16,2020,10,1.4635917,0.7922153,-0.34037697
Laos,LAO,0.566006,2020-10-16,2020,10,-1.068011,-1.6674179,-2.4341872
Latvia,LVA,-0.86612296,2020-10-16,2020,10,-0.786418,-0.14379817,0.24892722
Lebanon,LBN,-2.2910655,2020-10-16,2020,10,-1.4953694,-0.41910836,0.6116416
Lesotho,LSO,-0.84384465,2020-10-16,2020,10,-1.3654333,-1.6441512,-1.8907957
Liberia,LBR,-0.13186374,2020-10-16,2020,10,-0.005749443,0.031129012,-0.04785954
Libya,LBY,-1.1782027,2020-10-16,2020,10,-1.0148424,-0.46805063,-0.30202323
Lithuania,LTU,-0.8447687,2020-10-16,2020,10,-1.111953,-0.21876885,0.36453474
Luxembourg,LUX,-0.8581577,2020-10-16,2020,10,-1.5293232,-1.2484998,-1.4614518
Madagascar,MDG,-0.6269748,2020-10-16,2020,10,-1.1934221,-0.99779654,-0.62751883
Malawi,MWI,-0.1760834,2020-10-16,2020,10,0.21834186,1.2153739,0.5279942
Malaysia,MYS,-0.12557471,2020-10-16,2020,10,0.7868448,1.3418573,1.672766
Mali,MLI,0.32644212,2020-10-16,2020,10,0.2931178,0.082506716,-0.199686
Mauritania,MRT,-0.29154915,2020-10-16,2020,10,-0.51229566,-0.37160918,-0.7318399
Mauritius,MUS,-2.5434813,2020-10-16,2020,10,-2.5377514,-2.2969277,-1.933283
Mexico,MEX,-1.0842497,2020-10-16,2020,10,-0.71686566,-0.7883755,-0.81314415
Moldova,MDA,-1.4310604,2020-10-16,2020,10,-1.7012554,-1.1969086,0.45861396
Mongolia,MNG,0.3364855,2020-10-16,2020,10,0.28534475,0.37826172,-0.24538548
Montenegro,MNE,0.91803217,2020-10-16,2020,10,0.19074744,0.35692486,-0.29900295
Morocco,MAR,-0.95736647,2020-10-16,2020,10,-1.2459543,-0.89285856,-1.1647955
Mozambique,MOZ,-0.2573047,2020-10-16,2020,10,-0.2116129,0.01775498,-0.3954074
Myanmar,MMR,0.6356393,2020-10-16,2020,10,0.2752515,-0.1821284,-0.8073103
Namibia,NAM,-0.023553476,2020-10-16,2020,10,0.2198413,0.27784878,-0.16001093
Nepal,NPL,-0.90171206,2020-10-16,2020,10,-0.68785757,-0.37230763,0.20552468
Netherlands,NLD,-0.42590705,2020-10-16,2020,10,-0.885283,-0.70111,-1.1014795
New Caledonia,NCL,-0.4542588,2020-10-16,2020,10,-1.0846719,-1.7200751,-1.1889167
New Zealand,NZL,0.36721244,2020-10-16,2020,10,0.14798625,-0.094694085,-0.49593434
Nicaragua,NIC,0.5264694,2020-10-16,2020,10,-0.35172722,0.19608186,0.0028341399
Niger,NER,0.68854403,2020-10-16,2020,10,0.9116183,0.39967248,-0.41035613
Nigeria,NGA,0.74391,2020-10-16,2020,10,0.92779297,0.54150367,0.10370838
North Korea,PRK,1.8046745,2020-10-16,2020,10,1.2340373,0.5717573,-0.6274725
North Macedonia,MKD,0.3496569,2020-10-16,2020,10,0.13152567,0.5663903,-0.038735714
Northern Cyprus,-99,-2.8092985,2020-10-16,2020,10,0.42446005,-0.15033224,-0.09946431
Norway,-99,-0.009457396,2020-10-16,2020,10,-2.8092985,0.42446005,-0.15033224
Oman,OMN,-0.9773758,2020-10-16,2020,10,-1.0496256,-0.53210276,-0.39987347
Pakistan,PAK,0.886344,2020-10-16,2020,10,0.3943001,0.18445146,-0.49843454
Palestine,PSE,-1.8642159,2020-10-16,2020,10,-1.3362309,0.110785365,0.17667864
Panama,PAN,1.1887884,2020-10-16,2020,10,-0.8507928,-0.4783421,-0.81295365
Papua New Guinea,PNG,0.018929826,2020-10-16,2020,10,-0.09513569,-0.012933801,0.0039065033
Paraguay,PRY,-1.5923117,2020-10-16,2020,10,-1.3785911,-0.58807266,-0.7262502
Peru,PER,-0.08846356,2020-10-16,2020,10,0.22547485,0.11156594,0.12757438
Philippines,PHL,-0.41714776,2020-10-16,2020,10,-0.91390145,-0.19626442,-0.30981347
Poland,POL,0.22925207,2020-10-16,2020,10,-0.7476932,-0.3161533,0.09874683
Portugal,PRT,-0.16642927,2020-10-16,2020,10,-1.0334046,-0.90256685,-0.82318515
Puerto Rico,PRI,-0.18879797,2020-10-16,2020,10,0.38789487,0.3852065,-0.24180095
Qatar,QAT,-1.1940006,2020-10-16,2020,10,-1.5777192,-1.6567807,-1.4049557
Republic of Serbia,SRB,0.19835192,2020-10-16,2020,10,-0.30278486,0.36943454,0.11500714
Republic of the Congo,COG,0.1345864,2020-10-16,2020,10,0.95119804,1.2370117,1.2892529
Romania,ROU,-0.55667305,2020-10-16,2020,10,-0.89936703,-0.104202636,0.725302
Russia,RUS,-0.6302383,2020-10-16,2020,10,-0.35419464,-0.44374028,-0.16021542
Rwanda,RWA,-0.06910071,2020-10-16,2020,10,-1.4553946,-1.2275549,-0.49064383
Saint Vincent and the Grenadines,VCT,1.7380719,2020-10-16,2020,10,0.039024036,-0.25851655,-1.4969214
Samoa,WSM,1.7928015,2020-10-16,2020,10,1.703483,2.184692,1.6621886
Saudi Arabia,SAU,-1.9532871,2020-10-16,2020,10,-1.8922639,-1.5300997,-0.7709037
Senegal,SEN,0.979393,2020-10-16,2020,10,0.106629334,-1.127831,-2.0021234
Siachen Glacier,-99,-0.27865526,2020-10-16,2020,10,-0.009457396,-2.8092985,0.42446005
Sierra Leone,SLE,-0.22046272,2020-10-16,2020,10,-1.0746857,-1.2074885,-1.0148951
Slovakia,SVK,1.3713691,2020-10-16,2020,10,0.3216564,0.66409373,0.5153936
Slovenia,SVN,1.7539451,2020-10-16,2020,10,1.3708265,1.5746475,0.616857
Solomon Islands,SLB,0.032825086,2020-10-16,2020,10,0.035046212,0.03823063,0.051780004
Somalia,SOM,-0.1946595,2020-10-16,2020,10,-0.5481214,-0.886993,-0.3713158
Somaliland,-99,-0.38962686,2020-10-16,2020,10,-0.27865526,-0.009457396,-2.8092985
South Africa,ZAF,-0.6768647,2020-10-16,2020,10,-0.6924598,-0.9512532,-1.4806757
South Georgia and the Islands,SGS,0.5022204,2020-10-16,2020,10,0.67863536,-0.12986706,-0.13261873
South Korea,KOR,0.9741809,2020-10-16,2020,10,1.6668825,1.628059,1.1922649
South Sudan,SSD,-0.027801996,2020-10-16,2020,10,0.099010944,0.04836304,-0.01487125
Spain,ESP,-0.512653,2020-10-16,2020,10,-1.0327731,-0.8641414,-0.94829476
Sri Lanka,LKA,-0.5861288,2020-10-16,2020,10,1.5898842,1.4921329,0.9768742
Sudan,SDN,0.21818218,2020-10-16,2020,10,0.29989612,0.5483231,0.011035758
Suriname,SUR,0.5017791,2020-10-16,2020,10,-0.091749884,-0.1511962,-0.82450604
Sweden,SWE,-0.16149779,2020-10-16,2020,10,-0.032641172,-0.5334287,-0.16048934
Switzerland,CHE,0.13935253,2020-10-16,2020,10,-1.1625333,-0.47606978,-1.046586
Syria,SYR,-2.0434322,2020-10-16,2020,10,-1.6342996,-0.90415996,-0.30459854
Taiwan,TWN,-0.28781617,2020-10-16,2020,10,-0.46682084,-0.23615763,-0.0126876645
Tajikistan,TJK,0.4958044,2020-10-16,2020,10,0.9526053,0.029014703,-0.42816985
Thailand,THA,0.6812861,2020-10-16,2020,10,-0.32746857,-0.21163875,-1.1025631
The Bahamas,BHS,1.4195517,2020-10-16,2020,10,1.6532193,0.11545149,0.49085283
Togo,TGO,0.13283032,2020-10-16,2020,10,0.19098109,-0.26434287,0.26877525
Trinidad and Tobago,TTO,2.5038927,2020-10-16,2020,10,0.7848728,-0.37471798,-2.033976
Tunisia,TUN,-0.3867822,2020-10-16,2020,10,0.06743728,-1.3074045,-1.5409647
Turkey,TUR,-1.8180003,2020-10-16,2020,10,-1.2735507,-0.03552761,0.49511066
Turkmenistan,TKM,-0.4377483,2020-10-16,2020,10,-0.10743331,-0.87027884,-0.89765674
Uganda,UGA,0.87544215,2020-10-16,2020,10,0.8602714,0.93684757,0.7015595
Ukraine,UKR,-1.3669837,2020-10-16,2020,10,-1.6379658,-1.2145649,0.4817867
United Arab Emirates,ARE,-1.0281924,2020-10-16,2020,10,-1.4197391,-1.3457884,-1.1335679
United Kingdom,GBR,1.0360229,2020-10-16,2020,10,0.31036836,0.85169715,-0.34592798
United Republic of Tanzania,TZA,-0.06321507,2020-10-16,2020,10,-0.5397066,-0.25684094,-0.29744127
United States Virgin Islands,VIR,-0.5485532,2020-10-16,2020,10,0.067005925,0.17527889,-0.7309726
United States of America,USA,-0.47125348,2020-10-16,2020,10,-0.5084041,-0.33462837,-0.1889127
Uruguay,URY,-1.3705845,2020-10-16,2020,10,-1.3503801,-0.16370651,0.12324547
Uzbekistan,UZB,-0.6295971,2020-10-16,2020,10,-0.14518079,-0.8846813,-0.806543
Vanuatu,VUT,0.03939275,2020-10-16,2020,10,-0.019748567,-0.04560681,0.035776168
Venezuela,VEN,0.42213494,2020-10-16,2020,10,0.595474,-0.022626556,-0.6507871
Vietnam,VNM,0.52208203,2020-10-16,2020,10,-1.1548203,-1.4105831,-1.7705007
Western Sahara,ESH,-1.0140048,2020-10-16,2020,10,-1.3343126,-1.2057699,-1.3541644
Yemen,YEM,-0.79792774,2020-10-16,2020,10,-0.43310893,-0.4289437,0.123590805
Zambia,ZMB,0.20176487,2020-10-16,2020,10,-0.10009886,-0.05256401,0.13639025
Zimbabwe,ZWE,0.22074705,2020-10-16,2020,10,0.2968153,0.062149458,-0.1876725
eSwatini,SWZ,-0.5018117,2020-10-16,2020,10,-0.7042838,-0.21848854,-0.7895149
Afghanistan,AFG,0.37868124,2020-11-16,2020,11,0.0755506,0.08376818,-0.5181165
Aland,ALA,0.2038563,2020-11-16,2020,11,-0.749199,-0.39393964,-0.56764674
Albania,ALB,-1.4847897,2020-11-16,2020,11,0.3476504,0.2937516,0.8737342
Algeria,DZA,-1.2475265,2020-11-16,2020,11,-1.34048,-1.2460188,-0.7460833
Angola,AGO,0.17671916,2020-11-16,2020,11,0.1014929,-0.033617795,-0.3631721
Antarctica,ATA,,2020-11-16,2020,11,,,
Argentina,ARG,-1.403289,2020-11-16,2020,11,-1.5862985,-0.97587955,-0.42047536
Armenia,ARM,-1.9175911,2020-11-16,2020,11,-1.0764407,1.0271697,0.7573119
Australia,AUS,-0.5190489,2020-11-16,2020,11,-0.2805882,-0.57194155,-0.6934647
Austria,AUT,0.5680896,2020-11-16,2020,11,1.6217831,0.74107516,1.1758891
Azerbaijan,AZE,-1.4412708,2020-11-16,2020,11,-1.2386864,-0.012537953,-0.16519466
Bangladesh,BGD,0.7014351,2020-11-16,2020,11,0.5483881,0.3324465,-0.076403566
Belarus,BLR,-0.67292464,2020-11-16,2020,11,-0.76014555,-1.090452,-0.42374387
Belgium,BEL,-0.4378692,2020-11-16,2020,11,-0.44392788,-1.3408041,-1.0797344
Belize,BLZ,-0.10664781,2020-11-16,2020,11,-0.80878156,-1.6527119,-0.41021168
Benin,BEN,0.8967554,2020-11-16,2020,11,0.7717033,0.80639005,0.4789367
Bhutan,BTN,0.23991853,2020-11-16,2020,11,-0.9015399,0.06538926,-0.043210745
Bolivia,BOL,-1.6611925,2020-11-16,2020,11,-0.9061147,-0.6210809,-0.11027221
Bosnia and Herzegovina,BIH,-0.48866978,2020-11-16,2020,11,0.6013629,-0.065541916,0.034197923
Botswana,BWA,0.021356633,2020-11-16,2020,11,-0.16458644,-0.20831954,-0.44088924
Brazil,BRA,-0.67111605,2020-11-16,2020,11,-1.0771383,-1.1662912,-0.69763106
Brunei,BRN,1.6389339,2020-11-16,2020,11,1.5331013,1.9251459,1.851404
Bulgaria,BGR,-1.2654662,2020-11-16,2020,11,-0.86697686,-1.0660119,-0.16848683
Burkina Faso,BFA,0.9119069,2020-11-16,2020,11,1.3143612,1.4796555,1.1001621
Burundi,BDI,1.1374557,2020-11-16,2020,11,0.4866076,-1.3108675,-1.1209654
Cabo Verde,CPV,-0.11935775,2020-11-16,2020,11,-0.17900196,-0.11453471,-0.25685275
Cambodia,KHM,1.058688,2020-11-16,2020,11,0.9424174,-1.0660585,-0.80084425
Cameroon,CMR,-0.069389865,2020-11-16,2020,11,-0.111803524,0.48472032,0.306616
Canada,CAN,0.19808805,2020-11-16,2020,11,0.20295666,0.016156705,0.037845846
Cayman Islands,CYM,,2020-11-16,2020,11,,,
Central African Republic,CAF,0.34253132,2020-11-16,2020,11,0.10207619,0.39509496,-0.08620723
Chad,TCD,0.18815318,2020-11-16,2020,11,0.53103805,0.4801154,0.019741956
Chile,CHL,-1.1873857,2020-11-16,2020,11,-1.1475848,-0.641904,0.011547832
China,CHN,-0.086759955,2020-11-16,2020,11,0.033080045,0.17785747,0.11635214
Colombia,COL,-0.35965842,2020-11-16,2020,11,-0.3304163,0.8869453,0.7504546
Comoros,COM,1.4946436,2020-11-16,2020,11,0.44558936,0.35109308,-0.6917432
Costa Rica,CRI,1.6457155,2020-11-16,2020,11,2.0212526,-1.4108391,-0.7386493
Croatia,HRV,-0.12247588,2020-11-16,2020,11,0.9616717,0.41520372,0.6037219
Cuba,CUB,1.7306908,2020-11-16,2020,11,1.2448838,1.1666023,0.34103087
Cyprus,CYP,-0.97336644,2020-11-16,2020,11,-2.6347082,-1.6227062,-0.14410862
Czechia,CZE,0.33815092,2020-11-16,2020,11,0.8844883,-0.34468162,-0.015780201
Democratic Republic of the Congo,COD,0.2793436,2020-11-16,2020,11,0.080041744,0.067327864,-0.013916486
Denmark,DNK,-1.0460242,2020-11-16,2020,11,-0.9008784,-0.7464216,-0.4558583
Djibouti,DJI,0.10720827,2020-11-16,2020,11,0.39116463,0.4065156,0.46460775
Dominican Republic,DOM,-0.49381375,2020-11-16,2020,11,-0.7952273,-0.7457753,-1.2660728
East Timor,TLS,-0.3307473,2020-11-16,2020,11,-0.619901,0.07412228,-0.061782926
Ecuador,ECU,0.14813486,2020-11-16,2020,11,0.18956372,0.89555645,0.2517471
Egypt,EGY,-1.6556921,2020-11-16,2020,11,-1.9296349,-1.5737994,-0.35213718
El Salvador,SLV,0.07275689,2020-11-16,2020,11,-0.13532332,-0.4244449,-0.2541448
Equatorial Guinea,GNQ,-0.83832955,2020-11-16,2020,11,-0.8073423,-0.11003665,0.3338422
Eritrea,ERI,-0.28218707,2020-11-16,2020,11,0.7583176,0.76453894,0.88038397
Estonia,EST,-0.38826,2020-11-16,2020,11,-0.7067554,-0.4073281,-0.16395143
Ethiopia,ETH,0.27991545,2020-11-16,2020,11,0.6013138,0.55344456,0.36396596
Falkland Islands,FLK,-1.357981,2020-11-16,2020,11,-0.22310089,1.1951483,1.4634758
Faroe Islands,FRO,-0.059449874,2020-11-16,2020,11,-0.17809352,-0.14905538,-0.49170047
Fiji,FJI,0.1521941,2020-11-16,2020,11,-0.45326552,-0.9849445,-0.9016575
Finland,FIN,0.50037545,2020-11-16,2020,11,-0.23840268,0.22294731,-0.21415304
France,-99,-0.43259802,2020-11-16,2020,11,-0.38962686,-0.27865526,-0.009457396
French Polynesia,PYF,0.7562,2020-11-16,2020,11,-0.03725862,-1.0093273,-0.22335318
French Southern and Antarctic Lands,ATF,0.031296138,2020-11-16,2020,11,0.59398377,1.2190543,0.6773062
Gabon,GAB,-0.8793889,2020-11-16,2020,11,-0.94133496,-0.35401812,1.0292224
Gambia,GMB,1.5162405,2020-11-16,2020,11,1.1732547,-0.10697513,-1.3432686
Georgia,GEO,-2.0593953,2020-11-16,2020,11,-1.7046789,-0.44136792,-0.36077115
Germany,DEU,-0.87965095,2020-11-16,2020,11,-0.4618655,-1.086758,-0.87758857
Ghana,GHA,0.3252559,2020-11-16,2020,11,0.6103819,0.6789819,0.19342713
Greece,GRC,-1.6308603,2020-11-16,2020,11,-0.2551661,0.039812174,0.5384181
Greenland,GRL,0.5622003,2020-11-16,2020,11,0.4315319,0.3345333,0.6049813
Guatemala,GTM,0.86326283,2020-11-16,2020,11,-0.12441174,-0.34430748,0.21391173
Guinea,GIN,0.24250843,2020-11-16,2020,11,0.24953139,-0.00013113022,-0.7860959
Guinea-Bissau,GNB,1.1407557,2020-11-16,2020,11,1.3268596,-0.16430518,-1.2602473
Guyana,GUY,1.2425847,2020-11-16,2020,11,-0.014859133,0.23458306,0.0061353873
Haiti,HTI,1.5516065,2020-11-16,2020,11,-0.21182233,-0.20856626,-1.7649727
Honduras,HND,-0.08056258,2020-11-16,2020,11,-0.44948968,-1.0083556,-0.79761446
Hungary,HUN,0.35829702,2020-11-16,2020,11,0.76832366,-0.12247239,0.5230255
Iceland,ISL,0.26954204,2020-11-16,2020,11,0.84679997,0.99955416,0.7138851
India,IND,0.31385836,2020-11-16,2020,11,0.4546963,0.14045295,0.16009422
Indonesia,IDN,0.94045085,2020-11-16,2020,11,0.47664475,0.5279276,0.4868809
Iran,IRN,0.23342156,2020-11-16,2020,11,-0.64419276,-0.55050206,-0.9476208
Iraq,IRQ,-0.43758634,2020-11-16,2020,11,-1.6114526,-1.3083978,-1.2673284
Ireland,IRL,0.42077756,2020-11-16,2020,11,1.0291885,1.1876984,1.6926371
Israel,ISR,0.1862291,2020-11-16,2020,11,-1.850292,-1.3373773,0.041185297
Italy,ITA,-0.74682295,2020-11-16,2020,11,0.20895296,-0.19572277,0.3376795
Ivory Coast,CIV,-0.07762126,2020-11-16,2020,11,0.21072505,0.33649474,0.2378951
Jamaica,JAM,1.2834969,2020-11-16,2020,11,0.92937195,0.5457228,0.29535952
Japan,JPN,-0.20683639,2020-11-16,2020,11,-0.57904565,0.6944748,0.69035786
Jordan,JOR,-0.50804806,2020-11-16,2020,11,-1.7305824,-1.2387139,-0.027267188
Kazakhstan,KAZ,-0.7937181,2020-11-16,2020,11,-0.73485386,-0.48865926,-0.9456687
Kenya,KEN,0.242269,2020-11-16,2020,11,0.02513274,0.6290848,0.3725305
Kiribati,KIR,,2020-11-16,2020,11,,,
Kosovo,-99,-0.96253306,2020-11-16,2020,11,-0.43259802,-0.38962686,-0.27865526
Kuwait,KWT,1.7308441,2020-11-16,2020,11,-1.3554884,-1.3687699,-1.4910375
Kyrgyzstan,KGZ,-0.2861089,2020-11-16,2020,11,1.113641,1.4635917,0.7922153
Laos,LAO,-0.11438838,2020-11-16,2020,11,0.566006,-1.068011,-1.6674179
Latvia,LVA,-0.7854592,2020-11-16,2020,11,-0.86612296,-0.786418,-0.14379817
Lebanon,LBN,0.62611103,2020-11-16,2020,11,-2.2910655,-1.4953694,-0.41910836
Lesotho,LSO,-0.19623654,2020-11-16,2020,11,-0.84384465,-1.3654333,-1.6441512
Liberia,LBR,-0.32610342,2020-11-16,2020,11,-0.13186374,-0.005749443,0.031129012
Libya,LBY,-0.96375614,2020-11-16,2020,11,-1.1782027,-1.0148424,-0.46805063
Lithuania,LTU,-0.9837594,2020-11-16,2020,11,-0.8447687,-1.111953,-0.21876885
Luxembourg,LUX,-0.92124796,2020-11-16,2020,11,-0.8581577,-1.5293232,-1.2484998
Madagascar,MDG,0.16234154,2020-11-16,2020,11,-0.6269748,-1.1934221,-0.99779654
Malawi,MWI,-1.4193571,2020-11-16,2020,11,-0.1760834,0.21834186,1.2153739
Malaysia,MYS,0.57543135,2020-11-16,2020,11,-0.12557471,0.7868448,1.3418573
Mali,MLI,0.2683644,2020-11-16,2020,11,0.32644212,0.2931178,0.082506716
Mauritania,MRT,-0.42060012,2020-11-16,2020,11,-0.29154915,-0.51229566,-0.37160918
Mauritius,MUS,-1.5583768,2020-11-16,2020,11,-2.5434813,-2.5377514,-2.2969277
Mexico,MEX,-1.1986148,2020-11-16,2020,11,-1.0842497,-0.71686566,-0.7883755
Moldova,MDA,-0.5298997,2020-11-16,2020,11,-1.4310604,-1.7012554,-1.1969086
Mongolia,MNG,-0.4466514,2020-11-16,2020,11,0.3364855,0.28534475,0.37826172
Montenegro,MNE,-0.50742054,2020-11-16,2020,11,0.91803217,0.19074744,0.35692486
Morocco,MAR,-0.78052074,2020-11-16,2020,11,-0.95736647,-1.2459543,-0.89285856
Mozambique,MOZ,-1.0645064,2020-11-16,2020,11,-0.2573047,-0.2116129,0.01775498
Myanmar,MMR,0.22598308,2020-11-16,2020,11,0.6356393,0.2752515,-0.1821284
Namibia,NAM,-0.029920332,2020-11-16,2020,11,-0.023553476,0.2198413,0.27784878
Nepal,NPL,-0.7603432,2020-11-16,2020,11,-0.90171206,-0.68785757,-0.37230763
Netherlands,NLD,-0.56362003,2020-11-16,2020,11,-0.42590705,-0.885283,-0.70111
New Caledonia,NCL,0.30214527,2020-11-16,2020,11,-0.4542588,-1.0846719,-1.7200751
New Zealand,NZL,0.74903446,2020-11-16,2020,11,0.36721244,0.14798625,-0.094694085
Nicaragua,NIC,0.44376928,2020-11-16,2020,11,0.5264694,-0.35172722,0.19608186
Niger,NER,0.4091656,2020-11-16,2020,11,0.68854403,0.9116183,0.39967248
Nigeria,NGA,0.5802093,2020-11-16,2020,11,0.74391,0.92779297,0.54150367
North Korea,PRK,1.2017823,2020-11-16,2020,11,1.8046745,1.2340373,0.5717573
North Macedonia,MKD,-1.1994653,2020-11-16,2020,11,0.3496569,0.13152567,0.5663903
Northern Cyprus,-99,-1.4038973,2020-11-16,2020,11,-0.96253306,-0.43259802,-0.38962686
Norway,-99,0.24596359,2020-11-16,2020,11,-1.4038973,-0.96253306,-0.43259802
Oman,OMN,-0.3684508,2020-11-16,2020,11,-0.9773758,-1.0496256,-0.53210276
Pakistan,PAK,0.7199364,2020-11-16,2020,11,0.886344,0.3943001,0.18445146
Palestine,PSE,0.91475755,2020-11-16,2020,11,-1.8642159,-1.3362309,0.110785365
Panama,PAN,1.207235,2020-11-16,2020,11,1.1887884,-0.8507928,-0.4783421
Papua New Guinea,PNG,0.17632388,2020-11-16,2020,11,0.018929826,-0.09513569,-0.012933801
Paraguay,PRY,-1.6544352,2020-11-16,2020,11,-1.5923117,-1.3785911,-0.58807266
Peru,PER,-0.1637793,2020-11-16,2020,11,-0.08846356,0.22547485,0.11156594
Philippines,PHL,-0.16934428,2020-11-16,2020,11,-0.41714776,-0.91390145,-0.19626442
Poland,POL,0.17256676,2020-11-16,2020,11,0.22925207,-0.7476932,-0.3161533
Portugal,PRT,-0.09622333,2020-11-16,2020,11,-0.16642927,-1.0334046,-0.90256685
Puerto Rico,PRI,-0.12599896,2020-11-16,2020,11,-0.18879797,0.38789487,0.3852065
Qatar,QAT,-0.28445706,2020-11-16,2020,11,-1.1940006,-1.5777192,-1.6567807
Republic of Serbia,SRB,-0.541312,2020-11-16,2020,11,0.19835192,-0.30278486,0.36943454
Republic of the Congo,COG,0.41464674,2020-11-16,2020,11,0.1345864,0.95119804,1.2370117
Romania,ROU,-0.25131384,2020-11-16,2020,11,-0.55667305,-0.89936703,-0.104202636
Russia,RUS,-0.021106005,2020-11-16,2020,11,-0.6302383,-0.35419464,-0.44374028
Rwanda,RWA,0.94471323,2020-11-16,2020,11,-0.06910071,-1.4553946,-1.2275549
Saint Vincent and the Grenadines,VCT,1.4525788,2020-11-16,2020,11,1.7380719,0.039024036,-0.25851655
Samoa,WSM,1.877149,2020-11-16,2020,11,1.7928015,1.703483,2.184692
Saudi Arabia,SAU,-1.1947646,2020-11-16,2020,11,-1.9532871,-1.8922639,-1.5300997
Senegal,SEN,1.289103,2020-11-16,2020,11,0.979393,0.106629334,-1.127831
Siachen Glacier,-99,1.7246739,2020-11-16,2020,11,0.24596359,-1.4038973,-0.96253306
Sierra Leone,SLE,-0.26717898,2020-11-16,2020,11,-0.22046272,-1.0746857,-1.2074885
Slovakia,SVK,1.0545619,2020-11-16,2020,11,1.3713691,0.3216564,0.66409373
Slovenia,SVN,0.38042018,2020-11-16,2020,11,1.7539451,1.3708265,1.5746475
Solomon Islands,SLB,0.05331262,2020-11-16,2020,11,0.032825086,0.035046212,0.03823063
Somalia,SOM,-0.0011125966,2020-11-16,2020,11,-0.1946595,-0.5481214,-0.886993
Somaliland,-99,-0.8166236,2020-11-16,2020,11,1.7246739,0.24596359,-1.4038973
South Africa,ZAF,-0.35824215,2020-11-16,2020,11,-0.6768647,-0.6924598,-0.9512532
South Georgia and the Islands,SGS,0.05441329,2020-11-16,2020,11,0.5022204,0.67863536,-0.12986706
South Korea,KOR,0.24220219,2020-11-16,2020,11,0.9741809,1.6668825,1.628059
South Sudan,SSD,-0.030160554,2020-11-16,2020,11,-0.027801996,0.099010944,0.04836304
Spain,ESP,-0.363384,2020-11-16,2020,11,-0.512653,-1.0327731,-0.8641414
Sri Lanka,LKA,-1.2147454,2020-11-16,2020,11,-0.5861288,1.5898842,1.4921329
Sudan,SDN,-0.39109126,2020-11-16,2020,11,0.21818218,0.29989612,0.5483231
Suriname,SUR,1.05692,2020-11-16,2020,11,0.5017791,-0.091749884,-0.1511962
Sweden,SWE,0.49435985,2020-11-16,2020,11,-0.16149779,-0.032641172,-0.5334287
Switzerland,CHE,-0.8661037,2020-11-16,2020,11,0.13935253,-1.1625333,-0.47606978
Syria,SYR,-1.1067845,2020-11-16,2020,11,-2.0434322,-1.6342996,-0.90415996
Taiwan,TWN,-0.7245216,2020-11-16,2020,11,-0.28781617,-0.46682084,-0.23615763
Tajikistan,TJK,0.30838856,2020-11-16,2020,11,0.4958044,0.9526053,0.029014703
Thailand,THA,0.3250261,2020-11-16,2020,11,0.6812861,-0.32746857,-0.21163875
The Bahamas,BHS,2.306472,2020-11-16,2020,11,1.4195517,1.6532193,0.11545149
Togo,TGO,0.47117308,2020-11-16,2020,11,0.13283032,0.19098109,-0.26434287
Trinidad and Tobago,TTO,1.3877785,2020-11-16,2020,11,2.5038927,0.7848728,-0.37471798
Tunisia,TUN,0.03071566,2020-11-16,2020,11,-0.3867822,0.06743728,-1.3074045
Turkey,TUR,-1.8063469,2020-11-16,2020,11,-1.8180003,-1.2735507,-0.03552761
Turkmenistan,TKM,-0.65813917,2020-11-16,2020,11,-0.4377483,-0.10743331,-0.87027884
Uganda,UGA,0.8808521,2020-11-16,2020,11,0.87544215,0.8602714,0.93684757
Ukraine,UKR,-0.9087645,2020-11-16,2020,11,-1.3669837,-1.6379658,-1.2145649
United Arab Emirates,ARE,0.0032538227,2020-11-16,2020,11,-1.0281924,-1.4197391,-1.3457884
United Kingdom,GBR,0.4138637,2020-11-16,2020,11,1.0360229,0.31036836,0.85169715
United Republic of Tanzania,TZA,0.5935667,2020-11-16,2020,11,-0.06321507,-0.5397066,-0.25684094
United States Virgin Islands,VIR,-0.3833693,2020-11-16,2020,11,-0.5485532,0.067005925,0.17527889
United States of America,USA,-0.14348312,2020-11-16,2020,11,-0.47125348,-0.5084041,-0.33462837
Uruguay,URY,-1.4720167,2020-11-16,2020,11,-1.3705845,-1.3503801,-0.16370651
Uzbekistan,UZB,-0.9925597,2020-11-16,2020,11,-0.6295971,-0.14518079,-0.8846813
Vanuatu,VUT,0.050112333,2020-11-16,2020,11,0.03939275,-0.019748567,-0.04560681
Venezuela,VEN,0.20381531,2020-11-16,2020,11,0.42213494,0.595474,-0.022626556
Vietnam,VNM,0.3959324,2020-11-16,2020,11,0.52208203,-1.1548203,-1.4105831
Western Sahara,ESH,-0.6652984,2020-11-16,2020,11,-1.0140048,-1.3343126,-1.2057699
Yemen,YEM,-0.6953666,2020-11-16,2020,11,-0.79792774,-0.43310893,-0.4289437
Zambia,ZMB,0.0007774076,2020-11-16,2020,11,0.20176487,-0.10009886,-0.05256401
Zimbabwe,ZWE,-0.11797898,2020-11-16,2020,11,0.22074705,0.2968153,0.062149458
eSwatini,SWZ,-0.70022124,2020-11-16,2020,11,-0.5018117,-0.7042838,-0.21848854
Afghanistan,AFG,0.30574286,2020-12-16,2020,12,0.37868124,0.0755506,0.08376818
Aland,ALA,0.55826616,2020-12-16,2020,12,0.2038563,-0.749199,-0.39393964
Albania,ALB,-0.41585013,2020-12-16,2020,12,-1.4847897,0.3476504,0.2937516
Algeria,DZA,-1.0102688,2020-12-16,2020,12,-1.2475265,-1.34048,-1.2460188
Angola,AGO,0.0895369,2020-12-16,2020,12,0.17671916,0.1014929,-0.033617795
Antarctica,ATA,,2020-12-16,2020,12,,,
Argentina,ARG,-1.1813014,2020-12-16,2020,12,-1.403289,-1.5862985,-0.97587955
Armenia,ARM,-1.3132062,2020-12-16,2020,12,-1.9175911,-1.0764407,1.0271697
Australia,AUS,-0.09233235,2020-12-16,2020,12,-0.5190489,-0.2805882,-0.57194155
Austria,AUT,0.35017565,2020-12-16,2020,12,0.5680896,1.6217831,0.74107516
Azerbaijan,AZE,-0.2902698,2020-12-16,2020,12,-1.4412708,-1.2386864,-0.012537953
Bangladesh,BGD,0.62275434,2020-12-16,2020,12,0.7014351,0.5483881,0.3324465
Belarus,BLR,-0.20630927,2020-12-16,2020,12,-0.67292464,-0.76014555,-1.090452
Belgium,BEL,0.14919843,2020-12-16,2020,12,-0.4378692,-0.44392788,-1.3408041
Belize,BLZ,-0.094956495,2020-12-16,2020,12,-0.10664781,-0.80878156,-1.6527119
Benin,BEN,-0.050233908,2020-12-16,2020,12,0.8967554,0.7717033,0.80639005
Bhutan,BTN,-0.1734062,2020-12-16,2020,12,0.23991853,-0.9015399,0.06538926
Bolivia,BOL,-1.5116464,2020-12-16,2020,12,-1.6611925,-0.9061147,-0.6210809
Bosnia and Herzegovina,BIH,0.37836617,2020-12-16,2020,12,-0.48866978,0.6013629,-0.065541916
Botswana,BWA,-0.060379006,2020-12-16,2020,12,0.021356633,-0.16458644,-0.20831954
Brazil,BRA,-0.4452036,2020-12-16,2020,12,-0.67111605,-1.0771383,-1.1662912
Brunei,BRN,1.3299733,2020-12-16,2020,12,1.6389339,1.5331013,1.9251459
Bulgaria,BGR,-0.38508672,2020-12-16,2020,12,-1.2654662,-0.86697686,-1.0660119
Burkina Faso,BFA,-0.7056364,2020-12-16,2020,12,0.9119069,1.3143612,1.4796555
Burundi,BDI,1.1698006,2020-12-16,2020,12,1.1374557,0.4866076,-1.3108675
Cabo Verde,CPV,-0.23206577,2020-12-16,2020,12,-0.11935775,-0.17900196,-0.11453471
Cambodia,KHM,1.3606563,2020-12-16,2020,12,1.058688,0.9424174,-1.0660585
Cameroon,CMR,-0.3088693,2020-12-16,2020,12,-0.069389865,-0.111803524,0.48472032
Canada,CAN,0.21710323,2020-12-16,2020,12,0.19808805,0.20295666,0.016156705
Cayman Islands,CYM,,2020-12-16,2020,12,,,
Central African Republic,CAF,0.22223306,2020-12-16,2020,12,0.34253132,0.10207619,0.39509496
Chad,TCD,-0.42246222,2020-12-16,2020,12,0.18815318,0.53103805,0.4801154
Chile,CHL,-0.9768417,2020-12-16,2020,12,-1.1873857,-1.1475848,-0.641904
China,CHN,-0.40108612,2020-12-16,2020,12,-0.086759955,0.033080045,0.17785747
Colombia,COL,-0.41517764,2020-12-16,2020,12,-0.35965842,-0.3304163,0.8869453
Comoros,COM,0.9536071,2020-12-16,2020,12,1.4946436,0.44558936,0.35109308
Costa Rica,CRI,1.9838768,2020-12-16,2020,12,1.6457155,2.0212526,-1.4108391
Croatia,HRV,0.46800238,2020-12-16,2020,12,-0.12247588,0.9616717,0.41520372
Cuba,CUB,1.5245111,2020-12-16,2020,12,1.7306908,1.2448838,1.1666023
Cyprus,CYP,-0.7282311,2020-12-16,2020,12,-0.97336644,-2.6347082,-1.6227062
Czechia,CZE,0.0039853514,2020-12-16,2020,12,0.33815092,0.8844883,-0.34468162
Democratic Republic of the Congo,COD,0.25091207,2020-12-16,2020,12,0.2793436,0.080041744,0.067327864
Denmark,DNK,-0.65085083,2020-12-16,2020,12,-1.0460242,-0.9008784,-0.7464216
Djibouti,DJI,0.6265723,2020-12-16,2020,12,0.10720827,0.39116463,0.4065156
Dominican Republic,DOM,0.44437474,2020-12-16,2020,12,-0.49381375,-0.7952273,-0.7457753
East Timor,TLS,-0.32696313,2020-12-16,2020,12,-0.3307473,-0.619901,0.07412228
Ecuador,ECU,-0.40008634,2020-12-16,2020,12,0.14813486,0.18956372,0.89555645
Egypt,EGY,-1.5187855,2020-12-16,2020,12,-1.6556921,-1.9296349,-1.5737994
El Salvador,SLV,0.2580805,2020-12-16,2020,12,0.07275689,-0.13532332,-0.4244449
Equatorial Guinea,GNQ,-0.5997748,2020-12-16,2020,12,-0.83832955,-0.8073423,-0.11003665
Eritrea,ERI,-0.5635419,2020-12-16,2020,12,-0.28218707,0.7583176,0.76453894
Estonia,EST,0.20949239,2020-12-16,2020,12,-0.38826,-0.7067554,-0.4073281
Ethiopia,ETH,0.08073009,2020-12-16,2020,12,0.27991545,0.6013138,0.55344456
Falkland Islands,FLK,-1.3786075,2020-12-16,2020,12,-1.357981,-0.22310089,1.1951483
Faroe Islands,FRO,-0.25039572,2020-12-16,2020,12,-0.059449874,-0.17809352,-0.14905538
Fiji,FJI,0.22423491,2020-12-16,2020,12,0.1521941,-0.45326552,-0.9849445
Finland,FIN,0.9236238,2020-12-16,2020,12,0.50037545,-0.23840268,0.22294731
France,-99,0.53271264,2020-12-16,2020,12,-0.8166236,1.7246739,0.24596359
French Polynesia,PYF,0.39481425,2020-12-16,2020,12,0.7562,-0.03725862,-1.0093273
French Southern and Antarctic Lands,ATF,-1.044452,2020-12-16,2020,12,0.031296138,0.59398377,1.2190543
Gabon,GAB,-0.49116048,2020-12-16,2020,12,-0.8793889,-0.94133496,-0.35401812
Gambia,GMB,-0.31673244,2020-12-16,2020,12,1.5162405,1.1732547,-0.10697513
Georgia,GEO,-1.4221998,2020-12-16,2020,12,-2.0593953,-1.7046789,-0.44136792
Germany,DEU,-0.8657301,2020-12-16,2020,12,-0.87965095,-0.4618655,-1.086758
Ghana,GHA,-0.6235567,2020-12-16,2020,12,0.3252559,0.6103819,0.6789819
Greece,GRC,-0.8274793,2020-12-16,2020,12,-1.6308603,-0.2551661,0.039812174
Greenland,GRL,0.7612268,2020-12-16,2020,12,0.5622003,0.4315319,0.3345333
Guatemala,GTM,0.6224185,2020-12-16,2020,12,0.86326283,-0.12441174,-0.34430748
Guinea,GIN,-0.87416196,2020-12-16,2020,12,0.24250843,0.24953139,-0.00013113022
Guinea-Bissau,GNB,-0.33356026,2020-12-16,2020,12,1.1407557,1.3268596,-0.16430518
Guyana,GUY,1.3661987,2020-12-16,2020,12,1.2425847,-0.014859133,0.23458306
Haiti,HTI,1.6400319,2020-12-16,2020,12,1.5516065,-0.21182233,-0.20856626
Honduras,HND,0.15813604,2020-12-16,2020,12,-0.08056258,-0.44948968,-1.0083556
Hungary,HUN,0.6433181,2020-12-16,2020,12,0.35829702,0.76832366,-0.12247239
Iceland,ISL,-0.26272124,2020-12-16,2020,12,0.26954204,0.84679997,0.99955416
India,IND,0.2955584,2020-12-16,2020,12,0.31385836,0.4546963,0.14045295
Indonesia,IDN,0.537161,2020-12-16,2020,12,0.94045085,0.47664475,0.5279276
Iran,IRN,0.30141342,2020-12-16,2020,12,0.23342156,-0.64419276,-0.55050206
Iraq,IRQ,-0.008099568,2020-12-16,2020,12,-0.43758634,-1.6114526,-1.3083978
Ireland,IRL,1.0321925,2020-12-16,2020,12,0.42077756,1.0291885,1.1876984
Israel,ISR,0.23141919,2020-12-16,2020,12,0.1862291,-1.850292,-1.3373773
Italy,ITA,-0.40784922,2020-12-16,2020,12,-0.74682295,0.20895296,-0.19572277
Ivory Coast,CIV,-0.6287088,2020-12-16,2020,12,-0.07762126,0.21072505,0.33649474
Jamaica,JAM,0.9899751,2020-12-16,2020,12,1.2834969,0.92937195,0.5457228
Japan,JPN,-0.92955035,2020-12-16,2020,12,-0.20683639,-0.57904565,0.6944748
Jordan,JOR,-0.07605476,2020-12-16,2020,12,-0.50804806,-1.7305824,-1.2387139
Kazakhstan,KAZ,-0.9936726,2020-12-16,2020,12,-0.7937181,-0.73485386,-0.48865926
Kenya,KEN,0.019936549,2020-12-16,2020,12,0.242269,0.02513274,0.6290848
Kiribati,KIR,,2020-12-16,2020,12,,,
Kosovo,-99,-0.09221157,2020-12-16,2020,12,0.53271264,-0.8166236,1.7246739
Kuwait,KWT,2.2404826,2020-12-16,2020,12,1.7308441,-1.3554884,-1.3687699
Kyrgyzstan,KGZ,-0.8859794,2020-12-16,2020,12,-0.2861089,1.113641,1.4635917
Laos,LAO,-0.19676353,2020-12-16,2020,12,-0.11438838,0.566006,-1.068011
Latvia,LVA,-0.29881978,2020-12-16,2020,12,-0.7854592,-0.86612296,-0.786418
Lebanon,LBN,0.14719437,2020-12-16,2020,12,0.62611103,-2.2910655,-1.4953694
Lesotho,LSO,0.69250435,2020-12-16,2020,12,-0.19623654,-0.84384465,-1.3654333
Liberia,LBR,-0.3584837,2020-12-16,2020,12,-0.32610342,-0.13186374,-0.005749443
Libya,LBY,-0.8502994,2020-12-16,2020,12,-0.96375614,-1.1782027,-1.0148424
Lithuania,LTU,-0.5228716,2020-12-16,2020,12,-0.9837594,-0.8447687,-1.111953
Luxembourg,LUX,-0.34558052,2020-12-16,2020,12,-0.92124796,-0.8581577,-1.5293232
Madagascar,MDG,-0.5242321,2020-12-16,2020,12,0.16234154,-0.6269748,-1.1934221
Malawi,MWI,-0.4638738,2020-12-16,2020,12,-1.4193571,-0.1760834,0.21834186
Malaysia,MYS,0.13859096,2020-12-16,2020,12,0.57543135,-0.12557471,0.7868448
Mali,MLI,-0.99842465,2020-12-16,2020,12,0.2683644,0.32644212,0.2931178
Mauritania,MRT,-1.0280443,2020-12-16,2020,12,-0.42060012,-0.29154915,-0.51229566
Mauritius,MUS,-1.5783722,2020-12-16,2020,12,-1.5583768,-2.5434813,-2.5377514
Mexico,MEX,-1.5532815,2020-12-16,2020,12,-1.1986148,-1.0842497,-0.71686566
Moldova,MDA,0.56293,2020-12-16,2020,12,-0.5298997,-1.4310604,-1.7012554
Mongolia,MNG,0.09847367,2020-12-16,2020,12,-0.4466514,0.3364855,0.28534475
Montenegro,MNE,0.286458,2020-12-16,2020,12,-0.50742054,0.91803217,0.19074744
Morocco,MAR,-0.5980442,2020-12-16,2020,12,-0.78052074,-0.95736647,-1.2459543
Mozambique,MOZ,-0.45547715,2020-12-16,2020,12,-1.0645064,-0.2573047,-0.2116129
Myanmar,MMR,-0.12621583,2020-12-16,2020,12,0.22598308,0.6356393,0.2752515
Namibia,NAM,-0.08969943,2020-12-16,2020,12,-0.029920332,-0.023553476,0.2198413
Nepal,NPL,-0.19095168,2020-12-16,2020,12,-0.7603432,-0.90171206,-0.68785757
Netherlands,NLD,-0.14024778,2020-12-16,2020,12,-0.56362003,-0.42590705,-0.885283
New Caledonia,NCL,0.5764368,2020-12-16,2020,12,0.30214527,-0.4542588,-1.0846719
New Zealand,NZL,0.6805016,2020-12-16,2020,12,0.74903446,0.36721244,0.14798625
Nicaragua,NIC,0.8214021,2020-12-16,2020,12,0.44376928,0.5264694,-0.35172722
Niger,NER,-0.17216797,2020-12-16,2020,12,0.4091656,0.68854403,0.9116183
Nigeria,NGA,0.14768952,2020-12-16,2020,12,0.5802093,0.74391,0.92779297
North Korea,PRK,-0.99207133,2020-12-16,2020,12,1.2017823,1.8046745,1.2340373
North Macedonia,MKD,-0.5314974,2020-12-16,2020,12,-1.1994653,0.3496569,0.13152567
Northern Cyprus,-99,-1.1463021,2020-12-16,2020,12,-0.09221157,0.53271264,-0.8166236
Norway,-99,0.13342926,2020-12-16,2020,12,-1.1463021,-0.09221157,0.53271264
Oman,OMN,-0.5723935,2020-12-16,2020,12,-0.3684508,-0.9773758,-1.0496256
Pakistan,PAK,0.57121557,2020-12-16,2020,12,0.7199364,0.886344,0.3943001
Palestine,PSE,0.4385567,2020-12-16,2020,12,0.91475755,-1.8642159,-1.3362309
Panama,PAN,1.292513,2020-12-16,2020,12,1.207235,1.1887884,-0.8507928
Papua New Guinea,PNG,0.12636776,2020-12-16,2020,12,0.17632388,0.018929826,-0.09513569
Paraguay,PRY,-0.9470308,2020-12-16,2020,12,-1.6544352,-1.5923117,-1.3785911
Peru,PER,-0.22018564,2020-12-16,2020,12,-0.1637793,-0.08846356,0.22547485
Philippines,PHL,0.6111771,2020-12-16,2020,12,-0.16934428,-0.41714776,-0.91390145
Poland,POL,0.005848581,2020-12-16,2020,12,0.17256676,0.22925207,-0.7476932
Portugal,PRT,-0.2184922,2020-12-16,2020,12,-0.09622333,-0.16642927,-1.0334046
Puerto Rico,PRI,0.20116353,2020-12-16,2020,12,-0.12599896,-0.18879797,0.38789487
Qatar,QAT,0.33597144,2020-12-16,2020,12,-0.28445706,-1.1940006,-1.5777192
Republic of Serbia,SRB,0.16491653,2020-12-16,2020,12,-0.541312,0.19835192,-0.30278486
Republic of the Congo,COG,0.33175695,2020-12-16,2020,12,0.41464674,0.1345864,0.95119804
Romania,ROU,0.38400152,2020-12-16,2020,12,-0.25131384,-0.55667305,-0.89936703
Russia,RUS,0.2495112,2020-12-16,2020,12,-0.021106005,-0.6302383,-0.35419464
Rwanda,RWA,1.1676099,2020-12-16,2020,12,0.94471323,-0.06910071,-1.4553946
Saint Vincent and the Grenadines,VCT,1.3150353,2020-12-16,2020,12,1.4525788,1.7380719,0.039024036
Samoa,WSM,1.139561,2020-12-16,2020,12,1.877149,1.7928015,1.703483
Saudi Arabia,SAU,-0.29734975,2020-12-16,2020,12,-1.1947646,-1.9532871,-1.8922639
Senegal,SEN,-0.9355564,2020-12-16,2020,12,1.289103,0.979393,0.106629334
Siachen Glacier,-99,1.748145,2020-12-16,2020,12,0.13342926,-1.1463021,-0.09221157
Sierra Leone,SLE,-0.3726833,2020-12-16,2020,12,-0.26717898,-0.22046272,-1.0746857
Slovakia,SVK,0.9457882,2020-12-16,2020,12,1.0545619,1.3713691,0.3216564
Slovenia,SVN,0.34427395,2020-12-16,2020,12,0.38042018,1.7539451,1.3708265
Solomon Islands,SLB,0.046396106,2020-12-16,2020,12,0.05331262,0.032825086,0.035046212
Somalia,SOM,-0.28990522,2020-12-16,2020,12,-0.0011125966,-0.1946595,-0.5481214
Somaliland,-99,-1.0583298,2020-12-16,2020,12,1.748145,0.13342926,-1.1463021
South Africa,ZAF,-0.05385721,2020-12-16,2020,12,-0.35824215,-0.6768647,-0.6924598
South Georgia and the Islands,SGS,-2.020618,2020-12-16,2020,12,0.05441329,0.5022204,0.67863536
South Korea,KOR,-1.8820451,2020-12-16,2020,12,0.24220219,0.9741809,1.6668825
South Sudan,SSD,-0.27611658,2020-12-16,2020,12,-0.030160554,-0.027801996,0.099010944
Spain,ESP,-0.36397833,2020-12-16,2020,12,-0.363384,-0.512653,-1.0327731
Sri Lanka,LKA,-0.8093612,2020-12-16,2020,12,-1.2147454,-0.5861288,1.5898842
Sudan,SDN,-1.0108827,2020-12-16,2020,12,-0.39109126,0.21818218,0.29989612
Suriname,SUR,1.6724895,2020-12-16,2020,12,1.05692,0.5017791,-0.091749884
Sweden,SWE,0.4652161,2020-12-16,2020,12,0.49435985,-0.16149779,-0.032641172
Switzerland,CHE,-0.29146695,2020-12-16,2020,12,-0.8661037,0.13935253,-1.1625333
Syria,SYR,-0.9334151,2020-12-16,2020,12,-1.1067845,-2.0434322,-1.6342996
Taiwan,TWN,-0.9128561,2020-12-16,2020,12,-0.7245216,-0.28781617,-0.46682084
Tajikistan,TJK,0.10052671,2020-12-16,2020,12,0.30838856,0.4958044,0.9526053
Thailand,THA,0.57898074,2020-12-16,2020,12,0.3250261,0.6812861,-0.32746857
The Bahamas,BHS,1.8395213,2020-12-16,2020,12,2.306472,1.4195517,1.6532193
Togo,TGO,-0.57413393,2020-12-16,2020,12,0.47117308,0.13283032,0.19098109
Trinidad and Tobago,TTO,0.02964124,2020-12-16,2020,12,1.3877785,2.5038927,0.7848728
Tunisia,TUN,-0.7733214,2020-12-16,2020,12,0.03071566,-0.3867822,0.06743728
Turkey,TUR,-1.7103076,2020-12-16,2020,12,-1.8063469,-1.8180003,-1.2735507
Turkmenistan,TKM,-0.3358411,2020-12-16,2020,12,-0.65813917,-0.4377483,-0.10743331
Uganda,UGA,0.74260765,2020-12-16,2020,12,0.8808521,0.87544215,0.8602714
Ukraine,UKR,-0.5126228,2020-12-16,2020,12,-0.9087645,-1.3669837,-1.6379658
United Arab Emirates,ARE,0.5734034,2020-12-16,2020,12,0.0032538227,-1.0281924,-1.4197391
United Kingdom,GBR,1.2435926,2020-12-16,2020,12,0.4138637,1.0360229,0.31036836
United Republic of Tanzania,TZA,0.5492759,2020-12-16,2020,12,0.5935667,-0.06321507,-0.5397066
United States Virgin Islands,VIR,-0.08387613,2020-12-16,2020,12,-0.3833693,-0.5485532,0.067005925
United States of America,USA,-0.060246315,2020-12-16,2020,12,-0.14348312,-0.47125348,-0.5084041
Uruguay,URY,-1.5333937,2020-12-16,2020,12,-1.4720167,-1.3705845,-1.3503801
Uzbekistan,UZB,-1.1306205,2020-12-16,2020,12,-0.9925597,-0.6295971,-0.14518079
Vanuatu,VUT,-0.0013364386,2020-12-16,2020,12,0.050112333,0.03939275,-0.019748567
Venezuela,VEN,-0.4036751,2020-12-16,2020,12,0.20381531,0.42213494,0.595474
Vietnam,VNM,0.59684587,2020-12-16,2020,12,0.3959324,0.52208203,-1.1548203
Western Sahara,ESH,-0.25323644,2020-12-16,2020,12,-0.6652984,-1.0140048,-1.3343126
Yemen,YEM,-1.079503,2020-12-16,2020,12,-0.6953666,-0.79792774,-0.43310893
Zambia,ZMB,0.18259183,2020-12-16,2020,12,0.0007774076,0.20176487,-0.10009886
Zimbabwe,ZWE,-0.0020969678,2020-12-16,2020,12,-0.11797898,0.22074705,0.2968153
eSwatini,SWZ,-0.64868534,2020-12-16,2020,12,-0.70022124,-0.5018117,-0.7042838
Afghanistan,AFG,-0.6486632,2021-01-16,2021,1,0.30574286,0.37868124,0.0755506
Aland,ALA,0.6792824,2021-01-16,2021,1,0.55826616,0.2038563,-0.749199
Albania,ALB,0.7917027,2021-01-16,2021,1,-0.41585013,-1.4847897,0.3476504
Algeria,DZA,-0.94788086,2021-01-16,2021,1,-1.0102688,-1.2475265,-1.34048
Angola,AGO,0.103818476,2021-01-16,2021,1,0.0895369,0.17671916,0.1014929
Antarctica,ATA,,2021-01-16,2021,1,,,
Argentina,ARG,-0.4748491,2021-01-16,2021,1,-1.1813014,-1.403289,-1.5862985
Armenia,ARM,-0.10164698,2021-01-16,2021,1,-1.3132062,-1.9175911,-1.0764407
Australia,AUS,-0.041306883,2021-01-16,2021,1,-0.09233235,-0.5190489,-0.2805882
Austria,AUT,-0.49816552,2021-01-16,2021,1,0.35017565,0.5680896,1.6217831
Azerbaijan,AZE,0.85964835,2021-01-16,2021,1,-0.2902698,-1.4412708,-1.2386864
Bangladesh,BGD,-0.24906494,2021-01-16,2021,1,0.62275434,0.7014351,0.5483881
Belarus,BLR,0.5613734,2021-01-16,2021,1,-0.20630927,-0.67292464,-0.76014555
Belgium,BEL,0.35587087,2021-01-16,2021,1,0.14919843,-0.4378692,-0.44392788
Belize,BLZ,0.3064333,2021-01-16,2021,1,-0.094956495,-0.10664781,-0.80878156
Benin,BEN,-2.5046182,2021-01-16,2021,1,-0.050233908,0.8967554,0.7717033
Bhutan,BTN,-0.9478894,2021-01-16,2021,1,-0.1734062,0.23991853,-0.9015399
Bolivia,BOL,-0.9220174,2021-01-16,2021,1,-1.5116464,-1.6611925,-0.9061147
Bosnia and Herzegovina,BIH,0.19031301,2021-01-16,2021,1,0.37836617,-0.48866978,0.6013629
Botswana,BWA,0.24423599,2021-01-16,2021,1,-0.060379006,0.021356633,-0.16458644
Brazil,BRA,-0.38109425,2021-01-16,2021,1,-0.4452036,-0.67111605,-1.0771383
Brunei,BRN,1.2945039,2021-01-16,2021,1,1.3299733,1.6389339,1.5331013
Bulgaria,BGR,0.8861971,2021-01-16,2021,1,-0.38508672,-1.2654662,-0.86697686
Burkina Faso,BFA,-2.8514454,2021-01-16,2021,1,-0.7056364,0.9119069,1.3143612
Burundi,BDI,1.9483984,2021-01-16,2021,1,1.1698006,1.1374557,0.4866076
Cabo Verde,CPV,-1.2828153,2021-01-16,2021,1,-0.23206577,-0.11935775,-0.17900196
Cambodia,KHM,-0.40606073,2021-01-16,2021,1,1.3606563,1.058688,0.9424174
Cameroon,CMR,-0.3766574,2021-01-16,2021,1,-0.3088693,-0.069389865,-0.111803524
Canada,CAN,0.02296517,2021-01-16,2021,1,0.21710323,0.19808805,0.20295666
Cayman Islands,CYM,,2021-01-16,2021,1,,,
Central African Republic,CAF,-0.23220925,2021-01-16,2021,1,0.22223306,0.34253132,0.10207619
Chad,TCD,-0.7193414,2021-01-16,2021,1,-0.42246222,0.18815318,0.53103805
Chile,CHL,-0.6592365,2021-01-16,2021,1,-0.9768417,-1.1873857,-1.1475848
China,CHN,-0.32392675,2021-01-16,2021,1,-0.40108612,-0.086759955,0.033080045
Colombia,COL,0.43711928,2021-01-16,2021,1,-0.41517764,-0.35965842,-0.3304163
Comoros,COM,-0.83620954,2021-01-16,2021,1,0.9536071,1.4946436,0.44558936
Costa Rica,CRI,-0.44840634,2021-01-16,2021,1,1.9838768,1.6457155,2.0212526
Croatia,HRV,0.011686401,2021-01-16,2021,1,0.46800238,-0.12247588,0.9616717
Cuba,CUB,1.1423864,2021-01-16,2021,1,1.5245111,1.7306908,1.2448838
Cyprus,CYP,-0.08928098,2021-01-16,2021,1,-0.7282311,-0.97336644,-2.6347082
Czechia,CZE,-0.9554871,2021-01-16,2021,1,0.0039853514,0.33815092,0.8844883
Democratic Republic of the Congo,COD,0.38415575,2021-01-16,2021,1,0.25091207,0.2793436,0.080041744
Denmark,DNK,-0.7271197,2021-01-16,2021,1,-0.65085083,-1.0460242,-0.9008784
Djibouti,DJI,0.027576039,2021-01-16,2021,1,0.6265723,0.10720827,0.39116463
Dominican Republic,DOM,0.36040518,2021-01-16,2021,1,0.44437474,-0.49381375,-0.7952273
East Timor,TLS,-1.5327511,2021-01-16,2021,1,-0.32696313,-0.3307473,-0.619901
Ecuador,ECU,-0.18879646,2021-01-16,2021,1,-0.40008634,0.14813486,0.18956372
Egypt,EGY,-1.5239332,2021-01-16,2021,1,-1.5187855,-1.6556921,-1.9296349
El Salvador,SLV,0.33465257,2021-01-16,2021,1,0.2580805,0.07275689,-0.13532332
Equatorial Guinea,GNQ,-0.21967427,2021-01-16,2021,1,-0.5997748,-0.83832955,-0.8073423
Eritrea,ERI,-0.48624784,2021-01-16,2021,1,-0.5635419,-0.28218707,0.7583176
Estonia,EST,0.550007,2021-01-16,2021,1,0.20949239,-0.38826,-0.7067554
Ethiopia,ETH,-0.18336649,2021-01-16,2021,1,0.08073009,0.27991545,0.6013138
Falkland Islands,FLK,-1.2039092,2021-01-16,2021,1,-1.3786075,-1.357981,-0.22310089
Faroe Islands,FRO,-0.37580627,2021-01-16,2021,1,-0.25039572,-0.059449874,-0.17809352
Fiji,FJI,0.7411908,2021-01-16,2021,1,0.22423491,0.1521941,-0.45326552
Finland,FIN,0.9039677,2021-01-16,2021,1,0.9236238,0.50037545,-0.23840268
France,-99,0.4662121,2021-01-16,2021,1,-1.0583298,1.748145,0.13342926
French Polynesia,PYF,-1.0784622,2021-01-16,2021,1,0.39481425,0.7562,-0.03725862
French Southern and Antarctic Lands,ATF,-1.2144226,2021-01-16,2021,1,-1.044452,0.031296138,0.59398377
Gabon,GAB,0.44823328,2021-01-16,2021,1,-0.49116048,-0.8793889,-0.94133496
Gambia,GMB,-3.0980306,2021-01-16,2021,1,-0.31673244,1.5162405,1.1732547
Georgia,GEO,-0.3847737,2021-01-16,2021,1,-1.4221998,-2.0593953,-1.7046789
Germany,DEU,-0.92142147,2021-01-16,2021,1,-0.8657301,-0.87965095,-0.4618655
Ghana,GHA,-1.9629033,2021-01-16,2021,1,-0.6235567,0.3252559,0.6103819
Greece,GRC,0.18339714,2021-01-16,2021,1,-0.8274793,-1.6308603,-0.2551661
Greenland,GRL,0.58823013,2021-01-16,2021,1,0.7612268,0.5622003,0.4315319
Guatemala,GTM,1.0225255,2021-01-16,2021,1,0.6224185,0.86326283,-0.12441174
Guinea,GIN,-2.0449095,2021-01-16,2021,1,-0.87416196,0.24250843,0.24953139
Guinea-Bissau,GNB,-2.8098295,2021-01-16,2021,1,-0.33356026,1.1407557,1.3268596
Guyana,GUY,1.2710787,2021-01-16,2021,1,1.3661987,1.2425847,-0.014859133
Haiti,HTI,2.3470786,2021-01-16,2021,1,1.6400319,1.5516065,-0.21182233
Honduras,HND,0.2340532,2021-01-16,2021,1,0.15813604,-0.08056258,-0.44948968
Hungary,HUN,-0.6844737,2021-01-16,2021,1,0.6433181,0.35829702,0.76832366
Iceland,ISL,0.057110917,2021-01-16,2021,1,-0.26272124,0.26954204,0.84679997
India,IND,0.013129956,2021-01-16,2021,1,0.2955584,0.31385836,0.4546963
Indonesia,IDN,0.54886365,2021-01-16,2021,1,0.537161,0.94045085,0.47664475
Iran,IRN,-0.49364153,2021-01-16,2021,1,0.30141342,0.23342156,-0.64419276
Iraq,IRQ,-0.06889519,2021-01-16,2021,1,-0.008099568,-0.43758634,-1.6114526
Ireland,IRL,1.0819787,2021-01-16,2021,1,1.0321925,0.42077756,1.0291885
Israel,ISR,0.09087704,2021-01-16,2021,1,0.23141919,0.1862291,-1.850292
Italy,ITA,-0.3132916,2021-01-16,2021,1,-0.40784922,-0.74682295,0.20895296
Ivory Coast,CIV,-1.4633893,2021-01-16,2021,1,-0.6287088,-0.07762126,0.21072505
Jamaica,JAM,0.6293874,2021-01-16,2021,1,0.9899751,1.2834969,0.92937195
Japan,JPN,-1.2658974,2021-01-16,2021,1,-0.92955035,-0.20683639,-0.57904565
Jordan,JOR,0.18679863,2021-01-16,2021,1,-0.07605476,-0.50804806,-1.7305824
Kazakhstan,KAZ,-0.41035974,2021-01-16,2021,1,-0.9936726,-0.7937181,-0.73485386
Kenya,KEN,0.3649253,2021-01-16,2021,1,0.019936549,0.242269,0.02513274
Kiribati,KIR,,2021-01-16,2021,1,,,
Kosovo,-99,0.6869116,2021-01-16,2021,1,0.4662121,-1.0583298,1.748145
Kuwait,KWT,1.4933429,2021-01-16,2021,1,2.2404826,1.7308441,-1.3554884
Kyrgyzstan,KGZ,-0.84762216,2021-01-16,2021,1,-0.8859794,-0.2861089,1.113641
Laos,LAO,-0.87550515,2021-01-16,2021,1,-0.19676353,-0.11438838,0.566006
Latvia,LVA,0.1517915,2021-01-16,2021,1,-0.29881978,-0.7854592,-0.86612296
Lebanon,LBN,0.4479187,2021-01-16,2021,1,0.14719437,0.62611103,-2.2910655
Lesotho,LSO,1.7607495,2021-01-16,2021,1,0.69250435,-0.19623654,-0.84384465
Liberia,LBR,-0.36242428,2021-01-16,2021,1,-0.3584837,-0.32610342,-0.13186374
Libya,LBY,-0.9920088,2021-01-16,2021,1,-0.8502994,-0.96375614,-1.1782027
Lithuania,LTU,-0.082236625,2021-01-16,2021,1,-0.5228716,-0.9837594,-0.8447687
Luxembourg,LUX,0.15344523,2021-01-16,2021,1,-0.34558052,-0.92124796,-0.8581577
Madagascar,MDG,-1.0412003,2021-01-16,2021,1,-0.5242321,0.16234154,-0.6269748
Malawi,MWI,-0.91656727,2021-01-16,2021,1,-0.4638738,-1.4193571,-0.1760834
Malaysia,MYS,1.0904874,2021-01-16,2021,1,0.13859096,0.57543135,-0.12557471
Mali,MLI,-2.1132815,2021-01-16,2021,1,-0.99842465,0.2683644,0.32644212
Mauritania,MRT,-1.5173858,2021-01-16,2021,1,-1.0280443,-0.42060012,-0.29154915
Mauritius,MUS,-1.9966155,2021-01-16,2021,1,-1.5783722,-1.5583768,-2.5434813
Mexico,MEX,-0.87674034,2021-01-16,2021,1,-1.5532815,-1.1986148,-1.0842497
Moldova,MDA,0.7909245,2021-01-16,2021,1,0.56293,-0.5298997,-1.4310604
Mongolia,MNG,-0.04989239,2021-01-16,2021,1,0.09847367,-0.4466514,0.3364855
Montenegro,MNE,0.5798272,2021-01-16,2021,1,0.286458,-0.50742054,0.91803217
Morocco,MAR,-0.41221952,2021-01-16,2021,1,-0.5980442,-0.78052074,-0.95736647
Mozambique,MOZ,-0.5988856,2021-01-16,2021,1,-0.45547715,-1.0645064,-0.2573047
Myanmar,MMR,-0.47478506,2021-01-16,2021,1,-0.12621583,0.22598308,0.6356393
Namibia,NAM,0.383092,2021-01-16,2021,1,-0.08969943,-0.029920332,-0.023553476
Nepal,NPL,0.07873899,2021-01-16,2021,1,-0.19095168,-0.7603432,-0.90171206
Netherlands,NLD,-0.08709178,2021-01-16,2021,1,-0.14024778,-0.56362003,-0.42590705
New Caledonia,NCL,1.6978936,2021-01-16,2021,1,0.5764368,0.30214527,-0.4542588
New Zealand,NZL,0.51987576,2021-01-16,2021,1,0.6805016,0.74903446,0.36721244
Nicaragua,NIC,0.47270507,2021-01-16,2021,1,0.8214021,0.44376928,0.5264694
Niger,NER,-0.10330708,2021-01-16,2021,1,-0.17216797,0.4091656,0.68854403
Nigeria,NGA,-0.99851346,2021-01-16,2021,1,0.14768952,0.5802093,0.74391
North Korea,PRK,0.12787497,2021-01-16,2021,1,-0.99207133,1.2017823,1.8046745
North Macedonia,MKD,0.903898,2021-01-16,2021,1,-0.5314974,-1.1994653,0.3496569
Northern Cyprus,-99,-0.23825637,2021-01-16,2021,1,0.6869116,0.4662121,-1.0583298
Norway,-99,-0.04796711,2021-01-16,2021,1,-0.23825637,0.6869116,0.4662121
Oman,OMN,-0.8613824,2021-01-16,2021,1,-0.5723935,-0.3684508,-0.9773758
Pakistan,PAK,0.14181954,2021-01-16,2021,1,0.57121557,0.7199364,0.886344
Palestine,PSE,0.30877933,2021-01-16,2021,1,0.4385567,0.91475755,-1.8642159
Panama,PAN,0.15455097,2021-01-16,2021,1,1.292513,1.207235,1.1887884
Papua New Guinea,PNG,0.040049788,2021-01-16,2021,1,0.12636776,0.17632388,0.018929826
Paraguay,PRY,0.542724,2021-01-16,2021,1,-0.9470308,-1.6544352,-1.5923117
Peru,PER,0.03236079,2021-01-16,2021,1,-0.22018564,-0.1637793,-0.08846356
Philippines,PHL,1.0723004,2021-01-16,2021,1,0.6111771,-0.16934428,-0.41714776
Poland,POL,-0.58634585,2021-01-16,2021,1,0.005848581,0.17256676,0.22925207
Portugal,PRT,-0.21141978,2021-01-16,2021,1,-0.2184922,-0.09622333,-0.16642927
Puerto Rico,PRI,-0.38684472,2021-01-16,2021,1,0.20116353,-0.12599896,-0.18879797
Qatar,QAT,-0.22212897,2021-01-16,2021,1,0.33597144,-0.28445706,-1.1940006
Republic of Serbia,SRB,-0.03821905,2021-01-16,2021,1,0.16491653,-0.541312,0.19835192
Republic of the Congo,COG,1.1418301,2021-01-16,2021,1,0.33175695,0.41464674,0.1345864
Romania,ROU,0.20075503,2021-01-16,2021,1,0.38400152,-0.25131384,-0.55667305
Russia,RUS,0.27258915,2021-01-16,2021,1,0.2495112,-0.021106005,-0.6302383
Rwanda,RWA,1.7035109,2021-01-16,2021,1,1.1676099,0.94471323,-0.06910071
Saint Vincent and the Grenadines,VCT,-0.41141066,2021-01-16,2021,1,1.3150353,1.4525788,1.7380719
Samoa,WSM,0.75315344,2021-01-16,2021,1,1.139561,1.877149,1.7928015
Saudi Arabia,SAU,-0.31592697,2021-01-16,2021,1,-0.29734975,-1.1947646,-1.9532871
Senegal,SEN,-3.176891,2021-01-16,2021,1,-0.9355564,1.289103,0.979393
Siachen Glacier,-99,1.8632536,2021-01-16,2021,1,-0.04796711,-0.23825637,0.6869116
Sierra Leone,SLE,-0.45312452,2021-01-16,2021,1,-0.3726833,-0.26717898,-0.22046272
Slovakia,SVK,-0.47431982,2021-01-16,2021,1,0.9457882,1.0545619,1.3713691
Slovenia,SVN,-0.47651297,2021-01-16,2021,1,0.34427395,0.38042018,1.7539451
Solomon Islands,SLB,0.07206629,2021-01-16,2021,1,0.046396106,0.05331262,0.032825086
Somalia,SOM,-0.29411626,2021-01-16,2021,1,-0.28990522,-0.0011125966,-0.1946595
Somaliland,-99,-1.4007365,2021-01-16,2021,1,1.8632536,-0.04796711,-0.23825637
South Africa,ZAF,0.8520898,2021-01-16,2021,1,-0.05385721,-0.35824215,-0.6768647
South Georgia and the Islands,SGS,-2.3985748,2021-01-16,2021,1,-2.020618,0.05441329,0.5022204
South Korea,KOR,-0.9898798,2021-01-16,2021,1,-1.8820451,0.24220219,0.9741809
South Sudan,SSD,-0.48390153,2021-01-16,2021,1,-0.27611658,-0.030160554,-0.027801996
Spain,ESP,0.16085568,2021-01-16,2021,1,-0.36397833,-0.363384,-0.512653
Sri Lanka,LKA,0.36806363,2021-01-16,2021,1,-0.8093612,-1.2147454,-0.5861288
Sudan,SDN,-1.2077862,2021-01-16,2021,1,-1.0108827,-0.39109126,0.21818218
Suriname,SUR,1.6997395,2021-01-16,2021,1,1.6724895,1.05692,0.5017791
Sweden,SWE,0.1607256,2021-01-16,2021,1,0.4652161,0.49435985,-0.16149779
Switzerland,CHE,-0.00806727,2021-01-16,2021,1,-0.29146695,-0.8661037,0.13935253
Syria,SYR,-0.18115857,2021-01-16,2021,1,-0.9334151,-1.1067845,-2.0434322
Taiwan,TWN,-0.9902381,2021-01-16,2021,1,-0.9128561,-0.7245216,-0.28781617
Tajikistan,TJK,-0.40446275,2021-01-16,2021,1,0.10052671,0.30838856,0.4958044
Thailand,THA,-0.60144955,2021-01-16,2021,1,0.57898074,0.3250261,0.6812861
The Bahamas,BHS,1.7756048,2021-01-16,2021,1,1.8395213,2.306472,1.4195517
Togo,TGO,-2.1601849,2021-01-16,2021,1,-0.57413393,0.47117308,0.13283032
Trinidad and Tobago,TTO,-1.3400003,2021-01-16,2021,1,0.02964124,1.3877785,2.5038927
Tunisia,TUN,-0.790533,2021-01-16,2021,1,-0.7733214,0.03071566,-0.3867822
Turkey,TUR,-0.68123674,2021-01-16,2021,1,-1.7103076,-1.8063469,-1.8180003
Turkmenistan,TKM,-0.5125414,2021-01-16,2021,1,-0.3358411,-0.65813917,-0.4377483
Uganda,UGA,0.6901658,2021-01-16,2021,1,0.74260765,0.8808521,0.87544215
Ukraine,UKR,0.18166193,2021-01-16,2021,1,-0.5126228,-0.9087645,-1.3669837
United Arab Emirates,ARE,0.3349009,2021-01-16,2021,1,0.5734034,0.0032538227,-1.0281924
United Kingdom,GBR,0.90412647,2021-01-16,2021,1,1.2435926,0.4138637,1.0360229
United Republic of Tanzania,TZA,0.7094476,2021-01-16,2021,1,0.5492759,0.5935667,-0.06321507
United States Virgin Islands,VIR,-0.73051023,2021-01-16,2021,1,-0.08387613,-0.3833693,-0.5485532
United States of America,USA,-0.28175738,2021-01-16,2021,1,-0.060246315,-0.14348312,-0.47125348
Uruguay,URY,-0.6268102,2021-01-16,2021,1,-1.5333937,-1.4720167,-1.3705845
Uzbekistan,UZB,-1.140482,2021-01-16,2021,1,-1.1306205,-0.9925597,-0.6295971
Vanuatu,VUT,-0.003963031,2021-01-16,2021,1,-0.0013364386,0.050112333,0.03939275
Venezuela,VEN,0.068719655,2021-01-16,2021,1,-0.4036751,0.20381531,0.42213494
Vietnam,VNM,-0.4578572,2021-01-16,2021,1,0.59684587,0.3959324,0.52208203
Western Sahara,ESH,-0.44068298,2021-01-16,2021,1,-0.25323644,-0.6652984,-1.0140048
Yemen,YEM,-1.1518269,2021-01-16,2021,1,-1.079503,-0.6953666,-0.79792774
Zambia,ZMB,0.04671161,2021-01-16,2021,1,0.18259183,0.0007774076,0.20176487
Zimbabwe,ZWE,-0.1797914,2021-01-16,2021,1,-0.0020969678,-0.11797898,0.22074705
eSwatini,SWZ,0.24818948,2021-01-16,2021,1,-0.64868534,-0.70022124,-0.5018117
Afghanistan,AFG,-1.702443,2021-02-15,2021,2,-0.6486632,0.30574286,0.37868124
Aland,ALA,0.53022295,2021-02-15,2021,2,0.6792824,0.55826616,0.2038563
Albania,ALB,1.4808322,2021-02-15,2021,2,0.7917027,-0.41585013,-1.4847897
Algeria,DZA,-1.0413147,2021-02-15,2021,2,-0.94788086,-1.0102688,-1.2475265
Angola,AGO,0.091846116,2021-02-15,2021,2,0.103818476,0.0895369,0.17671916
Antarctica,ATA,,2021-02-15,2021,2,,,
Argentina,ARG,-0.27602565,2021-02-15,2021,2,-0.4748491,-1.1813014,-1.403289
Armenia,ARM,-0.57605815,2021-02-15,2021,2,-0.10164698,-1.3132062,-1.9175911
Australia,AUS,0.35378864,2021-02-15,2021,2,-0.041306883,-0.09233235,-0.5190489
Austria,AUT,0.09052514,2021-02-15,2021,2,-0.49816552,0.35017565,0.5680896
Azerbaijan,AZE,0.21862546,2021-02-15,2021,2,0.85964835,-0.2902698,-1.4412708
Bangladesh,BGD,-0.8195998,2021-02-15,2021,2,-0.24906494,0.62275434,0.7014351
Belarus,BLR,1.1143459,2021-02-15,2021,2,0.5613734,-0.20630927,-0.67292464
Belgium,BEL,1.1321279,2021-02-15,2021,2,0.35587087,0.14919843,-0.4378692
Belize,BLZ,0.035473544,2021-02-15,2021,2,0.3064333,-0.094956495,-0.10664781
Benin,BEN,-2.2974617,2021-02-15,2021,2,-2.5046182,-0.050233908,0.8967554
Bhutan,BTN,-0.8480333,2021-02-15,2021,2,-0.9478894,-0.1734062,0.23991853
Bolivia,BOL,-0.51873827,2021-02-15,2021,2,-0.9220174,-1.5116464,-1.6611925
Bosnia and Herzegovina,BIH,1.0268551,2021-02-15,2021,2,0.19031301,0.37836617,-0.48866978
Botswana,BWA,0.21129939,2021-02-15,2021,2,0.24423599,-0.060379006,0.021356633
Brazil,BRA,-0.20560443,2021-02-15,2021,2,-0.38109425,-0.4452036,-0.67111605
Brunei,BRN,1.0087795,2021-02-15,2021,2,1.2945039,1.3299733,1.6389339
Bulgaria,BGR,1.4643759,2021-02-15,2021,2,0.8861971,-0.38508672,-1.2654662
Burkina Faso,BFA,-2.6854796,2021-02-15,2021,2,-2.8514454,-0.7056364,0.9119069
Burundi,BDI,1.7266691,2021-02-15,2021,2,1.9483984,1.1698006,1.1374557
Cabo Verde,CPV,-1.5624427,2021-02-15,2021,2,-1.2828153,-0.23206577,-0.11935775
Cambodia,KHM,-0.036359612,2021-02-15,2021,2,-0.40606073,1.3606563,1.058688
Cameroon,CMR,-0.38949513,2021-02-15,2021,2,-0.3766574,-0.3088693,-0.069389865
Canada,CAN,0.057286978,2021-02-15,2021,2,0.02296517,0.21710323,0.19808805
Cayman Islands,CYM,,2021-02-15,2021,2,,,
Central African Republic,CAF,-0.3475807,2021-02-15,2021,2,-0.23220925,0.22223306,0.34253132
Chad,TCD,-0.8544251,2021-02-15,2021,2,-0.7193414,-0.42246222,0.18815318
Chile,CHL,-0.5673199,2021-02-15,2021,2,-0.6592365,-0.9768417,-1.1873857
China,CHN,-0.73916477,2021-02-15,2021,2,-0.32392675,-0.40108612,-0.086759955
Colombia,COL,0.25933516,2021-02-15,2021,2,0.43711928,-0.41517764,-0.35965842
Comoros,COM,-0.2711447,2021-02-15,2021,2,-0.83620954,0.9536071,1.4946436
Costa Rica,CRI,0.285438,2021-02-15,2021,2,-0.44840634,1.9838768,1.6457155
Croatia,HRV,0.74281263,2021-02-15,2021,2,0.011686401,0.46800238,-0.12247588
Cuba,CUB,-0.369101,2021-02-15,2021,2,1.1423864,1.5245111,1.7306908
Cyprus,CYP,-0.8366674,2021-02-15,2021,2,-0.08928098,-0.7282311,-0.97336644
Czechia,CZE,0.039599225,2021-02-15,2021,2,-0.9554871,0.0039853514,0.33815092
Democratic Republic of the Congo,COD,0.23197134,2021-02-15,2021,2,0.38415575,0.25091207,0.2793436
Denmark,DNK,0.015272057,2021-02-15,2021,2,-0.7271197,-0.65085083,-1.0460242
Djibouti,DJI,0.06556133,2021-02-15,2021,2,0.027576039,0.6265723,0.10720827
Dominican Republic,DOM,-0.37569723,2021-02-15,2021,2,0.36040518,0.44437474,-0.49381375
East Timor,TLS,-2.1631832,2021-02-15,2021,2,-1.5327511,-0.32696313,-0.3307473
Ecuador,ECU,-0.47140744,2021-02-15,2021,2,-0.18879646,-0.40008634,0.14813486
Egypt,EGY,-2.055619,2021-02-15,2021,2,-1.5239332,-1.5187855,-1.6556921
El Salvador,SLV,-0.9912156,2021-02-15,2021,2,0.33465257,0.2580805,0.07275689
Equatorial Guinea,GNQ,-0.39075345,2021-02-15,2021,2,-0.21967427,-0.5997748,-0.83832955
Eritrea,ERI,-0.646643,2021-02-15,2021,2,-0.48624784,-0.5635419,-0.28218707
Estonia,EST,0.6480278,2021-02-15,2021,2,0.550007,0.20949239,-0.38826
Ethiopia,ETH,-0.28966784,2021-02-15,2021,2,-0.18336649,0.08073009,0.27991545
Falkland Islands,FLK,-0.6193855,2021-02-15,2021,2,-1.2039092,-1.3786075,-1.357981
Faroe Islands,FRO,-0.4991744,2021-02-15,2021,2,-0.37580627,-0.25039572,-0.059449874
Fiji,FJI,0.7657914,2021-02-15,2021,2,0.7411908,0.22423491,0.1521941
Finland,FIN,0.87807804,2021-02-15,2021,2,0.9039677,0.9236238,0.50037545
France,-99,0.8949645,2021-02-15,2021,2,-1.4007365,1.8632536,-0.04796711
French Polynesia,PYF,-1.8496326,2021-02-15,2021,2,-1.0784622,0.39481425,0.7562
French Southern and Antarctic Lands,ATF,0.6410368,2021-02-15,2021,2,-1.2144226,-1.044452,0.031296138
Gabon,GAB,0.13219711,2021-02-15,2021,2,0.44823328,-0.49116048,-0.8793889
Gambia,GMB,-1.981735,2021-02-15,2021,2,-3.0980306,-0.31673244,1.5162405
Georgia,GEO,-0.5860046,2021-02-15,2021,2,-0.3847737,-1.4221998,-2.0593953
Germany,DEU,-0.009940863,2021-02-15,2021,2,-0.92142147,-0.8657301,-0.87965095
Ghana,GHA,-2.0090973,2021-02-15,2021,2,-1.9629033,-0.6235567,0.3252559
Greece,GRC,0.757465,2021-02-15,2021,2,0.18339714,-0.8274793,-1.6308603
Greenland,GRL,0.4923531,2021-02-15,2021,2,0.58823013,0.7612268,0.5622003
Guatemala,GTM,-0.9688638,2021-02-15,2021,2,1.0225255,0.6224185,0.86326283
Guinea,GIN,-2.2205827,2021-02-15,2021,2,-2.0449095,-0.87416196,0.24250843
Guinea-Bissau,GNB,-2.1882997,2021-02-15,2021,2,-2.8098295,-0.33356026,1.1407557
Guyana,GUY,0.2770056,2021-02-15,2021,2,1.2710787,1.3661987,1.2425847
Haiti,HTI,-1.0040101,2021-02-15,2021,2,2.3470786,1.6400319,1.5516065
Honduras,HND,0.026007678,2021-02-15,2021,2,0.2340532,0.15813604,-0.08056258
Hungary,HUN,0.23230316,2021-02-15,2021,2,-0.6844737,0.6433181,0.35829702
Iceland,ISL,-0.19437917,2021-02-15,2021,2,0.057110917,-0.26272124,0.26954204
India,IND,-0.5215933,2021-02-15,2021,2,0.013129956,0.2955584,0.31385836
Indonesia,IDN,0.029369963,2021-02-15,2021,2,0.54886365,0.537161,0.94045085
Iran,IRN,-1.3821303,2021-02-15,2021,2,-0.49364153,0.30141342,0.23342156
Iraq,IRQ,-1.371341,2021-02-15,2021,2,-0.06889519,-0.008099568,-0.43758634
Ireland,IRL,1.3383996,2021-02-15,2021,2,1.0819787,1.0321925,0.42077756
Israel,ISR,-0.873573,2021-02-15,2021,2,0.09087704,0.23141919,0.1862291
Italy,ITA,0.19408748,2021-02-15,2021,2,-0.3132916,-0.40784922,-0.74682295
Ivory Coast,CIV,-1.301523,2021-02-15,2021,2,-1.4633893,-0.6287088,-0.07762126
Jamaica,JAM,-0.51630473,2021-02-15,2021,2,0.6293874,0.9899751,1.2834969
Japan,JPN,-0.59594584,2021-02-15,2021,2,-1.2658974,-0.92955035,-0.20683639
Jordan,JOR,-0.87644947,2021-02-15,2021,2,0.18679863,-0.07605476,-0.50804806
Kazakhstan,KAZ,0.10782659,2021-02-15,2021,2,-0.41035974,-0.9936726,-0.7937181
Kenya,KEN,0.5232236,2021-02-15,2021,2,0.3649253,0.019936549,0.242269
Kiribati,KIR,,2021-02-15,2021,2,,,
Kosovo,-99,1.4929298,2021-02-15,2021,2,0.8949645,-1.4007365,1.8632536
Kuwait,KWT,-0.986062,2021-02-15,2021,2,1.4933429,2.2404826,1.7308441
Kyrgyzstan,KGZ,-0.90932107,2021-02-15,2021,2,-0.84762216,-0.8859794,-0.2861089
Laos,LAO,0.19881621,2021-02-15,2021,2,-0.87550515,-0.19676353,-0.11438838
Latvia,LVA,0.10439606,2021-02-15,2021,2,0.1517915,-0.29881978,-0.7854592
Lebanon,LBN,-0.71104425,2021-02-15,2021,2,0.4479187,0.14719437,0.62611103
Lesotho,LSO,1.6461806,2021-02-15,2021,2,1.7607495,0.69250435,-0.19623654
Liberia,LBR,-0.32458314,2021-02-15,2021,2,-0.36242428,-0.3584837,-0.32610342
Libya,LBY,-1.2678242,2021-02-15,2021,2,-0.9920088,-0.8502994,-0.96375614
Lithuania,LTU,-0.17284079,2021-02-15,2021,2,-0.082236625,-0.5228716,-0.9837594
Luxembourg,LUX,1.0709513,2021-02-15,2021,2,0.15344523,-0.34558052,-0.92124796
Madagascar,MDG,-1.3602132,2021-02-15,2021,2,-1.0412003,-0.5242321,0.16234154
Malawi,MWI,-0.78066623,2021-02-15,2021,2,-0.91656727,-0.4638738,-1.4193571
Malaysia,MYS,0.36280406,2021-02-15,2021,2,1.0904874,0.13859096,0.57543135
Mali,MLI,-1.9508936,2021-02-15,2021,2,-2.1132815,-0.99842465,0.2683644
Mauritania,MRT,-1.3293914,2021-02-15,2021,2,-1.5173858,-1.0280443,-0.42060012
Mauritius,MUS,-2.4027236,2021-02-15,2021,2,-1.9966155,-1.5783722,-1.5583768
Mexico,MEX,-0.58739096,2021-02-15,2021,2,-0.87674034,-1.5532815,-1.1986148
Moldova,MDA,1.2676108,2021-02-15,2021,2,0.7909245,0.56293,-0.5298997
Mongolia,MNG,-1.3606633,2021-02-15,2021,2,-0.04989239,0.09847367,-0.4466514
Montenegro,MNE,1.4270822,2021-02-15,2021,2,0.5798272,0.286458,-0.50742054
Morocco,MAR,-0.5483109,2021-02-15,2021,2,-0.41221952,-0.5980442,-0.78052074
Mozambique,MOZ,0.13844223,2021-02-15,2021,2,-0.5988856,-0.45547715,-1.0645064
Myanmar,MMR,-0.4764324,2021-02-15,2021,2,-0.47478506,-0.12621583,0.22598308
Namibia,NAM,0.31498122,2021-02-15,2021,2,0.383092,-0.08969943,-0.029920332
Nepal,NPL,-0.40672782,2021-02-15,2021,2,0.07873899,-0.19095168,-0.7603432
Netherlands,NLD,0.8278514,2021-02-15,2021,2,-0.08709178,-0.14024778,-0.56362003
New Caledonia,NCL,1.7880807,2021-02-15,2021,2,1.6978936,0.5764368,0.30214527
New Zealand,NZL,-0.20814088,2021-02-15,2021,2,0.51987576,0.6805016,0.74903446
Nicaragua,NIC,0.1953559,2021-02-15,2021,2,0.47270507,0.8214021,0.44376928
Niger,NER,-0.13117655,2021-02-15,2021,2,-0.10330708,-0.17216797,0.4091656
Nigeria,NGA,-0.7065841,2021-02-15,2021,2,-0.99851346,0.14768952,0.5802093
North Korea,PRK,-0.8394007,2021-02-15,2021,2,0.12787497,-0.99207133,1.2017823
North Macedonia,MKD,1.6142961,2021-02-15,2021,2,0.903898,-0.5314974,-1.1994653
Northern Cyprus,-99,-0.82295763,2021-02-15,2021,2,1.4929298,0.8949645,-1.4007365
Norway,-99,-0.25360262,2021-02-15,2021,2,-0.82295763,1.4929298,0.8949645
Oman,OMN,-1.5567867,2021-02-15,2021,2,-0.8613824,-0.5723935,-0.3684508
Pakistan,PAK,-1.3768903,2021-02-15,2021,2,0.14181954,0.57121557,0.7199364
Palestine,PSE,-0.7843125,2021-02-15,2021,2,0.30877933,0.4385567,0.91475755
Panama,PAN,0.41514966,2021-02-15,2021,2,0.15455097,1.292513,1.207235
Papua New Guinea,PNG,0.26256517,2021-02-15,2021,2,0.040049788,0.12636776,0.17632388
Paraguay,PRY,0.43592757,2021-02-15,2021,2,0.542724,-0.9470308,-1.6544352
Peru,PER,0.12807195,2021-02-15,2021,2,0.03236079,-0.22018564,-0.1637793
Philippines,PHL,0.8974829,2021-02-15,2021,2,1.0723004,0.6111771,-0.16934428
Poland,POL,0.14305337,2021-02-15,2021,2,-0.58634585,0.005848581,0.17256676
Portugal,PRT,0.22129953,2021-02-15,2021,2,-0.21141978,-0.2184922,-0.09622333
Puerto Rico,PRI,-0.3166461,2021-02-15,2021,2,-0.38684472,0.20116353,-0.12599896
Qatar,QAT,-0.9191683,2021-02-15,2021,2,-0.22212897,0.33597144,-0.28445706
Republic of Serbia,SRB,0.7671612,2021-02-15,2021,2,-0.03821905,0.16491653,-0.541312
Republic of the Congo,COG,0.6552242,2021-02-15,2021,2,1.1418301,0.33175695,0.41464674
Romania,ROU,0.84748966,2021-02-15,2021,2,0.20075503,0.38400152,-0.25131384
Russia,RUS,0.3866194,2021-02-15,2021,2,0.27258915,0.2495112,-0.021106005
Rwanda,RWA,1.5214,2021-02-15,2021,2,1.7035109,1.1676099,0.94471323
Saint Vincent and the Grenadines,VCT,-0.64172864,2021-02-15,2021,2,-0.41141066,1.3150353,1.4525788
Samoa,WSM,0.6334385,2021-02-15,2021,2,0.75315344,1.139561,1.877149
Saudi Arabia,SAU,-0.73183787,2021-02-15,2021,2,-0.31592697,-0.29734975,-1.1947646
Senegal,SEN,-1.9530091,2021-02-15,2021,2,-3.176891,-0.9355564,1.289103
Siachen Glacier,-99,0.81529844,2021-02-15,2021,2,-0.25360262,-0.82295763,1.4929298
Sierra Leone,SLE,-1.0943714,2021-02-15,2021,2,-0.45312452,-0.3726833,-0.26717898
Slovakia,SVK,0.59698,2021-02-15,2021,2,-0.47431982,0.9457882,1.0545619
Slovenia,SVN,0.24886242,2021-02-15,2021,2,-0.47651297,0.34427395,0.38042018
Solomon Islands,SLB,0.038447328,2021-02-15,2021,2,0.07206629,0.046396106,0.05331262
Somalia,SOM,-0.5380387,2021-02-15,2021,2,-0.29411626,-0.28990522,-0.0011125966
Somaliland,-99,-0.75744814,2021-02-15,2021,2,0.81529844,-0.25360262,-0.82295763
South Africa,ZAF,0.7114935,2021-02-15,2021,2,0.8520898,-0.05385721,-0.35824215
South Georgia and the Islands,SGS,-2.7540572,2021-02-15,2021,2,-2.3985748,-2.020618,0.05441329
South Korea,KOR,-1.4246347,2021-02-15,2021,2,-0.9898798,-1.8820451,0.24220219
South Sudan,SSD,-0.7002149,2021-02-15,2021,2,-0.48390153,-0.27611658,-0.030160554
Spain,ESP,0.16981882,2021-02-15,2021,2,0.16085568,-0.36397833,-0.363384
Sri Lanka,LKA,0.69358015,2021-02-15,2021,2,0.36806363,-0.8093612,-1.2147454
Sudan,SDN,-1.2339082,2021-02-15,2021,2,-1.2077862,-1.0108827,-0.39109126
Suriname,SUR,0.74006975,2021-02-15,2021,2,1.6997395,1.6724895,1.05692
Sweden,SWE,0.21699381,2021-02-15,2021,2,0.1607256,0.4652161,0.49435985
Switzerland,CHE,0.6109532,2021-02-15,2021,2,-0.00806727,-0.29146695,-0.8661037
Syria,SYR,-1.2448739,2021-02-15,2021,2,-0.18115857,-0.9334151,-1.1067845
Taiwan,TWN,-0.65539545,2021-02-15,2021,2,-0.9902381,-0.9128561,-0.7245216
Tajikistan,TJK,-1.3162181,2021-02-15,2021,2,-0.40446275,0.10052671,0.30838856
Thailand,THA,0.09397725,2021-02-15,2021,2,-0.60144955,0.57898074,0.3250261
The Bahamas,BHS,-0.8982428,2021-02-15,2021,2,1.7756048,1.8395213,2.306472
Togo,TGO,-2.2125406,2021-02-15,2021,2,-2.1601849,-0.57413393,0.47117308
Trinidad and Tobago,TTO,-0.75412416,2021-02-15,2021,2,-1.3400003,0.02964124,1.3877785
Tunisia,TUN,-1.3833303,2021-02-15,2021,2,-0.790533,-0.7733214,0.03071566
Turkey,TUR,-0.9957133,2021-02-15,2021,2,-0.68123674,-1.7103076,-1.8063469
Turkmenistan,TKM,-1.4055322,2021-02-15,2021,2,-0.5125414,-0.3358411,-0.65813917
Uganda,UGA,0.8393457,2021-02-15,2021,2,0.6901658,0.74260765,0.8808521
Ukraine,UKR,1.0657562,2021-02-15,2021,2,0.18166193,-0.5126228,-0.9087645
United Arab Emirates,ARE,-0.46834216,2021-02-15,2021,2,0.3349009,0.5734034,0.0032538227
United Kingdom,GBR,1.3016217,2021-02-15,2021,2,0.90412647,1.2435926,0.4138637
United Republic of Tanzania,TZA,0.76145864,2021-02-15,2021,2,0.7094476,0.5492759,0.5935667
United States Virgin Islands,VIR,-0.6516832,2021-02-15,2021,2,-0.73051023,-0.08387613,-0.3833693
United States of America,USA,-0.10483165,2021-02-15,2021,2,-0.28175738,-0.060246315,-0.14348312
Uruguay,URY,0.33851463,2021-02-15,2021,2,-0.6268102,-1.5333937,-1.4720167
Uzbekistan,UZB,-1.6021339,2021-02-15,2021,2,-1.140482,-1.1306205,-0.9925597
Vanuatu,VUT,0.10704603,2021-02-15,2021,2,-0.003963031,-0.0013364386,0.050112333
Venezuela,VEN,-0.25419235,2021-02-15,2021,2,0.068719655,-0.4036751,0.20381531
Vietnam,VNM,-0.05086437,2021-02-15,2021,2,-0.4578572,0.59684587,0.3959324
Western Sahara,ESH,-0.64264023,2021-02-15,2021,2,-0.44068298,-0.25323644,-0.6652984
Yemen,YEM,-1.0712134,2021-02-15,2021,2,-1.1518269,-1.079503,-0.6953666
Zambia,ZMB,0.059306275,2021-02-15,2021,2,0.04671161,0.18259183,0.0007774076
Zimbabwe,ZWE,-0.0013758967,2021-02-15,2021,2,-0.1797914,-0.0020969678,-0.11797898
eSwatini,SWZ,1.2755642,2021-02-15,2021,2,0.24818948,-0.64868534,-0.70022124
Afghanistan,AFG,-1.7137523,2021-03-16,2021,3,-1.702443,-0.6486632,0.30574286
Aland,ALA,0.55543524,2021-03-16,2021,3,0.53022295,0.6792824,0.55826616
Albania,ALB,0.64207184,2021-03-16,2021,3,1.4808322,0.7917027,-0.41585013
Algeria,DZA,-0.30939978,2021-03-16,2021,3,-1.0413147,-0.94788086,-1.0102688
Angola,AGO,0.12048392,2021-03-16,2021,3,0.091846116,0.103818476,0.0895369
Antarctica,ATA,,2021-03-16,2021,3,,,
Argentina,ARG,0.04492307,2021-03-16,2021,3,-0.27602565,-0.4748491,-1.1813014
Armenia,ARM,0.38696256,2021-03-16,2021,3,-0.57605815,-0.10164698,-1.3132062
Australia,AUS,0.43952966,2021-03-16,2021,3,0.35378864,-0.041306883,-0.09233235
Austria,AUT,-0.4677005,2021-03-16,2021,3,0.09052514,-0.49816552,0.35017565
Azerbaijan,AZE,0.37870786,2021-03-16,2021,3,0.21862546,0.85964835,-0.2902698
Bangladesh,BGD,-1.2092761,2021-03-16,2021,3,-0.8195998,-0.24906494,0.62275434
Belarus,BLR,1.050929,2021-03-16,2021,3,1.1143459,0.5613734,-0.20630927
Belgium,BEL,0.49890977,2021-03-16,2021,3,1.1321279,0.35587087,0.14919843
Belize,BLZ,0.61917996,2021-03-16,2021,3,0.035473544,0.3064333,-0.094956495
Benin,BEN,-1.0827942,2021-03-16,2021,3,-2.2974617,-2.5046182,-0.050233908
Bhutan,BTN,0.47915107,2021-03-16,2021,3,-0.8480333,-0.9478894,-0.1734062
Bolivia,BOL,-0.062292676,2021-03-16,2021,3,-0.51873827,-0.9220174,-1.5116464
Bosnia and Herzegovina,BIH,-0.16718498,2021-03-16,2021,3,1.0268551,0.19031301,0.37836617
Botswana,BWA,0.07938152,2021-03-16,2021,3,0.21129939,0.24423599,-0.060379006
Brazil,BRA,0.019569535,2021-03-16,2021,3,-0.20560443,-0.38109425,-0.4452036
Brunei,BRN,0.9002422,2021-03-16,2021,3,1.0087795,1.2945039,1.3299733
Bulgaria,BGR,1.3936651,2021-03-16,2021,3,1.4643759,0.8861971,-0.38508672
Burkina Faso,BFA,-1.9031808,2021-03-16,2021,3,-2.6854796,-2.8514454,-0.7056364
Burundi,BDI,1.8075699,2021-03-16,2021,3,1.7266691,1.9483984,1.1698006
Cabo Verde,CPV,-1.2703568,2021-03-16,2021,3,-1.5624427,-1.2828153,-0.23206577
Cambodia,KHM,-0.0533186,2021-03-16,2021,3,-0.036359612,-0.40606073,1.3606563
Cameroon,CMR,0.37742215,2021-03-16,2021,3,-0.38949513,-0.3766574,-0.3088693
Canada,CAN,-0.17383116,2021-03-16,2021,3,0.057286978,0.02296517,0.21710323
Cayman Islands,CYM,,2021-03-16,2021,3,,,
Central African Republic,CAF,0.30963647,2021-03-16,2021,3,-0.3475807,-0.23220925,0.22223306
Chad,TCD,-0.8368711,2021-03-16,2021,3,-0.8544251,-0.7193414,-0.42246222
Chile,CHL,-0.58898604,2021-03-16,2021,3,-0.5673199,-0.6592365,-0.9768417
China,CHN,-0.65568596,2021-03-16,2021,3,-0.73916477,-0.32392675,-0.40108612
Colombia,COL,0.58441806,2021-03-16,2021,3,0.25933516,0.43711928,-0.41517764
Comoros,COM,-0.980291,2021-03-16,2021,3,-0.2711447,-0.83620954,0.9536071
Costa Rica,CRI,0.22878736,2021-03-16,2021,3,0.285438,-0.44840634,1.9838768
Croatia,HRV,-0.53066427,2021-03-16,2021,3,0.74281263,0.011686401,0.46800238
Cuba,CUB,-0.9348137,2021-03-16,2021,3,-0.369101,1.1423864,1.5245111
Cyprus,CYP,-0.70106494,2021-03-16,2021,3,-0.8366674,-0.08928098,-0.7282311
Czechia,CZE,-0.092668235,2021-03-16,2021,3,0.039599225,-0.9554871,0.0039853514
Democratic Republic of the Congo,COD,0.15514857,2021-03-16,2021,3,0.23197134,0.38415575,0.25091207
Denmark,DNK,0.2641252,2021-03-16,2021,3,0.015272057,-0.7271197,-0.65085083
Djibouti,DJI,-2.0528839,2021-03-16,2021,3,0.06556133,0.027576039,0.6265723
Dominican Republic,DOM,-0.39465916,2021-03-16,2021,3,-0.37569723,0.36040518,0.44437474
East Timor,TLS,-2.1558745,2021-03-16,2021,3,-2.1631832,-1.5327511,-0.32696313
Ecuador,ECU,0.17930946,2021-03-16,2021,3,-0.47140744,-0.18879646,-0.40008634
Egypt,EGY,-1.5527487,2021-03-16,2021,3,-2.055619,-1.5239332,-1.5187855
El Salvador,SLV,-0.77502745,2021-03-16,2021,3,-0.9912156,0.33465257,0.2580805
Equatorial Guinea,GNQ,-0.34563693,2021-03-16,2021,3,-0.39075345,-0.21967427,-0.5997748
Eritrea,ERI,-0.7732709,2021-03-16,2021,3,-0.646643,-0.48624784,-0.5635419
Estonia,EST,0.9163062,2021-03-16,2021,3,0.6480278,0.550007,0.20949239
Ethiopia,ETH,-0.11584623,2021-03-16,2021,3,-0.28966784,-0.18336649,0.08073009
Falkland Islands,FLK,-0.90356743,2021-03-16,2021,3,-0.6193855,-1.2039092,-1.3786075
Faroe Islands,FRO,-0.3307539,2021-03-16,2021,3,-0.4991744,-0.37580627,-0.25039572
Fiji,FJI,0.7609324,2021-03-16,2021,3,0.7657914,0.7411908,0.22423491
Finland,FIN,0.8100024,2021-03-16,2021,3,0.87807804,0.9039677,0.9236238
France,-99,-0.22326107,2021-03-16,2021,3,-0.75744814,0.81529844,-0.25360262
French Polynesia,PYF,-2.4044366,2021-03-16,2021,3,-1.8496326,-1.0784622,0.39481425
French Southern and Antarctic Lands,ATF,-0.09141065,2021-03-16,2021,3,0.6410368,-1.2144226,-1.044452
Gabon,GAB,-0.2236114,2021-03-16,2021,3,0.13219711,0.44823328,-0.49116048
Gambia,GMB,-0.82472867,2021-03-16,2021,3,-1.981735,-3.0980306,-0.31673244
Georgia,GEO,0.33252394,2021-03-16,2021,3,-0.5860046,-0.3847737,-1.4221998
Germany,DEU,0.15822613,2021-03-16,2021,3,-0.009940863,-0.92142147,-0.8657301
Ghana,GHA,-1.0468109,2021-03-16,2021,3,-2.0090973,-1.9629033,-0.6235567
Greece,GRC,0.12009262,2021-03-16,2021,3,0.757465,0.18339714,-0.8274793
Greenland,GRL,0.64748824,2021-03-16,2021,3,0.4923531,0.58823013,0.7612268
Guatemala,GTM,-0.18977024,2021-03-16,2021,3,-0.9688638,1.0225255,0.6224185
Guinea,GIN,-1.3722317,2021-03-16,2021,3,-2.2205827,-2.0449095,-0.87416196
Guinea-Bissau,GNB,-0.94704664,2021-03-16,2021,3,-2.1882997,-2.8098295,-0.33356026
Guyana,GUY,0.8440434,2021-03-16,2021,3,0.2770056,1.2710787,1.3661987
Haiti,HTI,-0.5885416,2021-03-16,2021,3,-1.0040101,2.3470786,1.6400319
Honduras,HND,-0.02102288,2021-03-16,2021,3,0.026007678,0.2340532,0.15813604
Hungary,HUN,-0.3503437,2021-03-16,2021,3,0.23230316,-0.6844737,0.6433181
Iceland,ISL,-0.045298878,2021-03-16,2021,3,-0.19437917,0.057110917,-0.26272124
India,IND,-0.5192249,2021-03-16,2021,3,-0.5215933,0.013129956,0.2955584
Indonesia,IDN,0.20813632,2021-03-16,2021,3,0.029369963,0.54886365,0.537161
Iran,IRN,-1.7327688,2021-03-16,2021,3,-1.3821303,-0.49364153,0.30141342
Iraq,IRQ,-1.4839472,2021-03-16,2021,3,-1.371341,-0.06889519,-0.008099568
Ireland,IRL,0.9752592,2021-03-16,2021,3,1.3383996,1.0819787,1.0321925
Israel,ISR,-1.0702138,2021-03-16,2021,3,-0.873573,0.09087704,0.23141919
Italy,ITA,-0.62449455,2021-03-16,2021,3,0.19408748,-0.3132916,-0.40784922
Ivory Coast,CIV,-0.65902287,2021-03-16,2021,3,-1.301523,-1.4633893,-0.6287088
Jamaica,JAM,-0.3865838,2021-03-16,2021,3,-0.51630473,0.6293874,0.9899751
Japan,JPN,0.3328055,2021-03-16,2021,3,-0.59594584,-1.2658974,-0.92955035
Jordan,JOR,-1.020501,2021-03-16,2021,3,-0.87644947,0.18679863,-0.07605476
Kazakhstan,KAZ,0.91108984,2021-03-16,2021,3,0.10782659,-0.41035974,-0.9936726
Kenya,KEN,1.3667839,2021-03-16,2021,3,0.5232236,0.3649253,0.019936549
Kiribati,KIR,,2021-03-16,2021,3,,,
Kosovo,-99,0.6264334,2021-03-16,2021,3,-0.22326107,-0.75744814,0.81529844
Kuwait,KWT,-2.2425866,2021-03-16,2021,3,-0.986062,1.4933429,2.2404826
Kyrgyzstan,KGZ,0.4932509,2021-03-16,2021,3,-0.90932107,-0.84762216,-0.8859794
Laos,LAO,0.2412992,2021-03-16,2021,3,0.19881621,-0.87550515,-0.19676353
Latvia,LVA,0.4956433,2021-03-16,2021,3,0.10439606,0.1517915,-0.29881978
Lebanon,LBN,-0.6739807,2021-03-16,2021,3,-0.71104425,0.4479187,0.14719437
Lesotho,LSO,1.1990284,2021-03-16,2021,3,1.6461806,1.7607495,0.69250435
Liberia,LBR,-0.46349517,2021-03-16,2021,3,-0.32458314,-0.36242428,-0.3584837
Libya,LBY,-1.0236642,2021-03-16,2021,3,-1.2678242,-0.9920088,-0.8502994
Lithuania,LTU,0.119020425,2021-03-16,2021,3,-0.17284079,-0.082236625,-0.5228716
Luxembourg,LUX,0.8055855,2021-03-16,2021,3,1.0709513,0.15344523,-0.34558052
Madagascar,MDG,-0.8974945,2021-03-16,2021,3,-1.3602132,-1.0412003,-0.5242321
Malawi,MWI,-0.623922,2021-03-16,2021,3,-0.78066623,-0.91656727,-0.4638738
Malaysia,MYS,0.7804108,2021-03-16,2021,3,0.36280406,1.0904874,0.13859096
Mali,MLI,-1.506197,2021-03-16,2021,3,-1.9508936,-2.1132815,-0.99842465
Mauritania,MRT,-1.1519523,2021-03-16,2021,3,-1.3293914,-1.5173858,-1.0280443
Mauritius,MUS,-2.5356998,2021-03-16,2021,3,-2.4027236,-1.9966155,-1.5783722
Mexico,MEX,-0.5911925,2021-03-16,2021,3,-0.58739096,-0.87674034,-1.5532815
Moldova,MDA,0.77870333,2021-03-16,2021,3,1.2676108,0.7909245,0.56293
Mongolia,MNG,-2.0666747,2021-03-16,2021,3,-1.3606633,-0.04989239,0.09847367
Montenegro,MNE,0.32980517,2021-03-16,2021,3,1.4270822,0.5798272,0.286458
Morocco,MAR,-0.5682735,2021-03-16,2021,3,-0.5483109,-0.41221952,-0.5980442
Mozambique,MOZ,0.19235042,2021-03-16,2021,3,0.13844223,-0.5988856,-0.45547715
Myanmar,MMR,-0.14217183,2021-03-16,2021,3,-0.4764324,-0.47478506,-0.12621583
Namibia,NAM,0.32697296,2021-03-16,2021,3,0.31498122,0.383092,-0.08969943
Nepal,NPL,-0.4785878,2021-03-16,2021,3,-0.40672782,0.07873899,-0.19095168
Netherlands,NLD,0.40595534,2021-03-16,2021,3,0.8278514,-0.08709178,-0.14024778
New Caledonia,NCL,1.1995968,2021-03-16,2021,3,1.7880807,1.6978936,0.5764368
New Zealand,NZL,0.31523126,2021-03-16,2021,3,-0.20814088,0.51987576,0.6805016
Nicaragua,NIC,-0.014821859,2021-03-16,2021,3,0.1953559,0.47270507,0.8214021
Niger,NER,-0.158372,2021-03-16,2021,3,-0.13117655,-0.10330708,-0.17216797
Nigeria,NGA,-0.30303115,2021-03-16,2021,3,-0.7065841,-0.99851346,0.14768952
North Korea,PRK,0.9623182,2021-03-16,2021,3,-0.8394007,0.12787497,-0.99207133
North Macedonia,MKD,1.1808547,2021-03-16,2021,3,1.6142961,0.903898,-0.5314974
Northern Cyprus,-99,-0.3011007,2021-03-16,2021,3,0.6264334,-0.22326107,-0.75744814
Norway,-99,-0.019714722,2021-03-16,2021,3,-0.3011007,0.6264334,-0.22326107
Oman,OMN,-2.4502997,2021-03-16,2021,3,-1.5567867,-0.8613824,-0.5723935
Pakistan,PAK,-1.616787,2021-03-16,2021,3,-1.3768903,0.14181954,0.57121557
Palestine,PSE,-0.87173104,2021-03-16,2021,3,-0.7843125,0.30877933,0.4385567
Panama,PAN,0.5968067,2021-03-16,2021,3,0.41514966,0.15455097,1.292513
Papua New Guinea,PNG,0.4095006,2021-03-16,2021,3,0.26256517,0.040049788,0.12636776
Paraguay,PRY,0.44010478,2021-03-16,2021,3,0.43592757,0.542724,-0.9470308
Peru,PER,0.24130291,2021-03-16,2021,3,0.12807195,0.03236079,-0.22018564
Philippines,PHL,0.82902926,2021-03-16,2021,3,0.8974829,1.0723004,0.6111771
Poland,POL,0.20973064,2021-03-16,2021,3,0.14305337,-0.58634585,0.005848581
Portugal,PRT,0.08027806,2021-03-16,2021,3,0.22129953,-0.21141978,-0.2184922
Puerto Rico,PRI,-0.27328086,2021-03-16,2021,3,-0.3166461,-0.38684472,0.20116353
Qatar,QAT,-1.5882797,2021-03-16,2021,3,-0.9191683,-0.22212897,0.33597144
Republic of Serbia,SRB,0.30589435,2021-03-16,2021,3,0.7671612,-0.03821905,0.16491653
Republic of the Congo,COG,0.20984855,2021-03-16,2021,3,0.6552242,1.1418301,0.33175695
Romania,ROU,0.6956194,2021-03-16,2021,3,0.84748966,0.20075503,0.38400152
Russia,RUS,0.6093576,2021-03-16,2021,3,0.3866194,0.27258915,0.2495112
Rwanda,RWA,1.7665704,2021-03-16,2021,3,1.5214,1.7035109,1.1676099
Saint Vincent and the Grenadines,VCT,1.3597183,2021-03-16,2021,3,-0.64172864,-0.41141066,1.3150353
Samoa,WSM,0.6455724,2021-03-16,2021,3,0.6334385,0.75315344,1.139561
Saudi Arabia,SAU,-1.4541131,2021-03-16,2021,3,-0.73183787,-0.31592697,-0.29734975
Senegal,SEN,-0.85815936,2021-03-16,2021,3,-1.9530091,-3.176891,-0.9355564
Siachen Glacier,-99,1.6618282,2021-03-16,2021,3,-0.019714722,-0.3011007,0.6264334
Sierra Leone,SLE,-0.9692366,2021-03-16,2021,3,-1.0943714,-0.45312452,-0.3726833
Slovakia,SVK,-0.04551526,2021-03-16,2021,3,0.59698,-0.47431982,0.9457882
Slovenia,SVN,-0.89804184,2021-03-16,2021,3,0.24886242,-0.47651297,0.34427395
Solomon Islands,SLB,0.03714139,2021-03-16,2021,3,0.038447328,0.07206629,0.046396106
Somalia,SOM,-0.32917845,2021-03-16,2021,3,-0.5380387,-0.29411626,-0.28990522
Somaliland,-99,-1.390348,2021-03-16,2021,3,1.6618282,-0.019714722,-0.3011007
South Africa,ZAF,0.44276124,2021-03-16,2021,3,0.7114935,0.8520898,-0.05385721
South Georgia and the Islands,SGS,-2.221387,2021-03-16,2021,3,-2.7540572,-2.3985748,-2.020618
South Korea,KOR,0.47208944,2021-03-16,2021,3,-1.4246347,-0.9898798,-1.8820451
South Sudan,SSD,-0.50541,2021-03-16,2021,3,-0.7002149,-0.48390153,-0.27611658
Spain,ESP,-0.27630132,2021-03-16,2021,3,0.16981882,0.16085568,-0.36397833
Sri Lanka,LKA,0.3534506,2021-03-16,2021,3,0.69358015,0.36806363,-0.8093612
Sudan,SDN,-1.0618252,2021-03-16,2021,3,-1.2339082,-1.2077862,-1.0108827
Suriname,SUR,0.46929753,2021-03-16,2021,3,0.74006975,1.6997395,1.6724895
Sweden,SWE,0.22632508,2021-03-16,2021,3,0.21699381,0.1607256,0.4652161
Switzerland,CHE,0.3419284,2021-03-16,2021,3,0.6109532,-0.00806727,-0.29146695
Syria,SYR,-0.9254515,2021-03-16,2021,3,-1.2448739,-0.18115857,-0.9334151
Taiwan,TWN,-0.73841405,2021-03-16,2021,3,-0.65539545,-0.9902381,-0.9128561
Tajikistan,TJK,-0.80083257,2021-03-16,2021,3,-1.3162181,-0.40446275,0.10052671
Thailand,THA,-0.05520821,2021-03-16,2021,3,0.09397725,-0.60144955,0.57898074
The Bahamas,BHS,-1.0862316,2021-03-16,2021,3,-0.8982428,1.7756048,1.8395213
Togo,TGO,-0.9257747,2021-03-16,2021,3,-2.2125406,-2.1601849,-0.57413393
Trinidad and Tobago,TTO,1.6162493,2021-03-16,2021,3,-0.75412416,-1.3400003,0.02964124
Tunisia,TUN,-1.4880396,2021-03-16,2021,3,-1.3833303,-0.790533,-0.7733214
Turkey,TUR,0.1855086,2021-03-16,2021,3,-0.9957133,-0.68123674,-1.7103076
Turkmenistan,TKM,-1.1040503,2021-03-16,2021,3,-1.4055322,-0.5125414,-0.3358411
Uganda,UGA,0.90400225,2021-03-16,2021,3,0.8393457,0.6901658,0.74260765
Ukraine,UKR,1.2295029,2021-03-16,2021,3,1.0657562,0.18166193,-0.5126228
United Arab Emirates,ARE,-1.5891435,2021-03-16,2021,3,-0.46834216,0.3349009,0.5734034
United Kingdom,GBR,0.60743874,2021-03-16,2021,3,1.3016217,0.90412647,1.2435926
United Republic of Tanzania,TZA,0.67717254,2021-03-16,2021,3,0.76145864,0.7094476,0.5492759
United States Virgin Islands,VIR,-0.6874707,2021-03-16,2021,3,-0.6516832,-0.73051023,-0.08387613
United States of America,USA,0.05388929,2021-03-16,2021,3,-0.10483165,-0.28175738,-0.060246315
Uruguay,URY,0.6126531,2021-03-16,2021,3,0.33851463,-0.6268102,-1.5333937
Uzbekistan,UZB,-0.89490354,2021-03-16,2021,3,-1.6021339,-1.140482,-1.1306205
Vanuatu,VUT,0.1215323,2021-03-16,2021,3,0.10704603,-0.003963031,-0.0013364386
Venezuela,VEN,0.26826832,2021-03-16,2021,3,-0.25419235,0.068719655,-0.4036751
Vietnam,VNM,-0.25013536,2021-03-16,2021,3,-0.05086437,-0.4578572,0.59684587
Western Sahara,ESH,-0.8606694,2021-03-16,2021,3,-0.64264023,-0.44068298,-0.25323644
Yemen,YEM,-1.4989582,2021-03-16,2021,3,-1.0712134,-1.1518269,-1.079503
Zambia,ZMB,-0.0374255,2021-03-16,2021,3,0.059306275,0.04671161,0.18259183
Zimbabwe,ZWE,-0.26386794,2021-03-16,2021,3,-0.0013758967,-0.1797914,-0.0020969678
eSwatini,SWZ,1.0990403,2021-03-16,2021,3,1.2755642,0.24818948,-0.64868534
Afghanistan,AFG,-1.6156082,2021-04-16,2021,4,-1.7137523,-1.702443,-0.6486632
Aland,ALA,-0.44966838,2021-04-16,2021,4,0.55543524,0.53022295,0.6792824
Albania,ALB,-0.73185295,2021-04-16,2021,4,0.64207184,1.4808322,0.7917027
Algeria,DZA,-0.36462635,2021-04-16,2021,4,-0.30939978,-1.0413147,-0.94788086
Angola,AGO,0.11535347,2021-04-16,2021,4,0.12048392,0.091846116,0.103818476
Antarctica,ATA,,2021-04-16,2021,4,,,
Argentina,ARG,-0.15184456,2021-04-16,2021,4,0.04492307,-0.27602565,-0.4748491
Armenia,ARM,-1.3404847,2021-04-16,2021,4,0.38696256,-0.57605815,-0.10164698
Australia,AUS,0.26812863,2021-04-16,2021,4,0.43952966,0.35378864,-0.041306883
Austria,AUT,-1.2135912,2021-04-16,2021,4,-0.4677005,0.09052514,-0.49816552
Azerbaijan,AZE,-0.9587671,2021-04-16,2021,4,0.37870786,0.21862546,0.85964835
Bangladesh,BGD,-1.4683948,2021-04-16,2021,4,-1.2092761,-0.8195998,-0.24906494
Belarus,BLR,-0.3571145,2021-04-16,2021,4,1.050929,1.1143459,0.5613734
Belgium,BEL,-0.8858504,2021-04-16,2021,4,0.49890977,1.1321279,0.35587087
Belize,BLZ,0.24741913,2021-04-16,2021,4,0.61917996,0.035473544,0.3064333
Benin,BEN,-1.6504765,2021-04-16,2021,4,-1.0827942,-2.2974617,-2.5046182
Bhutan,BTN,-0.4913364,2021-04-16,2021,4,0.47915107,-0.8480333,-0.9478894
Bolivia,BOL,-0.07613663,2021-04-16,2021,4,-0.062292676,-0.51873827,-0.9220174
Bosnia and Herzegovina,BIH,-0.7806082,2021-04-16,2021,4,-0.16718498,1.0268551,0.19031301
Botswana,BWA,-0.26230055,2021-04-16,2021,4,0.07938152,0.21129939,0.24423599
Brazil,BRA,0.017980557,2021-04-16,2021,4,0.019569535,-0.20560443,-0.38109425
Brunei,BRN,-0.5590159,2021-04-16,2021,4,0.9002422,1.0087795,1.2945039
Bulgaria,BGR,0.3588455,2021-04-16,2021,4,1.3936651,1.4643759,0.8861971
Burkina Faso,BFA,-2.2568662,2021-04-16,2021,4,-1.9031808,-2.6854796,-2.8514454
Burundi,BDI,-0.72405493,2021-04-16,2021,4,1.8075699,1.7266691,1.9483984
Cabo Verde,CPV,-1.2255065,2021-04-16,2021,4,-1.2703568,-1.5624427,-1.2828153
Cambodia,KHM,1.5597668,2021-04-16,2021,4,-0.0533186,-0.036359612,-0.40606073
Cameroon,CMR,0.38039643,2021-04-16,2021,4,0.37742215,-0.38949513,-0.3766574
Canada,CAN,-0.23428228,2021-04-16,2021,4,-0.17383116,0.057286978,0.02296517
Cayman Islands,CYM,,2021-04-16,2021,4,,,
Central African Republic,CAF,-0.088898465,2021-04-16,2021,4,0.30963647,-0.3475807,-0.23220925
Chad,TCD,-0.60840887,2021-04-16,2021,4,-0.8368711,-0.8544251,-0.7193414
Chile,CHL,-0.9054669,2021-04-16,2021,4,-0.58898604,-0.5673199,-0.6592365
China,CHN,-0.31658155,2021-04-16,2021,4,-0.65568596,-0.73916477,-0.32392675
Colombia,COL,0.6536344,2021-04-16,2021,4,0.58441806,0.25933516,0.43711928
Comoros,COM,0.60741615,2021-04-16,2021,4,-0.980291,-0.2711447,-0.83620954
Costa Rica,CRI,0.7441618,2021-04-16,2021,4,0.22878736,0.285438,-0.44840634
Croatia,HRV,-1.046122,2021-04-16,2021,4,-0.53066427,0.74281263,0.011686401
Cuba,CUB,-1.270293,2021-04-16,2021,4,-0.9348137,-0.369101,1.1423864
Cyprus,CYP,-1.1570032,2021-04-16,2021,4,-0.70106494,-0.8366674,-0.08928098
Czechia,CZE,-0.736663,2021-04-16,2021,4,-0.092668235,0.039599225,-0.9554871
Democratic Republic of the Congo,COD,-0.095417514,2021-04-16,2021,4,0.15514857,0.23197134,0.38415575
Denmark,DNK,-0.8929306,2021-04-16,2021,4,0.2641252,0.015272057,-0.7271197
Djibouti,DJI,-0.9630894,2021-04-16,2021,4,-2.0528839,0.06556133,0.027576039
Dominican Republic,DOM,-0.8176286,2021-04-16,2021,4,-0.39465916,-0.37569723,0.36040518
East Timor,TLS,-1.9829574,2021-04-16,2021,4,-2.1558745,-2.1631832,-1.5327511
Ecuador,ECU,0.15158805,2021-04-16,2021,4,0.17930946,-0.47140744,-0.18879646
Egypt,EGY,-1.1586525,2021-04-16,2021,4,-1.5527487,-2.055619,-1.5239332
El Salvador,SLV,-0.32285407,2021-04-16,2021,4,-0.77502745,-0.9912156,0.33465257
Equatorial Guinea,GNQ,0.041187473,2021-04-16,2021,4,-0.34563693,-0.39075345,-0.21967427
Eritrea,ERI,0.0796091,2021-04-16,2021,4,-0.7732709,-0.646643,-0.48624784
Estonia,EST,-0.32555503,2021-04-16,2021,4,0.9163062,0.6480278,0.550007
Ethiopia,ETH,0.60555774,2021-04-16,2021,4,-0.11584623,-0.28966784,-0.18336649
Falkland Islands,FLK,-1.331414,2021-04-16,2021,4,-0.90356743,-0.6193855,-1.2039092
Faroe Islands,FRO,-0.21815912,2021-04-16,2021,4,-0.3307539,-0.4991744,-0.37580627
Fiji,FJI,-0.65822744,2021-04-16,2021,4,0.7609324,0.7657914,0.7411908
Finland,FIN,0.42189702,2021-04-16,2021,4,0.8100024,0.87807804,0.9039677
France,-99,-1.1863884,2021-04-16,2021,4,-1.390348,1.6618282,-0.019714722
French Polynesia,PYF,-1.6231403,2021-04-16,2021,4,-2.4044366,-1.8496326,-1.0784622
French Southern and Antarctic Lands,ATF,0.5642199,2021-04-16,2021,4,-0.09141065,0.6410368,-1.2144226
Gabon,GAB,-0.5669459,2021-04-16,2021,4,-0.2236114,0.13219711,0.44823328
Gambia,GMB,-0.9429444,2021-04-16,2021,4,-0.82472867,-1.981735,-3.0980306
Georgia,GEO,-0.26858923,2021-04-16,2021,4,0.33252394,-0.5860046,-0.3847737
Germany,DEU,-0.73452485,2021-04-16,2021,4,0.15822613,-0.009940863,-0.92142147
Ghana,GHA,-1.1915363,2021-04-16,2021,4,-1.0468109,-2.0090973,-1.9629033
Greece,GRC,-1.0363243,2021-04-16,2021,4,0.12009262,0.757465,0.18339714
Greenland,GRL,0.7196416,2021-04-16,2021,4,0.64748824,0.4923531,0.58823013
Guatemala,GTM,-0.40877104,2021-04-16,2021,4,-0.18977024,-0.9688638,1.0225255
Guinea,GIN,-1.1660748,2021-04-16,2021,4,-1.3722317,-2.2205827,-2.0449095
Guinea-Bissau,GNB,-1.0354501,2021-04-16,2021,4,-0.94704664,-2.1882997,-2.8098295
Guyana,GUY,1.3485675,2021-04-16,2021,4,0.8440434,0.2770056,1.2710787
Haiti,HTI,-0.72148037,2021-04-16,2021,4,-0.5885416,-1.0040101,2.3470786
Honduras,HND,-0.28485858,2021-04-16,2021,4,-0.02102288,0.026007678,0.2340532
Hungary,HUN,-0.52026665,2021-04-16,2021,4,-0.3503437,0.23230316,-0.6844737
Iceland,ISL,-0.39422783,2021-04-16,2021,4,-0.045298878,-0.19437917,0.057110917
India,IND,-0.35422087,2021-04-16,2021,4,-0.5192249,-0.5215933,0.013129956
Indonesia,IDN,-0.31792256,2021-04-16,2021,4,0.20813632,0.029369963,0.54886365
Iran,IRN,-1.8849062,2021-04-16,2021,4,-1.7327688,-1.3821303,-0.49364153
Iraq,IRQ,-1.8674968,2021-04-16,2021,4,-1.4839472,-1.371341,-0.06889519
Ireland,IRL,-0.44876012,2021-04-16,2021,4,0.9752592,1.3383996,1.0819787
Israel,ISR,-0.9660066,2021-04-16,2021,4,-1.0702138,-0.873573,0.09087704
Italy,ITA,-1.0894331,2021-04-16,2021,4,-0.62449455,0.19408748,-0.3132916
Ivory Coast,CIV,-0.69730747,2021-04-16,2021,4,-0.65902287,-1.301523,-1.4633893
Jamaica,JAM,-0.69237113,2021-04-16,2021,4,-0.3865838,-0.51630473,0.6293874
Japan,JPN,0.2826109,2021-04-16,2021,4,0.3328055,-0.59594584,-1.2658974
Jordan,JOR,-1.0258721,2021-04-16,2021,4,-1.020501,-0.87644947,0.18679863
Kazakhstan,KAZ,-0.35010403,2021-04-16,2021,4,0.91108984,0.10782659,-0.41035974
Kenya,KEN,0.87363595,2021-04-16,2021,4,1.3667839,0.5232236,0.3649253
Kiribati,KIR,,2021-04-16,2021,4,,,
Kosovo,-99,-0.49457934,2021-04-16,2021,4,-1.1863884,-1.390348,1.6618282
Kuwait,KWT,-2.2912173,2021-04-16,2021,4,-2.2425866,-0.986062,1.4933429
Kyrgyzstan,KGZ,-0.21239041,2021-04-16,2021,4,0.4932509,-0.90932107,-0.84762216
Laos,LAO,1.6919206,2021-04-16,2021,4,0.2412992,0.19881621,-0.87550515
Latvia,LVA,-0.88926893,2021-04-16,2021,4,0.4956433,0.10439606,0.1517915
Lebanon,LBN,-1.0531361,2021-04-16,2021,4,-0.6739807,-0.71104425,0.4479187
Lesotho,LSO,0.023259426,2021-04-16,2021,4,1.1990284,1.6461806,1.7607495
Liberia,LBR,-0.2806225,2021-04-16,2021,4,-0.46349517,-0.32458314,-0.36242428
Libya,LBY,-0.86752206,2021-04-16,2021,4,-1.0236642,-1.2678242,-0.9920088
Lithuania,LTU,-1.2342963,2021-04-16,2021,4,0.119020425,-0.17284079,-0.082236625
Luxembourg,LUX,-0.46203533,2021-04-16,2021,4,0.8055855,1.0709513,0.15344523
Madagascar,MDG,-0.51643443,2021-04-16,2021,4,-0.8974945,-1.3602132,-1.0412003
Malawi,MWI,-0.59861386,2021-04-16,2021,4,-0.623922,-0.78066623,-0.91656727
Malaysia,MYS,-0.35171345,2021-04-16,2021,4,0.7804108,0.36280406,1.0904874
Mali,MLI,-1.429592,2021-04-16,2021,4,-1.506197,-1.9508936,-2.1132815
Mauritania,MRT,-1.0934552,2021-04-16,2021,4,-1.1519523,-1.3293914,-1.5173858
Mauritius,MUS,0.22380908,2021-04-16,2021,4,-2.5356998,-2.4027236,-1.9966155
Mexico,MEX,-0.79172033,2021-04-16,2021,4,-0.5911925,-0.58739096,-0.87674034
Moldova,MDA,0.35892537,2021-04-16,2021,4,0.77870333,1.2676108,0.7909245
Mongolia,MNG,-1.2695999,2021-04-16,2021,4,-2.0666747,-1.3606633,-0.04989239
Montenegro,MNE,-0.6941492,2021-04-16,2021,4,0.32980517,1.4270822,0.5798272
Morocco,MAR,-0.9928068,2021-04-16,2021,4,-0.5682735,-0.5483109,-0.41221952
Mozambique,MOZ,0.34261116,2021-04-16,2021,4,0.19235042,0.13844223,-0.5988856
Myanmar,MMR,0.15852645,2021-04-16,2021,4,-0.14217183,-0.4764324,-0.47478506
Namibia,NAM,0.0044839997,2021-04-16,2021,4,0.32697296,0.31498122,0.383092
Nepal,NPL,-0.120850876,2021-04-16,2021,4,-0.4785878,-0.40672782,0.07873899
Netherlands,NLD,-0.74846226,2021-04-16,2021,4,0.40595534,0.8278514,-0.08709178
New Caledonia,NCL,0.6225368,2021-04-16,2021,4,1.1995968,1.7880807,1.6978936
New Zealand,NZL,0.18432124,2021-04-16,2021,4,0.31523126,-0.20814088,0.51987576
Nicaragua,NIC,-0.22668062,2021-04-16,2021,4,-0.014821859,0.1953559,0.47270507
Niger,NER,-0.8004732,2021-04-16,2021,4,-0.158372,-0.13117655,-0.10330708
Nigeria,NGA,-0.8195937,2021-04-16,2021,4,-0.30303115,-0.7065841,-0.99851346
North Korea,PRK,0.5659024,2021-04-16,2021,4,0.9623182,-0.8394007,0.12787497
North Macedonia,MKD,-0.23165436,2021-04-16,2021,4,1.1808547,1.6142961,0.903898
Northern Cyprus,-99,-1.0241691,2021-04-16,2021,4,-0.49457934,-1.1863884,-1.390348
Norway,-99,0.1665645,2021-04-16,2021,4,-1.0241691,-0.49457934,-1.1863884
Oman,OMN,-2.1218762,2021-04-16,2021,4,-2.4502997,-1.5567867,-0.8613824
Pakistan,PAK,-1.22444,2021-04-16,2021,4,-1.616787,-1.3768903,0.14181954
Palestine,PSE,-0.88344353,2021-04-16,2021,4,-0.87173104,-0.7843125,0.30877933
Panama,PAN,0.9807742,2021-04-16,2021,4,0.5968067,0.41514966,0.15455097
Papua New Guinea,PNG,0.32035163,2021-04-16,2021,4,0.4095006,0.26256517,0.040049788
Paraguay,PRY,-0.9820457,2021-04-16,2021,4,0.44010478,0.43592757,0.542724
Peru,PER,0.105289444,2021-04-16,2021,4,0.24130291,0.12807195,0.03236079
Philippines,PHL,0.27733037,2021-04-16,2021,4,0.82902926,0.8974829,1.0723004
Poland,POL,-0.38055065,2021-04-16,2021,4,0.20973064,0.14305337,-0.58634585
Portugal,PRT,0.25059396,2021-04-16,2021,4,0.08027806,0.22129953,-0.21141978
Puerto Rico,PRI,-0.086768515,2021-04-16,2021,4,-0.27328086,-0.3166461,-0.38684472
Qatar,QAT,-1.9542197,2021-04-16,2021,4,-1.5882797,-0.9191683,-0.22212897
Republic of Serbia,SRB,-0.2418966,2021-04-16,2021,4,0.30589435,0.7671612,-0.03821905
Republic of the Congo,COG,-0.34181684,2021-04-16,2021,4,0.20984855,0.6552242,1.1418301
Romania,ROU,0.35755292,2021-04-16,2021,4,0.6956194,0.84748966,0.20075503
Russia,RUS,0.39513162,2021-04-16,2021,4,0.6093576,0.3866194,0.27258915
Rwanda,RWA,-0.3287174,2021-04-16,2021,4,1.7665704,1.5214,1.7035109
Saint Vincent and the Grenadines,VCT,1.5252427,2021-04-16,2021,4,1.3597183,-0.64172864,-0.41141066
Samoa,WSM,-0.26598153,2021-04-16,2021,4,0.6455724,0.6334385,0.75315344
Saudi Arabia,SAU,-1.5683558,2021-04-16,2021,4,-1.4541131,-0.73183787,-0.31592697
Senegal,SEN,-1.0136068,2021-04-16,2021,4,-0.85815936,-1.9530091,-3.176891
Siachen Glacier,-99,1.3811685,2021-04-16,2021,4,0.1665645,-1.0241691,-0.49457934
Sierra Leone,SLE,-0.52112633,2021-04-16,2021,4,-0.9692366,-1.0943714,-0.45312452
Slovakia,SVK,-0.3992014,2021-04-16,2021,4,-0.04551526,0.59698,-0.47431982
Slovenia,SVN,-1.36852,2021-04-16,2021,4,-0.89804184,0.24886242,-0.47651297
Solomon Islands,SLB,-0.00087223406,2021-04-16,2021,4,0.03714139,0.038447328,0.07206629
Somalia,SOM,0.47283104,2021-04-16,2021,4,-0.32917845,-0.5380387,-0.29411626
Somaliland,-99,-0.047199316,2021-04-16,2021,4,1.3811685,0.1665645,-1.0241691
South Africa,ZAF,-0.6916221,2021-04-16,2021,4,0.44276124,0.7114935,0.8520898
South Georgia and the Islands,SGS,-2.412191,2021-04-16,2021,4,-2.221387,-2.7540572,-2.3985748
South Korea,KOR,0.20724757,2021-04-16,2021,4,0.47208944,-1.4246347,-0.9898798
South Sudan,SSD,-0.22433588,2021-04-16,2021,4,-0.50541,-0.7002149,-0.48390153
Spain,ESP,-0.42332208,2021-04-16,2021,4,-0.27630132,0.16981882,0.16085568
Sri Lanka,LKA,-0.61207443,2021-04-16,2021,4,0.3534506,0.69358015,0.36806363
Sudan,SDN,-0.45099697,2021-04-16,2021,4,-1.0618252,-1.2339082,-1.2077862
Suriname,SUR,0.72061366,2021-04-16,2021,4,0.46929753,0.74006975,1.6997395
Sweden,SWE,0.0015553047,2021-04-16,2021,4,0.22632508,0.21699381,0.1607256
Switzerland,CHE,-1.3581886,2021-04-16,2021,4,0.3419284,0.6109532,-0.00806727
Syria,SYR,-1.4923416,2021-04-16,2021,4,-0.9254515,-1.2448739,-0.18115857
Taiwan,TWN,-0.7541603,2021-04-16,2021,4,-0.73841405,-0.65539545,-0.9902381
Tajikistan,TJK,-0.57164675,2021-04-16,2021,4,-0.80083257,-1.3162181,-0.40446275
Thailand,THA,1.5157382,2021-04-16,2021,4,-0.05520821,0.09397725,-0.60144955
The Bahamas,BHS,-1.2818228,2021-04-16,2021,4,-1.0862316,-0.8982428,1.7756048
Togo,TGO,-1.1407094,2021-04-16,2021,4,-0.9257747,-2.2125406,-2.1601849
Trinidad and Tobago,TTO,1.8865398,2021-04-16,2021,4,1.6162493,-0.75412416,-1.3400003
Tunisia,TUN,-1.1341753,2021-04-16,2021,4,-1.4880396,-1.3833303,-0.790533
Turkey,TUR,-0.77452576,2021-04-16,2021,4,0.1855086,-0.9957133,-0.68123674
Turkmenistan,TKM,-1.630419,2021-04-16,2021,4,-1.1040503,-1.4055322,-0.5125414
Uganda,UGA,0.009893288,2021-04-16,2021,4,0.90400225,0.8393457,0.6901658
Ukraine,UKR,0.6733006,2021-04-16,2021,4,1.2295029,1.0657562,0.18166193
United Arab Emirates,ARE,-1.9230484,2021-04-16,2021,4,-1.5891435,-0.46834216,0.3349009
United Kingdom,GBR,-0.95694095,2021-04-16,2021,4,0.60743874,1.3016217,0.90412647
United Republic of Tanzania,TZA,0.07126802,2021-04-16,2021,4,0.67717254,0.76145864,0.7094476
United States Virgin Islands,VIR,-0.63647765,2021-04-16,2021,4,-0.6874707,-0.6516832,-0.73051023
United States of America,USA,0.010004205,2021-04-16,2021,4,0.05388929,-0.10483165,-0.28175738
Uruguay,URY,0.13953525,2021-04-16,2021,4,0.6126531,0.33851463,-0.6268102
Uzbekistan,UZB,-1.3318434,2021-04-16,2021,4,-0.89490354,-1.6021339,-1.140482
Vanuatu,VUT,0.048444297,2021-04-16,2021,4,0.1215323,0.10704603,-0.003963031
Venezuela,VEN,0.45724183,2021-04-16,2021,4,0.26826832,-0.25419235,0.068719655
Vietnam,VNM,0.69119996,2021-04-16,2021,4,-0.25013536,-0.05086437,-0.4578572
Western Sahara,ESH,-1.026725,2021-04-16,2021,4,-0.8606694,-0.64264023,-0.44068298
Yemen,YEM,-0.58804125,2021-04-16,2021,4,-1.4989582,-1.0712134,-1.1518269
Zambia,ZMB,0.05657928,2021-04-16,2021,4,-0.0374255,0.059306275,0.04671161
Zimbabwe,ZWE,-0.17595828,2021-04-16,2021,4,-0.26386794,-0.0013758967,-0.1797914
eSwatini,SWZ,0.8364401,2021-04-16,2021,4,1.0990403,1.2755642,0.24818948
Afghanistan,AFG,-1.214041,2021-05-16,2021,5,-1.6156082,-1.7137523,-1.702443
Aland,ALA,0.56836456,2021-05-16,2021,5,-0.44966838,0.55543524,0.53022295
Albania,ALB,-0.8523145,2021-05-16,2021,5,-0.73185295,0.64207184,1.4808322
Algeria,DZA,-0.1556753,2021-05-16,2021,5,-0.36462635,-0.30939978,-1.0413147
Angola,AGO,0.10444163,2021-05-16,2021,5,0.11535347,0.12048392,0.091846116
Antarctica,ATA,,2021-05-16,2021,5,,,
Argentina,ARG,-0.000781576,2021-05-16,2021,5,-0.15184456,0.04492307,-0.27602565
Armenia,ARM,-2.13043,2021-05-16,2021,5,-1.3404847,0.38696256,-0.57605815
Australia,AUS,0.08594741,2021-05-16,2021,5,0.26812863,0.43952966,0.35378864
Austria,AUT,0.048290975,2021-05-16,2021,5,-1.2135912,-0.4677005,0.09052514
Azerbaijan,AZE,-1.2640028,2021-05-16,2021,5,-0.9587671,0.37870786,0.21862546
Bangladesh,BGD,-1.0378836,2021-05-16,2021,5,-1.4683948,-1.2092761,-0.8195998
Belarus,BLR,0.68431556,2021-05-16,2021,5,-0.3571145,1.050929,1.1143459
Belgium,BEL,-0.08531949,2021-05-16,2021,5,-0.8858504,0.49890977,1.1321279
Belize,BLZ,0.040670615,2021-05-16,2021,5,0.24741913,0.61917996,0.035473544
Benin,BEN,-1.7613637,2021-05-16,2021,5,-1.6504765,-1.0827942,-2.2974617
Bhutan,BTN,0.369554,2021-05-16,2021,5,-0.4913364,0.47915107,-0.8480333
Bolivia,BOL,0.15787868,2021-05-16,2021,5,-0.07613663,-0.062292676,-0.51873827
Bosnia and Herzegovina,BIH,-0.34078005,2021-05-16,2021,5,-0.7806082,-0.16718498,1.0268551
Botswana,BWA,-0.55505896,2021-05-16,2021,5,-0.26230055,0.07938152,0.21129939
Brazil,BRA,-0.35498872,2021-05-16,2021,5,0.017980557,0.019569535,-0.20560443
Brunei,BRN,-0.27457058,2021-05-16,2021,5,-0.5590159,0.9002422,1.0087795
Bulgaria,BGR,0.55108166,2021-05-16,2021,5,0.3588455,1.3936651,1.4643759
Burkina Faso,BFA,-0.9927867,2021-05-16,2021,5,-2.2568662,-1.9031808,-2.6854796
Burundi,BDI,-0.2787297,2021-05-16,2021,5,-0.72405493,1.8075699,1.7266691
Cabo Verde,CPV,-0.6927825,2021-05-16,2021,5,-1.2255065,-1.2703568,-1.5624427
Cambodia,KHM,0.4121787,2021-05-16,2021,5,1.5597668,-0.0533186,-0.036359612
Cameroon,CMR,0.5141901,2021-05-16,2021,5,0.38039643,0.37742215,-0.38949513
Canada,CAN,-0.14565496,2021-05-16,2021,5,-0.23428228,-0.17383116,0.057286978
Cayman Islands,CYM,,2021-05-16,2021,5,,,
Central African Republic,CAF,-0.111808054,2021-05-16,2021,5,-0.088898465,0.30963647,-0.3475807
Chad,TCD,-1.1585717,2021-05-16,2021,5,-0.60840887,-0.8368711,-0.8544251
Chile,CHL,-0.8047842,2021-05-16,2021,5,-0.9054669,-0.58898604,-0.5673199
China,CHN,-0.06436716,2021-05-16,2021,5,-0.31658155,-0.65568596,-0.73916477
Colombia,COL,0.4627663,2021-05-16,2021,5,0.6536344,0.58441806,0.25933516
Comoros,COM,-0.5934852,2021-05-16,2021,5,0.60741615,-0.980291,-0.2711447
Costa Rica,CRI,0.87753594,2021-05-16,2021,5,0.7441618,0.22878736,0.285438
Croatia,HRV,-0.23522308,2021-05-16,2021,5,-1.046122,-0.53066427,0.74281263
Cuba,CUB,-1.1116662,2021-05-16,2021,5,-1.270293,-0.9348137,-0.369101
Cyprus,CYP,-1.2311455,2021-05-16,2021,5,-1.1570032,-0.70106494,-0.8366674
Czechia,CZE,0.072958805,2021-05-16,2021,5,-0.736663,-0.092668235,0.039599225
Democratic Republic of the Congo,COD,-0.03304759,2021-05-16,2021,5,-0.095417514,0.15514857,0.23197134
Denmark,DNK,0.555816,2021-05-16,2021,5,-0.8929306,0.2641252,0.015272057
Djibouti,DJI,-0.73549634,2021-05-16,2021,5,-0.9630894,-2.0528839,0.06556133
Dominican Republic,DOM,-0.6154893,2021-05-16,2021,5,-0.8176286,-0.39465916,-0.37569723
East Timor,TLS,-1.7151874,2021-05-16,2021,5,-1.9829574,-2.1558745,-2.1631832
Ecuador,ECU,0.24205668,2021-05-16,2021,5,0.15158805,0.17930946,-0.47140744
Egypt,EGY,-1.4413097,2021-05-16,2021,5,-1.1586525,-1.5527487,-2.055619
El Salvador,SLV,-0.04374651,2021-05-16,2021,5,-0.32285407,-0.77502745,-0.9912156
Equatorial Guinea,GNQ,0.8837955,2021-05-16,2021,5,0.041187473,-0.34563693,-0.39075345
Eritrea,ERI,0.08506587,2021-05-16,2021,5,0.0796091,-0.7732709,-0.646643
Estonia,EST,1.1790817,2021-05-16,2021,5,-0.32555503,0.9163062,0.6480278
Ethiopia,ETH,0.43708503,2021-05-16,2021,5,0.60555774,-0.11584623,-0.28966784
Falkland Islands,FLK,-1.0355662,2021-05-16,2021,5,-1.331414,-0.90356743,-0.6193855
Faroe Islands,FRO,-0.024793528,2021-05-16,2021,5,-0.21815912,-0.3307539,-0.4991744
Fiji,FJI,-0.6368366,2021-05-16,2021,5,-0.65822744,0.7609324,0.7657914
Finland,FIN,1.0972857,2021-05-16,2021,5,0.42189702,0.8100024,0.87807804
France,-99,-0.4724856,2021-05-16,2021,5,-0.047199316,1.3811685,0.1665645
French Polynesia,PYF,-2.3734403,2021-05-16,2021,5,-1.6231403,-2.4044366,-1.8496326
French Southern and Antarctic Lands,ATF,-0.47672743,2021-05-16,2021,5,0.5642199,-0.09141065,0.6410368
Gabon,GAB,-0.1681304,2021-05-16,2021,5,-0.5669459,-0.2236114,0.13219711
Gambia,GMB,-1.0450767,2021-05-16,2021,5,-0.9429444,-0.82472867,-1.981735
Georgia,GEO,-1.1339034,2021-05-16,2021,5,-0.26858923,0.33252394,-0.5860046
Germany,DEU,0.21125184,2021-05-16,2021,5,-0.73452485,0.15822613,-0.009940863
Ghana,GHA,-1.048977,2021-05-16,2021,5,-1.1915363,-1.0468109,-2.0090973
Greece,GRC,-1.272392,2021-05-16,2021,5,-1.0363243,0.12009262,0.757465
Greenland,GRL,0.31050515,2021-05-16,2021,5,0.7196416,0.64748824,0.4923531
Guatemala,GTM,0.6900345,2021-05-16,2021,5,-0.40877104,-0.18977024,-0.9688638
Guinea,GIN,-0.52036476,2021-05-16,2021,5,-1.1660748,-1.3722317,-2.2205827
Guinea-Bissau,GNB,-1.3540847,2021-05-16,2021,5,-1.0354501,-0.94704664,-2.1882997
Guyana,GUY,1.6990014,2021-05-16,2021,5,1.3485675,0.8440434,0.2770056
Haiti,HTI,-0.78971124,2021-05-16,2021,5,-0.72148037,-0.5885416,-1.0040101
Honduras,HND,-0.076927505,2021-05-16,2021,5,-0.28485858,-0.02102288,0.026007678
Hungary,HUN,-0.13750806,2021-05-16,2021,5,-0.52026665,-0.3503437,0.23230316
Iceland,ISL,-0.14526287,2021-05-16,2021,5,-0.39422783,-0.045298878,-0.19437917
India,IND,0.71101046,2021-05-16,2021,5,-0.35422087,-0.5192249,-0.5215933
Indonesia,IDN,0.095937364,2021-05-16,2021,5,-0.31792256,0.20813632,0.029369963
Iran,IRN,-1.8508992,2021-05-16,2021,5,-1.8849062,-1.7327688,-1.3821303
Iraq,IRQ,-2.1318965,2021-05-16,2021,5,-1.8674968,-1.4839472,-1.371341
Ireland,IRL,0.011349365,2021-05-16,2021,5,-0.44876012,0.9752592,1.3383996
Israel,ISR,-1.4093912,2021-05-16,2021,5,-0.9660066,-1.0702138,-0.873573
Italy,ITA,-0.47442538,2021-05-16,2021,5,-1.0894331,-0.62449455,0.19408748
Ivory Coast,CIV,-0.44500586,2021-05-16,2021,5,-0.69730747,-0.65902287,-1.301523
Jamaica,JAM,-1.2956895,2021-05-16,2021,5,-0.69237113,-0.3865838,-0.51630473
Japan,JPN,0.9390918,2021-05-16,2021,5,0.2826109,0.3328055,-0.59594584
Jordan,JOR,-1.3235619,2021-05-16,2021,5,-1.0258721,-1.020501,-0.87644947
Kazakhstan,KAZ,-1.5976187,2021-05-16,2021,5,-0.35010403,0.91108984,0.10782659
Kenya,KEN,0.66372657,2021-05-16,2021,5,0.87363595,1.3667839,0.5232236
Kiribati,KIR,,2021-05-16,2021,5,,,
Kosovo,-99,-0.40565014,2021-05-16,2021,5,-0.4724856,-0.047199316,1.3811685
Kuwait,KWT,-2.5526543,2021-05-16,2021,5,-2.2912173,-2.2425866,-0.986062
Kyrgyzstan,KGZ,-0.83603346,2021-05-16,2021,5,-0.21239041,0.4932509,-0.90932107
Laos,LAO,-0.29527894,2021-05-16,2021,5,1.6919206,0.2412992,0.19881621
Latvia,LVA,0.99574596,2021-05-16,2021,5,-0.88926893,0.4956433,0.10439606
Lebanon,LBN,-1.4729296,2021-05-16,2021,5,-1.0531361,-0.6739807,-0.71104425
Lesotho,LSO,-0.3663459,2021-05-16,2021,5,0.023259426,1.1990284,1.6461806
Liberia,LBR,-0.28301394,2021-05-16,2021,5,-0.2806225,-0.46349517,-0.32458314
Libya,LBY,-1.1260221,2021-05-16,2021,5,-0.86752206,-1.0236642,-1.2678242
Lithuania,LTU,0.8301493,2021-05-16,2021,5,-1.2342963,0.119020425,-0.17284079
Luxembourg,LUX,0.031717334,2021-05-16,2021,5,-0.46203533,0.8055855,1.0709513
Madagascar,MDG,-0.31522733,2021-05-16,2021,5,-0.51643443,-0.8974945,-1.3602132
Malawi,MWI,-0.3502988,2021-05-16,2021,5,-0.59861386,-0.623922,-0.78066623
Malaysia,MYS,0.6687797,2021-05-16,2021,5,-0.35171345,0.7804108,0.36280406
Mali,MLI,-0.9287824,2021-05-16,2021,5,-1.429592,-1.506197,-1.9508936
Mauritania,MRT,-0.97667944,2021-05-16,2021,5,-1.0934552,-1.1519523,-1.3293914
Mauritius,MUS,0.763372,2021-05-16,2021,5,0.22380908,-2.5356998,-2.4027236
Mexico,MEX,-0.42578465,2021-05-16,2021,5,-0.79172033,-0.5911925,-0.58739096
Moldova,MDA,0.8780396,2021-05-16,2021,5,0.35892537,0.77870333,1.2676108
Mongolia,MNG,-0.44973972,2021-05-16,2021,5,-1.2695999,-2.0666747,-1.3606633
Montenegro,MNE,-0.41087678,2021-05-16,2021,5,-0.6941492,0.32980517,1.4270822
Morocco,MAR,-0.9136807,2021-05-16,2021,5,-0.9928068,-0.5682735,-0.5483109
Mozambique,MOZ,-0.28323448,2021-05-16,2021,5,0.34261116,0.19235042,0.13844223
Myanmar,MMR,-1.5035462,2021-05-16,2021,5,0.15852645,-0.14217183,-0.4764324
Namibia,NAM,0.022211872,2021-05-16,2021,5,0.0044839997,0.32697296,0.31498122
Nepal,NPL,0.92895806,2021-05-16,2021,5,-0.120850876,-0.4785878,-0.40672782
Netherlands,NLD,0.45848405,2021-05-16,2021,5,-0.74846226,0.40595534,0.8278514
New Caledonia,NCL,0.49360678,2021-05-16,2021,5,0.6225368,1.1995968,1.7880807
New Zealand,NZL,0.35783994,2021-05-16,2021,5,0.18432124,0.31523126,-0.20814088
Nicaragua,NIC,0.04767251,2021-05-16,2021,5,-0.22668062,-0.014821859,0.1953559
Niger,NER,-1.7166284,2021-05-16,2021,5,-0.8004732,-0.158372,-0.13117655
Nigeria,NGA,-1.268883,2021-05-16,2021,5,-0.8195937,-0.30303115,-0.7065841
North Korea,PRK,0.94027275,2021-05-16,2021,5,0.5659024,0.9623182,-0.8394007
North Macedonia,MKD,-0.5954621,2021-05-16,2021,5,-0.23165436,1.1808547,1.6142961
Northern Cyprus,-99,-0.9841907,2021-05-16,2021,5,-0.40565014,-0.4724856,-0.047199316
Norway,-99,0.4890063,2021-05-16,2021,5,-0.9841907,-0.40565014,-0.4724856
Oman,OMN,-2.1325598,2021-05-16,2021,5,-2.1218762,-2.4502997,-1.5567867
Pakistan,PAK,-0.48343664,2021-05-16,2021,5,-1.22444,-1.616787,-1.3768903
Palestine,PSE,-1.2575144,2021-05-16,2021,5,-0.88344353,-0.87173104,-0.7843125
Panama,PAN,0.9587119,2021-05-16,2021,5,0.9807742,0.5968067,0.41514966
Papua New Guinea,PNG,0.26298642,2021-05-16,2021,5,0.32035163,0.4095006,0.26256517
Paraguay,PRY,-0.9089776,2021-05-16,2021,5,-0.9820457,0.44010478,0.43592757
Peru,PER,0.21357217,2021-05-16,2021,5,0.105289444,0.24130291,0.12807195
Philippines,PHL,0.39406955,2021-05-16,2021,5,0.27733037,0.82902926,0.8974829
Poland,POL,0.35242048,2021-05-16,2021,5,-0.38055065,0.20973064,0.14305337
Portugal,PRT,-0.8792997,2021-05-16,2021,5,0.25059396,0.08027806,0.22129953
Puerto Rico,PRI,-0.44795516,2021-05-16,2021,5,-0.086768515,-0.27328086,-0.3166461
Qatar,QAT,-2.291623,2021-05-16,2021,5,-1.9542197,-1.5882797,-0.9191683
Republic of Serbia,SRB,0.031055251,2021-05-16,2021,5,-0.2418966,0.30589435,0.7671612
Republic of the Congo,COG,-0.19303212,2021-05-16,2021,5,-0.34181684,0.20984855,0.6552242
Romania,ROU,0.6726447,2021-05-16,2021,5,0.35755292,0.6956194,0.84748966
Russia,RUS,-0.23226686,2021-05-16,2021,5,0.39513162,0.6093576,0.3866194
Rwanda,RWA,0.34907106,2021-05-16,2021,5,-0.3287174,1.7665704,1.5214
Saint Vincent and the Grenadines,VCT,0.8378476,2021-05-16,2021,5,1.5252427,1.3597183,-0.64172864
Samoa,WSM,-1.0030141,2021-05-16,2021,5,-0.26598153,0.6455724,0.6334385
Saudi Arabia,SAU,-1.8109535,2021-05-16,2021,5,-1.5683558,-1.4541131,-0.73183787
Senegal,SEN,-1.1618316,2021-05-16,2021,5,-1.0136068,-0.85815936,-1.9530091
Siachen Glacier,-99,0.8753536,2021-05-16,2021,5,0.4890063,-0.9841907,-0.40565014
Sierra Leone,SLE,-0.28067225,2021-05-16,2021,5,-0.52112633,-0.9692366,-1.0943714
Slovakia,SVK,-0.12942603,2021-05-16,2021,5,-0.3992014,-0.04551526,0.59698
Slovenia,SVN,0.2845219,2021-05-16,2021,5,-1.36852,-0.89804184,0.24886242
Solomon Islands,SLB,0.006883861,2021-05-16,2021,5,-0.00087223406,0.03714139,0.038447328
Somalia,SOM,0.23219946,2021-05-16,2021,5,0.47283104,-0.32917845,-0.5380387
Somaliland,-99,0.07096619,2021-05-16,2021,5,0.8753536,0.4890063,-0.9841907
South Africa,ZAF,-1.0528301,2021-05-16,2021,5,-0.6916221,0.44276124,0.7114935
South Georgia and the Islands,SGS,-2.194632,2021-05-16,2021,5,-2.412191,-2.221387,-2.7540572
South Korea,KOR,1.0124335,2021-05-16,2021,5,0.20724757,0.47208944,-1.4246347
South Sudan,SSD,-0.08021007,2021-05-16,2021,5,-0.22433588,-0.50541,-0.7002149
Spain,ESP,-1.0875205,2021-05-16,2021,5,-0.42332208,-0.27630132,0.16981882
Sri Lanka,LKA,0.34719065,2021-05-16,2021,5,-0.61207443,0.3534506,0.69358015
Sudan,SDN,-0.6409295,2021-05-16,2021,5,-0.45099697,-1.0618252,-1.2339082
Suriname,SUR,1.2089667,2021-05-16,2021,5,0.72061366,0.46929753,0.74006975
Sweden,SWE,0.3688598,2021-05-16,2021,5,0.0015553047,0.22632508,0.21699381
Switzerland,CHE,0.010439708,2021-05-16,2021,5,-1.3581886,0.3419284,0.6109532
Syria,SYR,-1.7654973,2021-05-16,2021,5,-1.4923416,-0.9254515,-1.2448739
Taiwan,TWN,-0.7382149,2021-05-16,2021,5,-0.7541603,-0.73841405,-0.65539545
Tajikistan,TJK,-0.32456478,2021-05-16,2021,5,-0.57164675,-0.80083257,-1.3162181
Thailand,THA,0.21768422,2021-05-16,2021,5,1.5157382,-0.05520821,0.09397725
The Bahamas,BHS,-1.3803934,2021-05-16,2021,5,-1.2818228,-1.0862316,-0.8982428
Togo,TGO,-1.3273836,2021-05-16,2021,5,-1.1407094,-0.9257747,-2.2125406
Trinidad and Tobago,TTO,2.0454235,2021-05-16,2021,5,1.8865398,1.6162493,-0.75412416
Tunisia,TUN,-0.9250408,2021-05-16,2021,5,-1.1341753,-1.4880396,-1.3833303
Turkey,TUR,-1.1722727,2021-05-16,2021,5,-0.77452576,0.1855086,-0.9957133
Turkmenistan,TKM,-1.7113528,2021-05-16,2021,5,-1.630419,-1.1040503,-1.4055322
Uganda,UGA,0.43365803,2021-05-16,2021,5,0.009893288,0.90400225,0.8393457
Ukraine,UKR,0.68034005,2021-05-16,2021,5,0.6733006,1.2295029,1.0657562
United Arab Emirates,ARE,-2.063461,2021-05-16,2021,5,-1.9230484,-1.5891435,-0.46834216
United Kingdom,GBR,-0.046047658,2021-05-16,2021,5,-0.95694095,0.60743874,1.3016217
United Republic of Tanzania,TZA,-0.37138343,2021-05-16,2021,5,0.07126802,0.67717254,0.76145864
United States Virgin Islands,VIR,-1.1876584,2021-05-16,2021,5,-0.63647765,-0.6874707,-0.6516832
United States of America,USA,-0.14907336,2021-05-16,2021,5,0.010004205,0.05388929,-0.10483165
Uruguay,URY,-0.27580562,2021-05-16,2021,5,0.13953525,0.6126531,0.33851463
Uzbekistan,UZB,-1.5821242,2021-05-16,2021,5,-1.3318434,-0.89490354,-1.6021339
Vanuatu,VUT,0.056465372,2021-05-16,2021,5,0.048444297,0.1215323,0.10704603
Venezuela,VEN,0.2555532,2021-05-16,2021,5,0.45724183,0.26826832,-0.25419235
Vietnam,VNM,-0.17003661,2021-05-16,2021,5,0.69119996,-0.25013536,-0.05086437
Western Sahara,ESH,-0.9607815,2021-05-16,2021,5,-1.026725,-0.8606694,-0.64264023
Yemen,YEM,-0.52699685,2021-05-16,2021,5,-0.58804125,-1.4989582,-1.0712134
Zambia,ZMB,0.095656164,2021-05-16,2021,5,0.05657928,-0.0374255,0.059306275
Zimbabwe,ZWE,-0.41583067,2021-05-16,2021,5,-0.17595828,-0.26386794,-0.0013758967
eSwatini,SWZ,-1.1535162,2021-05-16,2021,5,0.8364401,1.0990403,1.2755642
Afghanistan,AFG,-1.6761936,2021-06-16,2021,6,-1.214041,-1.6156082,-1.7137523
Aland,ALA,-0.1936673,2021-06-16,2021,6,0.56836456,-0.44966838,0.55543524
Albania,ALB,-1.3612174,2021-06-16,2021,6,-0.8523145,-0.73185295,0.64207184
Algeria,DZA,-0.8935759,2021-06-16,2021,6,-0.1556753,-0.36462635,-0.30939978
Angola,AGO,0.06647789,2021-06-16,2021,6,0.10444163,0.11535347,0.12048392
Antarctica,ATA,,2021-06-16,2021,6,,,
Argentina,ARG,-0.25485313,2021-06-16,2021,6,-0.000781576,-0.15184456,0.04492307
Armenia,ARM,-2.873511,2021-06-16,2021,6,-2.13043,-1.3404847,0.38696256
Australia,AUS,-0.30639392,2021-06-16,2021,6,0.08594741,0.26812863,0.43952966
Austria,AUT,-0.65107286,2021-06-16,2021,6,0.048290975,-1.2135912,-0.4677005
Azerbaijan,AZE,-2.3206742,2021-06-16,2021,6,-1.2640028,-0.9587671,0.37870786
Bangladesh,BGD,-0.5657984,2021-06-16,2021,6,-1.0378836,-1.4683948,-1.2092761
Belarus,BLR,-0.20617959,2021-06-16,2021,6,0.68431556,-0.3571145,1.050929
Belgium,BEL,0.7153035,2021-06-16,2021,6,-0.08531949,-0.8858504,0.49890977
Belize,BLZ,-0.051404674,2021-06-16,2021,6,0.040670615,0.24741913,0.61917996
Benin,BEN,-1.6768038,2021-06-16,2021,6,-1.7613637,-1.6504765,-1.0827942
Bhutan,BTN,-0.8749533,2021-06-16,2021,6,0.369554,-0.4913364,0.47915107
Bolivia,BOL,-0.18555674,2021-06-16,2021,6,0.15787868,-0.07613663,-0.062292676
Bosnia and Herzegovina,BIH,-1.2258738,2021-06-16,2021,6,-0.34078005,-0.7806082,-0.16718498
Botswana,BWA,-0.6661526,2021-06-16,2021,6,-0.55505896,-0.26230055,0.07938152
Brazil,BRA,-0.47425956,2021-06-16,2021,6,-0.35498872,0.017980557,0.019569535
Brunei,BRN,-0.49786875,2021-06-16,2021,6,-0.27457058,-0.5590159,0.9002422
Bulgaria,BGR,1.1010451,2021-06-16,2021,6,0.55108166,0.3588455,1.3936651
Burkina Faso,BFA,-0.5449965,2021-06-16,2021,6,-0.9927867,-2.2568662,-1.9031808
Burundi,BDI,-0.5039576,2021-06-16,2021,6,-0.2787297,-0.72405493,1.8075699
Cabo Verde,CPV,-0.8225929,2021-06-16,2021,6,-0.6927825,-1.2255065,-1.2703568
Cambodia,KHM,0.180712,2021-06-16,2021,6,0.4121787,1.5597668,-0.0533186
Cameroon,CMR,-0.06998311,2021-06-16,2021,6,0.5141901,0.38039643,0.37742215
Canada,CAN,-0.2851249,2021-06-16,2021,6,-0.14565496,-0.23428228,-0.17383116
Cayman Islands,CYM,,2021-06-16,2021,6,,,
Central African Republic,CAF,-0.27314627,2021-06-16,2021,6,-0.111808054,-0.088898465,0.30963647
Chad,TCD,-0.7591872,2021-06-16,2021,6,-1.1585717,-0.60840887,-0.8368711
Chile,CHL,-0.82727027,2021-06-16,2021,6,-0.8047842,-0.9054669,-0.58898604
China,CHN,0.04044025,2021-06-16,2021,6,-0.06436716,-0.31658155,-0.65568596
Colombia,COL,0.35552296,2021-06-16,2021,6,0.4627663,0.6536344,0.58441806
Comoros,COM,0.73708767,2021-06-16,2021,6,-0.5934852,0.60741615,-0.980291
Costa Rica,CRI,0.0757204,2021-06-16,2021,6,0.87753594,0.7441618,0.22878736
Croatia,HRV,-1.101122,2021-06-16,2021,6,-0.23522308,-1.046122,-0.53066427
Cuba,CUB,-0.57524395,2021-06-16,2021,6,-1.1116662,-1.270293,-0.9348137
Cyprus,CYP,-1.4373934,2021-06-16,2021,6,-1.2311455,-1.1570032,-0.70106494
Czechia,CZE,-0.57503146,2021-06-16,2021,6,0.072958805,-0.736663,-0.092668235
Democratic Republic of the Congo,COD,0.02021598,2021-06-16,2021,6,-0.03304759,-0.095417514,0.15514857
Denmark,DNK,-0.46394497,2021-06-16,2021,6,0.555816,-0.8929306,0.2641252
Djibouti,DJI,-0.13046835,2021-06-16,2021,6,-0.73549634,-0.9630894,-2.0528839
Dominican Republic,DOM,-0.73953027,2021-06-16,2021,6,-0.6154893,-0.8176286,-0.39465916
East Timor,TLS,-0.9565363,2021-06-16,2021,6,-1.7151874,-1.9829574,-2.1558745
Ecuador,ECU,-0.22207344,2021-06-16,2021,6,0.24205668,0.15158805,0.17930946
Egypt,EGY,-1.1675448,2021-06-16,2021,6,-1.4413097,-1.1586525,-1.5527487
El Salvador,SLV,-0.31372783,2021-06-16,2021,6,-0.04374651,-0.32285407,-0.77502745
Equatorial Guinea,GNQ,0.34012195,2021-06-16,2021,6,0.8837955,0.041187473,-0.34563693
Eritrea,ERI,0.49194878,2021-06-16,2021,6,0.08506587,0.0796091,-0.7732709
Estonia,EST,-0.06386527,2021-06-16,2021,6,1.1790817,-0.32555503,0.9163062
Ethiopia,ETH,0.14500776,2021-06-16,2021,6,0.43708503,0.60555774,-0.11584623
Falkland Islands,FLK,-0.6747756,2021-06-16,2021,6,-1.0355662,-1.331414,-0.90356743
Faroe Islands,FRO,-0.41847005,2021-06-16,2021,6,-0.024793528,-0.21815912,-0.3307539
Fiji,FJI,-0.76337636,2021-06-16,2021,6,-0.6368366,-0.65822744,0.7609324
Finland,FIN,-0.046643037,2021-06-16,2021,6,1.0972857,0.42189702,0.8100024
France,-99,0.47010016,2021-06-16,2021,6,0.07096619,0.8753536,0.4890063
French Polynesia,PYF,-1.3115864,2021-06-16,2021,6,-2.3734403,-1.6231403,-2.4044366
French Southern and Antarctic Lands,ATF,0.9208156,2021-06-16,2021,6,-0.47672743,0.5642199,-0.09141065
Gabon,GAB,0.013355391,2021-06-16,2021,6,-0.1681304,-0.5669459,-0.2236114
Gambia,GMB,-0.50987065,2021-06-16,2021,6,-1.0450767,-0.9429444,-0.82472867
Georgia,GEO,-2.1067338,2021-06-16,2021,6,-1.1339034,-0.26858923,0.33252394
Germany,DEU,0.20533389,2021-06-16,2021,6,0.21125184,-0.73452485,0.15822613
Ghana,GHA,-1.0542765,2021-06-16,2021,6,-1.048977,-1.1915363,-1.0468109
Greece,GRC,-1.1847748,2021-06-16,2021,6,-1.272392,-1.0363243,0.12009262
Greenland,GRL,-0.3177231,2021-06-16,2021,6,0.31050515,0.7196416,0.64748824
Guatemala,GTM,0.00877098,2021-06-16,2021,6,0.6900345,-0.40877104,-0.18977024
Guinea,GIN,-0.8316293,2021-06-16,2021,6,-0.52036476,-1.1660748,-1.3722317
Guinea-Bissau,GNB,-1.1304916,2021-06-16,2021,6,-1.3540847,-1.0354501,-0.94704664
Guyana,GUY,1.6564322,2021-06-16,2021,6,1.6990014,1.3485675,0.8440434
Haiti,HTI,-1.0872638,2021-06-16,2021,6,-0.78971124,-0.72148037,-0.5885416
Honduras,HND,-0.21677843,2021-06-16,2021,6,-0.076927505,-0.28485858,-0.02102288
Hungary,HUN,-1.2626438,2021-06-16,2021,6,-0.13750806,-0.52026665,-0.3503437
Iceland,ISL,-0.5987531,2021-06-16,2021,6,-0.14526287,-0.39422783,-0.045298878
India,IND,0.6058702,2021-06-16,2021,6,0.71101046,-0.35422087,-0.5192249
Indonesia,IDN,0.092722975,2021-06-16,2021,6,0.095937364,-0.31792256,0.20813632
Iran,IRN,-2.0316315,2021-06-16,2021,6,-1.8508992,-1.8849062,-1.7327688
Iraq,IRQ,-2.4677968,2021-06-16,2021,6,-2.1318965,-1.8674968,-1.4839472
Ireland,IRL,-0.5308267,2021-06-16,2021,6,0.011349365,-0.44876012,0.9752592
Israel,ISR,-1.1584076,2021-06-16,2021,6,-1.4093912,-0.9660066,-1.0702138
Italy,ITA,-0.8172124,2021-06-16,2021,6,-0.47442538,-1.0894331,-0.62449455
Ivory Coast,CIV,-0.29873404,2021-06-16,2021,6,-0.44500586,-0.69730747,-0.65902287
Jamaica,JAM,-0.6118998,2021-06-16,2021,6,-1.2956895,-0.69237113,-0.3865838
Japan,JPN,-0.1393861,2021-06-16,2021,6,0.9390918,0.2826109,0.3328055
Jordan,JOR,-1.1580906,2021-06-16,2021,6,-1.3235619,-1.0258721,-1.020501
Kazakhstan,KAZ,-1.9647845,2021-06-16,2021,6,-1.5976187,-0.35010403,0.91108984
Kenya,KEN,0.009321578,2021-06-16,2021,6,0.66372657,0.87363595,1.3667839
Kiribati,KIR,,2021-06-16,2021,6,,,
Kosovo,-99,-1.2317473,2021-06-16,2021,6,0.47010016,0.07096619,0.8753536
Kuwait,KWT,-2.6024446,2021-06-16,2021,6,-2.5526543,-2.2912173,-2.2425866
Kyrgyzstan,KGZ,-1.683113,2021-06-16,2021,6,-0.83603346,-0.21239041,0.4932509
Laos,LAO,-0.101080395,2021-06-16,2021,6,-0.29527894,1.6919206,0.2412992
Latvia,LVA,0.015027232,2021-06-16,2021,6,0.99574596,-0.88926893,0.4956433
Lebanon,LBN,-1.5306268,2021-06-16,2021,6,-1.4729296,-1.0531361,-0.6739807
Lesotho,LSO,-0.73132896,2021-06-16,2021,6,-0.3663459,0.023259426,1.1990284
Liberia,LBR,-0.13931267,2021-06-16,2021,6,-0.28301394,-0.2806225,-0.46349517
Libya,LBY,-1.4651748,2021-06-16,2021,6,-1.1260221,-0.86752206,-1.0236642
Lithuania,LTU,0.06054904,2021-06-16,2021,6,0.8301493,-1.2342963,0.119020425
Luxembourg,LUX,0.70822906,2021-06-16,2021,6,0.031717334,-0.46203533,0.8055855
Madagascar,MDG,-0.43712318,2021-06-16,2021,6,-0.31522733,-0.51643443,-0.8974945
Malawi,MWI,-0.7658749,2021-06-16,2021,6,-0.3502988,-0.59861386,-0.623922
Malaysia,MYS,0.2657164,2021-06-16,2021,6,0.6687797,-0.35171345,0.7804108
Mali,MLI,-0.85570294,2021-06-16,2021,6,-0.9287824,-1.429592,-1.506197
Mauritania,MRT,-0.8320806,2021-06-16,2021,6,-0.97667944,-1.0934552,-1.1519523
Mauritius,MUS,1.4111387,2021-06-16,2021,6,0.763372,0.22380908,-2.5356998
Mexico,MEX,0.3789071,2021-06-16,2021,6,-0.42578465,-0.79172033,-0.5911925
Moldova,MDA,1.358662,2021-06-16,2021,6,0.8780396,0.35892537,0.77870333
Mongolia,MNG,-0.0076624625,2021-06-16,2021,6,-0.44973972,-1.2695999,-2.0666747
Montenegro,MNE,-1.1372393,2021-06-16,2021,6,-0.41087678,-0.6941492,0.32980517
Morocco,MAR,-1.0259801,2021-06-16,2021,6,-0.9136807,-0.9928068,-0.5682735
Mozambique,MOZ,-0.2695839,2021-06-16,2021,6,-0.28323448,0.34261116,0.19235042
Myanmar,MMR,-1.1569326,2021-06-16,2021,6,-1.5035462,0.15852645,-0.14217183
Namibia,NAM,-0.2210744,2021-06-16,2021,6,0.022211872,0.0044839997,0.32697296
Nepal,NPL,1.0308535,2021-06-16,2021,6,0.92895806,-0.120850876,-0.4785878
Netherlands,NLD,0.97927207,2021-06-16,2021,6,0.45848405,-0.74846226,0.40595534
New Caledonia,NCL,0.9680419,2021-06-16,2021,6,0.49360678,0.6225368,1.1995968
New Zealand,NZL,-0.25136226,2021-06-16,2021,6,0.35783994,0.18432124,0.31523126
Nicaragua,NIC,-0.50419563,2021-06-16,2021,6,0.04767251,-0.22668062,-0.014821859
Niger,NER,-2.0484872,2021-06-16,2021,6,-1.7166284,-0.8004732,-0.158372
Nigeria,NGA,-1.2769377,2021-06-16,2021,6,-1.268883,-0.8195937,-0.30303115
North Korea,PRK,0.8878546,2021-06-16,2021,6,0.94027275,0.5659024,0.9623182
North Macedonia,MKD,-0.9642733,2021-06-16,2021,6,-0.5954621,-0.23165436,1.1808547
Northern Cyprus,-99,-1.374049,2021-06-16,2021,6,-1.2317473,0.47010016,0.07096619
Norway,-99,-0.33274397,2021-06-16,2021,6,-1.374049,-1.2317473,0.47010016
Oman,OMN,-1.6227939,2021-06-16,2021,6,-2.1325598,-2.1218762,-2.4502997
Pakistan,PAK,-0.3752215,2021-06-16,2021,6,-0.48343664,-1.22444,-1.616787
Palestine,PSE,-0.9204343,2021-06-16,2021,6,-1.2575144,-0.88344353,-0.87173104
Panama,PAN,0.28491795,2021-06-16,2021,6,0.9587119,0.9807742,0.5968067
Papua New Guinea,PNG,0.09069715,2021-06-16,2021,6,0.26298642,0.32035163,0.4095006
Paraguay,PRY,-0.9678612,2021-06-16,2021,6,-0.9089776,-0.9820457,0.44010478
Peru,PER,0.06855317,2021-06-16,2021,6,0.21357217,0.105289444,0.24130291
Philippines,PHL,0.024564378,2021-06-16,2021,6,0.39406955,0.27733037,0.82902926
Poland,POL,-0.4464156,2021-06-16,2021,6,0.35242048,-0.38055065,0.20973064
Portugal,PRT,-0.1627451,2021-06-16,2021,6,-0.8792997,0.25059396,0.08027806
Puerto Rico,PRI,0.26743758,2021-06-16,2021,6,-0.44795516,-0.086768515,-0.27328086
Qatar,QAT,-2.3166583,2021-06-16,2021,6,-2.291623,-1.9542197,-1.5882797
Republic of Serbia,SRB,-1.0985136,2021-06-16,2021,6,0.031055251,-0.2418966,0.30589435
Republic of the Congo,COG,0.07332069,2021-06-16,2021,6,-0.19303212,-0.34181684,0.20984855
Romania,ROU,0.21782988,2021-06-16,2021,6,0.6726447,0.35755292,0.6956194
Russia,RUS,-0.7280132,2021-06-16,2021,6,-0.23226686,0.39513162,0.6093576
Rwanda,RWA,-0.31733766,2021-06-16,2021,6,0.34907106,-0.3287174,1.7665704
Saint Vincent and the Grenadines,VCT,0.06853033,2021-06-16,2021,6,0.8378476,1.5252427,1.3597183
Samoa,WSM,-0.33931795,2021-06-16,2021,6,-1.0030141,-0.26598153,0.6455724
Saudi Arabia,SAU,-1.6424837,2021-06-16,2021,6,-1.8109535,-1.5683558,-1.4541131
Senegal,SEN,-0.86798334,2021-06-16,2021,6,-1.1618316,-1.0136068,-0.85815936
Siachen Glacier,-99,-0.015659967,2021-06-16,2021,6,-0.33274397,-1.374049,-1.2317473
Sierra Leone,SLE,-0.26425865,2021-06-16,2021,6,-0.28067225,-0.52112633,-0.9692366
Slovakia,SVK,-1.0945534,2021-06-16,2021,6,-0.12942603,-0.3992014,-0.04551526
Slovenia,SVN,-0.6432663,2021-06-16,2021,6,0.2845219,-1.36852,-0.89804184
Solomon Islands,SLB,0.034936644,2021-06-16,2021,6,0.006883861,-0.00087223406,0.03714139
Somalia,SOM,0.23987505,2021-06-16,2021,6,0.23219946,0.47283104,-0.32917845
Somaliland,-99,0.37693062,2021-06-16,2021,6,-0.015659967,-0.33274397,-1.374049
South Africa,ZAF,-1.2497485,2021-06-16,2021,6,-1.0528301,-0.6916221,0.44276124
South Georgia and the Islands,SGS,-2.2280598,2021-06-16,2021,6,-2.194632,-2.412191,-2.221387
South Korea,KOR,-0.17305568,2021-06-16,2021,6,1.0124335,0.20724757,0.47208944
South Sudan,SSD,-0.11417544,2021-06-16,2021,6,-0.08021007,-0.22433588,-0.50541
Spain,ESP,-0.30237263,2021-06-16,2021,6,-1.0875205,-0.42332208,-0.27630132
Sri Lanka,LKA,0.52661926,2021-06-16,2021,6,0.34719065,-0.61207443,0.3534506
Sudan,SDN,-0.14300026,2021-06-16,2021,6,-0.6409295,-0.45099697,-1.0618252
Suriname,SUR,1.4329758,2021-06-16,2021,6,1.2089667,0.72061366,0.46929753
Sweden,SWE,-0.31445587,2021-06-16,2021,6,0.3688598,0.0015553047,0.22632508
Switzerland,CHE,0.55390066,2021-06-16,2021,6,0.010439708,-1.3581886,0.3419284
Syria,SYR,-2.160439,2021-06-16,2021,6,-1.7654973,-1.4923416,-0.9254515
Taiwan,TWN,-0.5683817,2021-06-16,2021,6,-0.7382149,-0.7541603,-0.73841405
Tajikistan,TJK,-1.2943825,2021-06-16,2021,6,-0.32456478,-0.57164675,-0.80083257
Thailand,THA,-0.0003029759,2021-06-16,2021,6,0.21768422,1.5157382,-0.05520821
The Bahamas,BHS,-1.0959053,2021-06-16,2021,6,-1.3803934,-1.2818228,-1.0862316
Togo,TGO,-1.6078445,2021-06-16,2021,6,-1.3273836,-1.1407094,-0.9257747
Trinidad and Tobago,TTO,0.96248543,2021-06-16,2021,6,2.0454235,1.8865398,1.6162493
Tunisia,TUN,-1.3086629,2021-06-16,2021,6,-0.9250408,-1.1341753,-1.4880396
Turkey,TUR,-1.4190108,2021-06-16,2021,6,-1.1722727,-0.77452576,0.1855086
Turkmenistan,TKM,-2.5819447,2021-06-16,2021,6,-1.7113528,-1.630419,-1.1040503
Uganda,UGA,-0.24882832,2021-06-16,2021,6,0.43365803,0.009893288,0.90400225
Ukraine,UKR,0.80459994,2021-06-16,2021,6,0.68034005,0.6733006,1.2295029
United Arab Emirates,ARE,-1.9989296,2021-06-16,2021,6,-2.063461,-1.9230484,-1.5891435
United Kingdom,GBR,-0.30508548,2021-06-16,2021,6,-0.046047658,-0.95694095,0.60743874
United Republic of Tanzania,TZA,-0.5559037,2021-06-16,2021,6,-0.37138343,0.07126802,0.67717254
United States Virgin Islands,VIR,-0.25932735,2021-06-16,2021,6,-1.1876584,-0.63647765,-0.6874707
United States of America,USA,-0.4297204,2021-06-16,2021,6,-0.14907336,0.010004205,0.05388929
Uruguay,URY,0.073102124,2021-06-16,2021,6,-0.27580562,0.13953525,0.6126531
Uzbekistan,UZB,-2.3858898,2021-06-16,2021,6,-1.5821242,-1.3318434,-0.89490354
Vanuatu,VUT,0.08426567,2021-06-16,2021,6,0.056465372,0.048444297,0.1215323
Venezuela,VEN,-0.16229148,2021-06-16,2021,6,0.2555532,0.45724183,0.26826832
Vietnam,VNM,-0.20911454,2021-06-16,2021,6,-0.17003661,0.69119996,-0.25013536
Western Sahara,ESH,-1.0435734,2021-06-16,2021,6,-0.9607815,-1.026725,-0.8606694
Yemen,YEM,-0.01277382,2021-06-16,2021,6,-0.52699685,-0.58804125,-1.4989582
Zambia,ZMB,0.28253135,2021-06-16,2021,6,0.095656164,0.05657928,-0.0374255
Zimbabwe,ZWE,-0.075721055,2021-06-16,2021,6,-0.41583067,-0.17595828,-0.26386794
eSwatini,SWZ,-0.48197746,2021-06-16,2021,6,-1.1535162,0.8364401,1.0990403
Afghanistan,AFG,-1.5875882,2021-07-16,2021,7,-1.6761936,-1.214041,-1.6156082
Aland,ALA,-0.77870286,2021-07-16,2021,7,-0.1936673,0.56836456,-0.44966838
Albania,ALB,-1.6577812,2021-07-16,2021,7,-1.3612174,-0.8523145,-0.73185295
Algeria,DZA,-0.7816189,2021-07-16,2021,7,-0.8935759,-0.1556753,-0.36462635
Angola,AGO,-0.24170434,2021-07-16,2021,7,0.06647789,0.10444163,0.11535347
Antarctica,ATA,,2021-07-16,2021,7,,,
Argentina,ARG,-0.91038454,2021-07-16,2021,7,-0.25485313,-0.000781576,-0.15184456
Armenia,ARM,-1.9458165,2021-07-16,2021,7,-2.873511,-2.13043,-1.3404847
Australia,AUS,-0.23705676,2021-07-16,2021,7,-0.30639392,0.08594741,0.26812863
Austria,AUT,0.40481326,2021-07-16,2021,7,-0.65107286,0.048290975,-1.2135912
Azerbaijan,AZE,-1.3744465,2021-07-16,2021,7,-2.3206742,-1.2640028,-0.9587671
Bangladesh,BGD,-0.20736955,2021-07-16,2021,7,-0.5657984,-1.0378836,-1.4683948
Belarus,BLR,-0.7914047,2021-07-16,2021,7,-0.20617959,0.68431556,-0.3571145
Belgium,BEL,1.5973079,2021-07-16,2021,7,0.7153035,-0.08531949,-0.8858504
Belize,BLZ,-0.70694596,2021-07-16,2021,7,-0.051404674,0.040670615,0.24741913
Benin,BEN,-0.88946307,2021-07-16,2021,7,-1.6768038,-1.7613637,-1.6504765
Bhutan,BTN,-1.0956126,2021-07-16,2021,7,-0.8749533,0.369554,-0.4913364
Bolivia,BOL,-1.0435581,2021-07-16,2021,7,-0.18555674,0.15787868,-0.07613663
Bosnia and Herzegovina,BIH,-1.3718066,2021-07-16,2021,7,-1.2258738,-0.34078005,-0.7806082
Botswana,BWA,-0.8626353,2021-07-16,2021,7,-0.6661526,-0.55505896,-0.26230055
Brazil,BRA,-0.66116345,2021-07-16,2021,7,-0.47425956,-0.35498872,0.017980557
Brunei,BRN,0.8459878,2021-07-16,2021,7,-0.49786875,-0.27457058,-0.5590159
Bulgaria,BGR,0.32453427,2021-07-16,2021,7,1.1010451,0.55108166,0.3588455
Burkina Faso,BFA,0.36799678,2021-07-16,2021,7,-0.5449965,-0.9927867,-2.2568662
Burundi,BDI,0.36340198,2021-07-16,2021,7,-0.5039576,-0.2787297,-0.72405493
Cabo Verde,CPV,0.14248425,2021-07-16,2021,7,-0.8225929,-0.6927825,-1.2255065
Cambodia,KHM,-0.47940683,2021-07-16,2021,7,0.180712,0.4121787,1.5597668
Cameroon,CMR,-0.6948158,2021-07-16,2021,7,-0.06998311,0.5141901,0.38039643
Canada,CAN,-0.48028824,2021-07-16,2021,7,-0.2851249,-0.14565496,-0.23428228
Cayman Islands,CYM,,2021-07-16,2021,7,,,
Central African Republic,CAF,0.102312244,2021-07-16,2021,7,-0.27314627,-0.111808054,-0.088898465
Chad,TCD,-0.5867316,2021-07-16,2021,7,-0.7591872,-1.1585717,-0.60840887
Chile,CHL,-0.8241476,2021-07-16,2021,7,-0.82727027,-0.8047842,-0.9054669
China,CHN,-0.11455083,2021-07-16,2021,7,0.04044025,-0.06436716,-0.31658155
Colombia,COL,0.11847888,2021-07-16,2021,7,0.35552296,0.4627663,0.6536344
Comoros,COM,-0.4007156,2021-07-16,2021,7,0.73708767,-0.5934852,0.60741615
Costa Rica,CRI,0.21188757,2021-07-16,2021,7,0.0757204,0.87753594,0.7441618
Croatia,HRV,-1.1549174,2021-07-16,2021,7,-1.101122,-0.23522308,-1.046122
Cuba,CUB,0.11773012,2021-07-16,2021,7,-0.57524395,-1.1116662,-1.270293
Cyprus,CYP,-1.3136066,2021-07-16,2021,7,-1.4373934,-1.2311455,-1.1570032
Czechia,CZE,0.0191041,2021-07-16,2021,7,-0.57503146,0.072958805,-0.736663
Democratic Republic of the Congo,COD,0.032960724,2021-07-16,2021,7,0.02021598,-0.03304759,-0.095417514
Denmark,DNK,-0.20184614,2021-07-16,2021,7,-0.46394497,0.555816,-0.8929306
Djibouti,DJI,0.47039565,2021-07-16,2021,7,-0.13046835,-0.73549634,-0.9630894
Dominican Republic,DOM,-0.19015205,2021-07-16,2021,7,-0.73953027,-0.6154893,-0.8176286
East Timor,TLS,-0.451542,2021-07-16,2021,7,-0.9565363,-1.7151874,-1.9829574
Ecuador,ECU,-0.20037308,2021-07-16,2021,7,-0.22207344,0.24205668,0.15158805
Egypt,EGY,-1.4649844,2021-07-16,2021,7,-1.1675448,-1.4413097,-1.1586525
El Salvador,SLV,-0.39702755,2021-07-16,2021,7,-0.31372783,-0.04374651,-0.32285407
Equatorial Guinea,GNQ,0.023868296,2021-07-16,2021,7,0.34012195,0.8837955,0.041187473
Eritrea,ERI,0.20617774,2021-07-16,2021,7,0.49194878,0.08506587,0.0796091
Estonia,EST,-1.1074399,2021-07-16,2021,7,-0.06386527,1.1790817,-0.32555503
Ethiopia,ETH,0.11848262,2021-07-16,2021,7,0.14500776,0.43708503,0.60555774
Falkland Islands,FLK,-0.82284105,2021-07-16,2021,7,-0.6747756,-1.0355662,-1.331414
Faroe Islands,FRO,-0.5030827,2021-07-16,2021,7,-0.41847005,-0.024793528,-0.21815912
Fiji,FJI,-0.06539366,2021-07-16,2021,7,-0.76337636,-0.6368366,-0.65822744
Finland,FIN,-1.0094627,2021-07-16,2021,7,-0.046643037,1.0972857,0.42189702
France,-99,1.2596388,2021-07-16,2021,7,0.37693062,-0.015659967,-0.33274397
French Polynesia,PYF,-1.0716594,2021-07-16,2021,7,-1.3115864,-2.3734403,-1.6231403
French Southern and Antarctic Lands,ATF,0.7444702,2021-07-16,2021,7,0.9208156,-0.47672743,0.5642199
Gabon,GAB,0.29685646,2021-07-16,2021,7,0.013355391,-0.1681304,-0.5669459
Gambia,GMB,-1.3050923,2021-07-16,2021,7,-0.50987065,-1.0450767,-0.9429444
Georgia,GEO,-1.4734625,2021-07-16,2021,7,-2.1067338,-1.1339034,-0.26858923
Germany,DEU,0.68903756,2021-07-16,2021,7,0.20533389,0.21125184,-0.73452485
Ghana,GHA,-0.14718442,2021-07-16,2021,7,-1.0542765,-1.048977,-1.1915363
Greece,GRC,-1.3302948,2021-07-16,2021,7,-1.1847748,-1.272392,-1.0363243
Greenland,GRL,-0.75207424,2021-07-16,2021,7,-0.3177231,0.31050515,0.7196416
Guatemala,GTM,-0.6294898,2021-07-16,2021,7,0.00877098,0.6900345,-0.40877104
Guinea,GIN,-0.5640348,2021-07-16,2021,7,-0.8316293,-0.52036476,-1.1660748
Guinea-Bissau,GNB,-1.32249,2021-07-16,2021,7,-1.1304916,-1.3540847,-1.0354501
Guyana,GUY,1.3723224,2021-07-16,2021,7,1.6564322,1.6990014,1.3485675
Haiti,HTI,-0.8280646,2021-07-16,2021,7,-1.0872638,-0.78971124,-0.72148037
Honduras,HND,-0.41321555,2021-07-16,2021,7,-0.21677843,-0.076927505,-0.28485858
Hungary,HUN,-1.3693477,2021-07-16,2021,7,-1.2626438,-0.13750806,-0.52026665
Iceland,ISL,-1.0648447,2021-07-16,2021,7,-0.5987531,-0.14526287,-0.39422783
India,IND,0.44808024,2021-07-16,2021,7,0.6058702,0.71101046,-0.35422087
Indonesia,IDN,0.28221813,2021-07-16,2021,7,0.092722975,0.095937364,-0.31792256
Iran,IRN,-1.6570591,2021-07-16,2021,7,-2.0316315,-1.8508992,-1.8849062
Iraq,IRQ,-2.539772,2021-07-16,2021,7,-2.4677968,-2.1318965,-1.8674968
Ireland,IRL,0.04701357,2021-07-16,2021,7,-0.5308267,0.011349365,-0.44876012
Israel,ISR,-1.3333268,2021-07-16,2021,7,-1.1584076,-1.4093912,-0.9660066
Italy,ITA,-0.6684768,2021-07-16,2021,7,-0.8172124,-0.47442538,-1.0894331
Ivory Coast,CIV,0.275799,2021-07-16,2021,7,-0.29873404,-0.44500586,-0.69730747
Jamaica,JAM,0.12841071,2021-07-16,2021,7,-0.6118998,-1.2956895,-0.69237113
Japan,JPN,-0.39377746,2021-07-16,2021,7,-0.1393861,0.9390918,0.2826109
Jordan,JOR,-1.2568088,2021-07-16,2021,7,-1.1580906,-1.3235619,-1.0258721
Kazakhstan,KAZ,-1.9630688,2021-07-16,2021,7,-1.9647845,-1.5976187,-0.35010403
Kenya,KEN,0.25648993,2021-07-16,2021,7,0.009321578,0.66372657,0.87363595
Kiribati,KIR,,2021-07-16,2021,7,,,
Kosovo,-99,-1.716484,2021-07-16,2021,7,1.2596388,0.37693062,-0.015659967
Kuwait,KWT,-2.2152348,2021-07-16,2021,7,-2.6024446,-2.5526543,-2.2912173
Kyrgyzstan,KGZ,-1.2797035,2021-07-16,2021,7,-1.683113,-0.83603346,-0.21239041
Laos,LAO,-0.9119761,2021-07-16,2021,7,-0.101080395,-0.29527894,1.6919206
Latvia,LVA,-0.8682371,2021-07-16,2021,7,0.015027232,0.99574596,-0.88926893
Lebanon,LBN,-1.4919062,2021-07-16,2021,7,-1.5306268,-1.4729296,-1.0531361
Lesotho,LSO,-1.7490764,2021-07-16,2021,7,-0.73132896,-0.3663459,0.023259426
Liberia,LBR,-0.046615634,2021-07-16,2021,7,-0.13931267,-0.28301394,-0.2806225
Libya,LBY,-1.6925362,2021-07-16,2021,7,-1.4651748,-1.1260221,-0.86752206
Lithuania,LTU,-0.44676957,2021-07-16,2021,7,0.06054904,0.8301493,-1.2342963
Luxembourg,LUX,1.7605397,2021-07-16,2021,7,0.70822906,0.031717334,-0.46203533
Madagascar,MDG,-0.28909686,2021-07-16,2021,7,-0.43712318,-0.31522733,-0.51643443
Malawi,MWI,0.34694526,2021-07-16,2021,7,-0.7658749,-0.3502988,-0.59861386
Malaysia,MYS,0.9267775,2021-07-16,2021,7,0.2657164,0.6687797,-0.35171345
Mali,MLI,-0.5974352,2021-07-16,2021,7,-0.85570294,-0.9287824,-1.429592
Mauritania,MRT,-0.6543554,2021-07-16,2021,7,-0.8320806,-0.97667944,-1.0934552
Mauritius,MUS,-0.101813026,2021-07-16,2021,7,1.4111387,0.763372,0.22380908
Mexico,MEX,0.73017555,2021-07-16,2021,7,0.3789071,-0.42578465,-0.79172033
Moldova,MDA,1.0213554,2021-07-16,2021,7,1.358662,0.8780396,0.35892537
Mongolia,MNG,-0.06796993,2021-07-16,2021,7,-0.0076624625,-0.44973972,-1.2695999
Montenegro,MNE,-1.421608,2021-07-16,2021,7,-1.1372393,-0.41087678,-0.6941492
Morocco,MAR,-0.8625444,2021-07-16,2021,7,-1.0259801,-0.9136807,-0.9928068
Mozambique,MOZ,0.17081057,2021-07-16,2021,7,-0.2695839,-0.28323448,0.34261116
Myanmar,MMR,-1.095081,2021-07-16,2021,7,-1.1569326,-1.5035462,0.15852645
Namibia,NAM,-0.10528061,2021-07-16,2021,7,-0.2210744,0.022211872,0.0044839997
Nepal,NPL,0.81438416,2021-07-16,2021,7,1.0308535,0.92895806,-0.120850876
Netherlands,NLD,1.3697193,2021-07-16,2021,7,0.97927207,0.45848405,-0.74846226
New Caledonia,NCL,-0.8816858,2021-07-16,2021,7,0.9680419,0.49360678,0.6225368
New Zealand,NZL,-0.053758375,2021-07-16,2021,7,-0.25136226,0.35783994,0.18432124
Nicaragua,NIC,-0.65689814,2021-07-16,2021,7,-0.50419563,0.04767251,-0.22668062
Niger,NER,-1.3081448,2021-07-16,2021,7,-2.0484872,-1.7166284,-0.8004732
Nigeria,NGA,-1.0122663,2021-07-16,2021,7,-1.2769377,-1.268883,-0.8195937
North Korea,PRK,-0.85083884,2021-07-16,2021,7,0.8878546,0.94027275,0.5659024
North Macedonia,MKD,-1.2536983,2021-07-16,2021,7,-0.9642733,-0.5954621,-0.23165436
Northern Cyprus,-99,-1.3957236,2021-07-16,2021,7,-1.716484,1.2596388,0.37693062
Norway,-99,-0.3769563,2021-07-16,2021,7,-1.3957236,-1.716484,1.2596388
Oman,OMN,-1.3980294,2021-07-16,2021,7,-1.6227939,-2.1325598,-2.1218762
Pakistan,PAK,-0.52431035,2021-07-16,2021,7,-0.3752215,-0.48343664,-1.22444
Palestine,PSE,-1.166874,2021-07-16,2021,7,-0.9204343,-1.2575144,-0.88344353
Panama,PAN,0.26981625,2021-07-16,2021,7,0.28491795,0.9587119,0.9807742
Papua New Guinea,PNG,0.13211939,2021-07-16,2021,7,0.09069715,0.26298642,0.32035163
Paraguay,PRY,-1.2668425,2021-07-16,2021,7,-0.9678612,-0.9089776,-0.9820457
Peru,PER,-0.33467087,2021-07-16,2021,7,0.06855317,0.21357217,0.105289444
Philippines,PHL,0.41295594,2021-07-16,2021,7,0.024564378,0.39406955,0.27733037
Poland,POL,-0.5297853,2021-07-16,2021,7,-0.4464156,0.35242048,-0.38055065
Portugal,PRT,-0.8276505,2021-07-16,2021,7,-0.1627451,-0.8792997,0.25059396
Puerto Rico,PRI,0.30126974,2021-07-16,2021,7,0.26743758,-0.44795516,-0.086768515
Qatar,QAT,-2.1228077,2021-07-16,2021,7,-2.3166583,-2.291623,-1.9542197
Republic of Serbia,SRB,-1.4169971,2021-07-16,2021,7,-1.0985136,0.031055251,-0.2418966
Republic of the Congo,COG,0.15640798,2021-07-16,2021,7,0.07332069,-0.19303212,-0.34181684
Romania,ROU,-0.10139505,2021-07-16,2021,7,0.21782988,0.6726447,0.35755292
Russia,RUS,-0.75399184,2021-07-16,2021,7,-0.7280132,-0.23226686,0.39513162
Rwanda,RWA,0.11624174,2021-07-16,2021,7,-0.31733766,0.34907106,-0.3287174
Saint Vincent and the Grenadines,VCT,-0.04599407,2021-07-16,2021,7,0.06853033,0.8378476,1.5252427
Samoa,WSM,-0.017674979,2021-07-16,2021,7,-0.33931795,-1.0030141,-0.26598153
Saudi Arabia,SAU,-1.5346454,2021-07-16,2021,7,-1.6424837,-1.8109535,-1.5683558
Senegal,SEN,-1.5749011,2021-07-16,2021,7,-0.86798334,-1.1618316,-1.0136068
Siachen Glacier,-99,0.28685433,2021-07-16,2021,7,-0.3769563,-1.3957236,-1.716484
Sierra Leone,SLE,-0.1798275,2021-07-16,2021,7,-0.26425865,-0.28067225,-0.52112633
Slovakia,SVK,-1.0709438,2021-07-16,2021,7,-1.0945534,-0.12942603,-0.3992014
Slovenia,SVN,-0.43548632,2021-07-16,2021,7,-0.6432663,0.2845219,-1.36852
Solomon Islands,SLB,0.051780004,2021-07-16,2021,7,0.034936644,0.006883861,-0.00087223406
Somalia,SOM,-0.2340476,2021-07-16,2021,7,0.23987505,0.23219946,0.47283104
Somaliland,-99,-0.08709201,2021-07-16,2021,7,0.28685433,-0.3769563,-1.3957236
South Africa,ZAF,-1.251297,2021-07-16,2021,7,-1.2497485,-1.0528301,-0.6916221
South Georgia and the Islands,SGS,-1.1856161,2021-07-16,2021,7,-2.2280598,-2.194632,-2.412191
South Korea,KOR,-0.5975623,2021-07-16,2021,7,-0.17305568,1.0124335,0.20724757
South Sudan,SSD,-0.11381742,2021-07-16,2021,7,-0.11417544,-0.08021007,-0.22433588
Spain,ESP,-0.78316516,2021-07-16,2021,7,-0.30237263,-1.0875205,-0.42332208
Sri Lanka,LKA,1.1091477,2021-07-16,2021,7,0.52661926,0.34719065,-0.61207443
Sudan,SDN,-0.5406762,2021-07-16,2021,7,-0.14300026,-0.6409295,-0.45099697
Suriname,SUR,1.5954113,2021-07-16,2021,7,1.4329758,1.2089667,0.72061366
Sweden,SWE,-0.36480695,2021-07-16,2021,7,-0.31445587,0.3688598,0.0015553047
Switzerland,CHE,1.8831549,2021-07-16,2021,7,0.55390066,0.010439708,-1.3581886
Syria,SYR,-2.1684494,2021-07-16,2021,7,-2.160439,-1.7654973,-1.4923416
Taiwan,TWN,-0.5859253,2021-07-16,2021,7,-0.5683817,-0.7382149,-0.7541603
Tajikistan,TJK,-1.2345128,2021-07-16,2021,7,-1.2943825,-0.32456478,-0.57164675
Thailand,THA,-0.9731502,2021-07-16,2021,7,-0.0003029759,0.21768422,1.5157382
The Bahamas,BHS,-0.995522,2021-07-16,2021,7,-1.0959053,-1.3803934,-1.2818228
Togo,TGO,-0.7469382,2021-07-16,2021,7,-1.6078445,-1.3273836,-1.1407094
Trinidad and Tobago,TTO,0.8891039,2021-07-16,2021,7,0.96248543,2.0454235,1.8865398
Tunisia,TUN,-1.6336925,2021-07-16,2021,7,-1.3086629,-0.9250408,-1.1341753
Turkey,TUR,-1.1650671,2021-07-16,2021,7,-1.4190108,-1.1722727,-0.77452576
Turkmenistan,TKM,-2.547127,2021-07-16,2021,7,-2.5819447,-1.7113528,-1.630419
Uganda,UGA,0.40795085,2021-07-16,2021,7,-0.24882832,0.43365803,0.009893288
Ukraine,UKR,0.33971602,2021-07-16,2021,7,0.80459994,0.68034005,0.6733006
United Arab Emirates,ARE,-1.8807263,2021-07-16,2021,7,-1.9989296,-2.063461,-1.9230484
United Kingdom,GBR,0.41078377,2021-07-16,2021,7,-0.30508548,-0.046047658,-0.95694095
United Republic of Tanzania,TZA,-0.046437006,2021-07-16,2021,7,-0.5559037,-0.37138343,0.07126802
United States Virgin Islands,VIR,0.14026481,2021-07-16,2021,7,-0.25932735,-1.1876584,-0.63647765
United States of America,USA,0.02078777,2021-07-16,2021,7,-0.4297204,-0.14907336,0.010004205
Uruguay,URY,-0.028499814,2021-07-16,2021,7,0.073102124,-0.27580562,0.13953525
Uzbekistan,UZB,-2.341903,2021-07-16,2021,7,-2.3858898,-1.5821242,-1.3318434
Vanuatu,VUT,0.014646653,2021-07-16,2021,7,0.08426567,0.056465372,0.048444297
Venezuela,VEN,-0.40904784,2021-07-16,2021,7,-0.16229148,0.2555532,0.45724183
Vietnam,VNM,-0.92067444,2021-07-16,2021,7,-0.20911454,-0.17003661,0.69119996
Western Sahara,ESH,-0.7295952,2021-07-16,2021,7,-1.0435734,-0.9607815,-1.026725
Yemen,YEM,-0.32388163,2021-07-16,2021,7,-0.01277382,-0.52699685,-0.58804125
Zambia,ZMB,-0.060733493,2021-07-16,2021,7,0.28253135,0.095656164,0.05657928
Zimbabwe,ZWE,0.022667954,2021-07-16,2021,7,-0.075721055,-0.41583067,-0.17595828
eSwatini,SWZ,-0.8174734,2021-07-16,2021,7,-0.48197746,-1.1535162,0.8364401
Afghanistan,AFG,-2.025038,2021-08-16,2021,8,-1.5875882,-1.6761936,-1.214041
Aland,ALA,-0.6403056,2021-08-16,2021,8,-0.77870286,-0.1936673,0.56836456
Albania,ALB,-1.2445828,2021-08-16,2021,8,-1.6577812,-1.3612174,-0.8523145
Algeria,DZA,-1.1456718,2021-08-16,2021,8,-0.7816189,-0.8935759,-0.1556753
Angola,AGO,-0.71275944,2021-08-16,2021,8,-0.24170434,0.06647789,0.10444163
Antarctica,ATA,,2021-08-16,2021,8,,,
Argentina,ARG,-1.4634784,2021-08-16,2021,8,-0.91038454,-0.25485313,-0.000781576
Armenia,ARM,-0.88961667,2021-08-16,2021,8,-1.9458165,-2.873511,-2.13043
Australia,AUS,-0.37647635,2021-08-16,2021,8,-0.23705676,-0.30639392,0.08594741
Austria,AUT,0.25359023,2021-08-16,2021,8,0.40481326,-0.65107286,0.048290975
Azerbaijan,AZE,-0.92996186,2021-08-16,2021,8,-1.3744465,-2.3206742,-1.2640028
Bangladesh,BGD,-0.010432034,2021-08-16,2021,8,-0.20736955,-0.5657984,-1.0378836
Belarus,BLR,-0.52713805,2021-08-16,2021,8,-0.7914047,-0.20617959,0.68431556
Belgium,BEL,1.1395034,2021-08-16,2021,8,1.5973079,0.7153035,-0.08531949
Belize,BLZ,-0.8026853,2021-08-16,2021,8,-0.70694596,-0.051404674,0.040670615
Benin,BEN,0.40790156,2021-08-16,2021,8,-0.88946307,-1.6768038,-1.7613637
Bhutan,BTN,-1.1715807,2021-08-16,2021,8,-1.0956126,-0.8749533,0.369554
Bolivia,BOL,-1.0061272,2021-08-16,2021,8,-1.0435581,-0.18555674,0.15787868
Bosnia and Herzegovina,BIH,-1.2204497,2021-08-16,2021,8,-1.3718066,-1.2258738,-0.34078005
Botswana,BWA,-0.8773823,2021-08-16,2021,8,-0.8626353,-0.6661526,-0.55505896
Brazil,BRA,-0.49866775,2021-08-16,2021,8,-0.66116345,-0.47425956,-0.35498872
Brunei,BRN,1.6385808,2021-08-16,2021,8,0.8459878,-0.49786875,-0.27457058
Bulgaria,BGR,0.02176157,2021-08-16,2021,8,0.32453427,1.1010451,0.55108166
Burkina Faso,BFA,0.7766391,2021-08-16,2021,8,0.36799678,-0.5449965,-0.9927867
Burundi,BDI,-1.2575743,2021-08-16,2021,8,0.36340198,-0.5039576,-0.2787297
Cabo Verde,CPV,-0.055629287,2021-08-16,2021,8,0.14248425,-0.8225929,-0.6927825
Cambodia,KHM,-0.27557763,2021-08-16,2021,8,-0.47940683,0.180712,0.4121787
Cameroon,CMR,-0.3009795,2021-08-16,2021,8,-0.6948158,-0.06998311,0.5141901
Canada,CAN,-0.5111426,2021-08-16,2021,8,-0.48028824,-0.2851249,-0.14565496
Cayman Islands,CYM,,2021-08-16,2021,8,,,
Central African Republic,CAF,0.4459634,2021-08-16,2021,8,0.102312244,-0.27314627,-0.111808054
Chad,TCD,0.20498367,2021-08-16,2021,8,-0.5867316,-0.7591872,-1.1585717
Chile,CHL,-0.7751215,2021-08-16,2021,8,-0.8241476,-0.82727027,-0.8047842
China,CHN,0.004143386,2021-08-16,2021,8,-0.11455083,0.04044025,-0.06436716
Colombia,COL,0.42940858,2021-08-16,2021,8,0.11847888,0.35552296,0.4627663
Comoros,COM,-0.3204239,2021-08-16,2021,8,-0.4007156,0.73708767,-0.5934852
Costa Rica,CRI,0.1396833,2021-08-16,2021,8,0.21188757,0.0757204,0.87753594
Croatia,HRV,-1.2513562,2021-08-16,2021,8,-1.1549174,-1.101122,-0.23522308
Cuba,CUB,0.70160735,2021-08-16,2021,8,0.11773012,-0.57524395,-1.1116662
Cyprus,CYP,-0.35155958,2021-08-16,2021,8,-1.3136066,-1.4373934,-1.2311455
Czechia,CZE,0.3850365,2021-08-16,2021,8,0.0191041,-0.57503146,0.072958805
Democratic Republic of the Congo,COD,0.025111472,2021-08-16,2021,8,0.032960724,0.02021598,-0.03304759
Denmark,DNK,-0.783287,2021-08-16,2021,8,-0.20184614,-0.46394497,0.555816
Djibouti,DJI,-0.13211295,2021-08-16,2021,8,0.47039565,-0.13046835,-0.73549634
Dominican Republic,DOM,0.35084766,2021-08-16,2021,8,-0.19015205,-0.73953027,-0.6154893
East Timor,TLS,-0.24959035,2021-08-16,2021,8,-0.451542,-0.9565363,-1.7151874
Ecuador,ECU,-0.13725783,2021-08-16,2021,8,-0.20037308,-0.22207344,0.24205668
Egypt,EGY,-1.43611,2021-08-16,2021,8,-1.4649844,-1.1675448,-1.4413097
El Salvador,SLV,-0.3419521,2021-08-16,2021,8,-0.39702755,-0.31372783,-0.04374651
Equatorial Guinea,GNQ,0.33936286,2021-08-16,2021,8,0.023868296,0.34012195,0.8837955
Eritrea,ERI,0.0705211,2021-08-16,2021,8,0.20617774,0.49194878,0.08506587
Estonia,EST,-0.78010625,2021-08-16,2021,8,-1.1074399,-0.06386527,1.1790817
Ethiopia,ETH,-0.28925833,2021-08-16,2021,8,0.11848262,0.14500776,0.43708503
Falkland Islands,FLK,-1.4767871,2021-08-16,2021,8,-0.82284105,-0.6747756,-1.0355662
Faroe Islands,FRO,-0.8092116,2021-08-16,2021,8,-0.5030827,-0.41847005,-0.024793528
Fiji,FJI,-1.4021449,2021-08-16,2021,8,-0.06539366,-0.76337636,-0.6368366
Finland,FIN,-0.62000525,2021-08-16,2021,8,-1.0094627,-0.046643037,1.0972857
France,-99,0.50730675,2021-08-16,2021,8,-0.08709201,0.28685433,-0.3769563
French Polynesia,PYF,-0.3218976,2021-08-16,2021,8,-1.0716594,-1.3115864,-2.3734403
French Southern and Antarctic Lands,ATF,0.957406,2021-08-16,2021,8,0.7444702,0.9208156,-0.47672743
Gabon,GAB,0.6543443,2021-08-16,2021,8,0.29685646,0.013355391,-0.1681304
Gambia,GMB,-0.40211305,2021-08-16,2021,8,-1.3050923,-0.50987065,-1.0450767
Georgia,GEO,-0.35863248,2021-08-16,2021,8,-1.4734625,-2.1067338,-1.1339034
Germany,DEU,0.6904696,2021-08-16,2021,8,0.68903756,0.20533389,0.21125184
Ghana,GHA,0.648012,2021-08-16,2021,8,-0.14718442,-1.0542765,-1.048977
Greece,GRC,-0.9985724,2021-08-16,2021,8,-1.3302948,-1.1847748,-1.272392
Greenland,GRL,-0.90594614,2021-08-16,2021,8,-0.75207424,-0.3177231,0.31050515
Guatemala,GTM,-0.8664684,2021-08-16,2021,8,-0.6294898,0.00877098,0.6900345
Guinea,GIN,-0.08657261,2021-08-16,2021,8,-0.5640348,-0.8316293,-0.52036476
Guinea-Bissau,GNB,-0.5843113,2021-08-16,2021,8,-1.32249,-1.1304916,-1.3540847
Guyana,GUY,1.1454945,2021-08-16,2021,8,1.3723224,1.6564322,1.6990014
Haiti,HTI,1.9356439,2021-08-16,2021,8,-0.8280646,-1.0872638,-0.78971124
Honduras,HND,-0.5582215,2021-08-16,2021,8,-0.41321555,-0.21677843,-0.076927505
Hungary,HUN,-1.2937142,2021-08-16,2021,8,-1.3693477,-1.2626438,-0.13750806
Iceland,ISL,-1.7584797,2021-08-16,2021,8,-1.0648447,-0.5987531,-0.14526287
India,IND,-0.099662244,2021-08-16,2021,8,0.44808024,0.6058702,0.71101046
Indonesia,IDN,0.59337246,2021-08-16,2021,8,0.28221813,0.092722975,0.095937364
Iran,IRN,-1.8671699,2021-08-16,2021,8,-1.6570591,-2.0316315,-1.8508992
Iraq,IRQ,-1.933646,2021-08-16,2021,8,-2.539772,-2.4677968,-2.1318965
Ireland,IRL,-1.0971742,2021-08-16,2021,8,0.04701357,-0.5308267,0.011349365
Israel,ISR,-0.9907945,2021-08-16,2021,8,-1.3333268,-1.1584076,-1.4093912
Italy,ITA,-1.0768297,2021-08-16,2021,8,-0.6684768,-0.8172124,-0.47442538
Ivory Coast,CIV,0.46961585,2021-08-16,2021,8,0.275799,-0.29873404,-0.44500586
Jamaica,JAM,1.448386,2021-08-16,2021,8,0.12841071,-0.6118998,-1.2956895
Japan,JPN,0.122381076,2021-08-16,2021,8,-0.39377746,-0.1393861,0.9390918
Jordan,JOR,-0.97194904,2021-08-16,2021,8,-1.2568088,-1.1580906,-1.3235619
Kazakhstan,KAZ,-1.492069,2021-08-16,2021,8,-1.9630688,-1.9647845,-1.5976187
Kenya,KEN,0.22764987,2021-08-16,2021,8,0.25648993,0.009321578,0.66372657
Kiribati,KIR,,2021-08-16,2021,8,,,
Kosovo,-99,-1.5276266,2021-08-16,2021,8,0.50730675,-0.08709201,0.28685433
Kuwait,KWT,-1.9969014,2021-08-16,2021,8,-2.2152348,-2.6024446,-2.5526543
Kyrgyzstan,KGZ,-1.0490863,2021-08-16,2021,8,-1.2797035,-1.683113,-0.83603346
Laos,LAO,-0.8773714,2021-08-16,2021,8,-0.9119761,-0.101080395,-0.29527894
Latvia,LVA,-0.74990493,2021-08-16,2021,8,-0.8682371,0.015027232,0.99574596
Lebanon,LBN,-0.70140594,2021-08-16,2021,8,-1.4919062,-1.5306268,-1.4729296
Lesotho,LSO,0.11231915,2021-08-16,2021,8,-1.7490764,-0.73132896,-0.3663459
Liberia,LBR,0.036441997,2021-08-16,2021,8,-0.046615634,-0.13931267,-0.28301394
Libya,LBY,-1.7670802,2021-08-16,2021,8,-1.6925362,-1.4651748,-1.1260221
Lithuania,LTU,-0.34525365,2021-08-16,2021,8,-0.44676957,0.06054904,0.8301493
Luxembourg,LUX,1.3182744,2021-08-16,2021,8,1.7605397,0.70822906,0.031717334
Madagascar,MDG,-0.018426582,2021-08-16,2021,8,-0.28909686,-0.43712318,-0.31522733
Malawi,MWI,0.9410344,2021-08-16,2021,8,0.34694526,-0.7658749,-0.3502988
Malaysia,MYS,1.0146152,2021-08-16,2021,8,0.9267775,0.2657164,0.6687797
Mali,MLI,-0.3917562,2021-08-16,2021,8,-0.5974352,-0.85570294,-0.9287824
Mauritania,MRT,-0.5879502,2021-08-16,2021,8,-0.6543554,-0.8320806,-0.97667944
Mauritius,MUS,1.4206128,2021-08-16,2021,8,-0.101813026,1.4111387,0.763372
Mexico,MEX,1.082691,2021-08-16,2021,8,0.73017555,0.3789071,-0.42578465
Moldova,MDA,0.82590145,2021-08-16,2021,8,1.0213554,1.358662,0.8780396
Mongolia,MNG,0.27176505,2021-08-16,2021,8,-0.06796993,-0.0076624625,-0.44973972
Montenegro,MNE,-1.3622069,2021-08-16,2021,8,-1.421608,-1.1372393,-0.41087678
Morocco,MAR,-1.2093157,2021-08-16,2021,8,-0.8625444,-1.0259801,-0.9136807
Mozambique,MOZ,0.423389,2021-08-16,2021,8,0.17081057,-0.2695839,-0.28323448
Myanmar,MMR,-0.33470136,2021-08-16,2021,8,-1.095081,-1.1569326,-1.5035462
Namibia,NAM,-0.22856519,2021-08-16,2021,8,-0.10528061,-0.2210744,0.022211872
Nepal,NPL,0.22596352,2021-08-16,2021,8,0.81438416,1.0308535,0.92895806
Netherlands,NLD,0.61459994,2021-08-16,2021,8,1.3697193,0.97927207,0.45848405
New Caledonia,NCL,-1.9491035,2021-08-16,2021,8,-0.8816858,0.9680419,0.49360678
New Zealand,NZL,0.23366897,2021-08-16,2021,8,-0.053758375,-0.25136226,0.35783994
Nicaragua,NIC,-0.39134455,2021-08-16,2021,8,-0.65689814,-0.50419563,0.04767251
Niger,NER,-0.8800452,2021-08-16,2021,8,-1.3081448,-2.0484872,-1.7166284
Nigeria,NGA,-0.4525487,2021-08-16,2021,8,-1.0122663,-1.2769377,-1.268883
North Korea,PRK,-0.70403737,2021-08-16,2021,8,-0.85083884,0.8878546,0.94027275
North Macedonia,MKD,-0.72324485,2021-08-16,2021,8,-1.2536983,-0.9642733,-0.5954621
Northern Cyprus,-99,-0.44275117,2021-08-16,2021,8,-1.5276266,0.50730675,-0.08709201
Norway,-99,-0.51893586,2021-08-16,2021,8,-0.44275117,-1.5276266,0.50730675
Oman,OMN,-1.4702724,2021-08-16,2021,8,-1.3980294,-1.6227939,-2.1325598
Pakistan,PAK,-0.9374779,2021-08-16,2021,8,-0.52431035,-0.3752215,-0.48343664
Palestine,PSE,-1.1561435,2021-08-16,2021,8,-1.166874,-0.9204343,-1.2575144
Panama,PAN,0.3865441,2021-08-16,2021,8,0.26981625,0.28491795,0.9587119
Papua New Guinea,PNG,0.104376234,2021-08-16,2021,8,0.13211939,0.09069715,0.26298642
Paraguay,PRY,-1.3174775,2021-08-16,2021,8,-1.2668425,-0.9678612,-0.9089776
Peru,PER,-0.80277336,2021-08-16,2021,8,-0.33467087,0.06855317,0.21357217
Philippines,PHL,-0.039694097,2021-08-16,2021,8,0.41295594,0.024564378,0.39406955
Poland,POL,0.11973312,2021-08-16,2021,8,-0.5297853,-0.4464156,0.35242048
Portugal,PRT,-0.4188001,2021-08-16,2021,8,-0.8276505,-0.1627451,-0.8792997
Puerto Rico,PRI,0.24426556,2021-08-16,2021,8,0.30126974,0.26743758,-0.44795516
Qatar,QAT,-2.052283,2021-08-16,2021,8,-2.1228077,-2.3166583,-2.291623
Republic of Serbia,SRB,-1.4384537,2021-08-16,2021,8,-1.4169971,-1.0985136,0.031055251
Republic of the Congo,COG,1.1465838,2021-08-16,2021,8,0.15640798,0.07332069,-0.19303212
Romania,ROU,-0.3193829,2021-08-16,2021,8,-0.10139505,0.21782988,0.6726447
Russia,RUS,-0.714938,2021-08-16,2021,8,-0.75399184,-0.7280132,-0.23226686
Rwanda,RWA,-1.389976,2021-08-16,2021,8,0.11624174,-0.31733766,0.34907106
Saint Vincent and the Grenadines,VCT,0.003968312,2021-08-16,2021,8,-0.04599407,0.06853033,0.8378476
Samoa,WSM,0.6273627,2021-08-16,2021,8,-0.017674979,-0.33931795,-1.0030141
Saudi Arabia,SAU,-1.6017008,2021-08-16,2021,8,-1.5346454,-1.6424837,-1.8109535
Senegal,SEN,-0.29492268,2021-08-16,2021,8,-1.5749011,-0.86798334,-1.1618316
Siachen Glacier,-99,-0.14106043,2021-08-16,2021,8,-0.51893586,-0.44275117,-1.5276266
Sierra Leone,SLE,-0.11736176,2021-08-16,2021,8,-0.1798275,-0.26425865,-0.28067225
Slovakia,SVK,-0.50819916,2021-08-16,2021,8,-1.0709438,-1.0945534,-0.12942603
Slovenia,SVN,-1.2813672,2021-08-16,2021,8,-0.43548632,-0.6432663,0.2845219
Solomon Islands,SLB,0.03823063,2021-08-16,2021,8,0.051780004,0.034936644,0.006883861
Somalia,SOM,-0.44342542,2021-08-16,2021,8,-0.2340476,0.23987505,0.23219946
Somaliland,-99,-0.84248155,2021-08-16,2021,8,-0.14106043,-0.51893586,-0.44275117
South Africa,ZAF,-0.5562666,2021-08-16,2021,8,-1.251297,-1.2497485,-1.0528301
South Georgia and the Islands,SGS,-0.7230368,2021-08-16,2021,8,-1.1856161,-2.2280598,-2.194632
South Korea,KOR,-0.18126123,2021-08-16,2021,8,-0.5975623,-0.17305568,1.0124335
South Sudan,SSD,-0.25123954,2021-08-16,2021,8,-0.11381742,-0.11417544,-0.08021007
Spain,ESP,-0.3644285,2021-08-16,2021,8,-0.78316516,-0.30237263,-1.0875205
Sri Lanka,LKA,0.9153308,2021-08-16,2021,8,1.1091477,0.52661926,0.34719065
Sudan,SDN,-0.24306305,2021-08-16,2021,8,-0.5406762,-0.14300026,-0.6409295
Suriname,SUR,1.3883753,2021-08-16,2021,8,1.5954113,1.4329758,1.2089667
Sweden,SWE,-0.4833026,2021-08-16,2021,8,-0.36480695,-0.31445587,0.3688598
Switzerland,CHE,1.1731956,2021-08-16,2021,8,1.8831549,0.55390066,0.010439708
Syria,SYR,-1.0580038,2021-08-16,2021,8,-2.1684494,-2.160439,-1.7654973
Taiwan,TWN,0.08390442,2021-08-16,2021,8,-0.5859253,-0.5683817,-0.7382149
Tajikistan,TJK,-1.8198304,2021-08-16,2021,8,-1.2345128,-1.2943825,-0.32456478
Thailand,THA,-0.6795723,2021-08-16,2021,8,-0.9731502,-0.0003029759,0.21768422
The Bahamas,BHS,0.085998595,2021-08-16,2021,8,-0.995522,-1.0959053,-1.3803934
Togo,TGO,0.47956493,2021-08-16,2021,8,-0.7469382,-1.6078445,-1.3273836
Trinidad and Tobago,TTO,1.1830254,2021-08-16,2021,8,0.8891039,0.96248543,2.0454235
Tunisia,TUN,-1.7004303,2021-08-16,2021,8,-1.6336925,-1.3086629,-0.9250408
Turkey,TUR,0.13873275,2021-08-16,2021,8,-1.1650671,-1.4190108,-1.1722727
Turkmenistan,TKM,-2.4127212,2021-08-16,2021,8,-2.547127,-2.5819447,-1.7113528
Uganda,UGA,-1.0613657,2021-08-16,2021,8,0.40795085,-0.24882832,0.43365803
Ukraine,UKR,0.17180313,2021-08-16,2021,8,0.33971602,0.80459994,0.68034005
United Arab Emirates,ARE,-1.9423448,2021-08-16,2021,8,-1.8807263,-1.9989296,-2.063461
United Kingdom,GBR,-0.7938084,2021-08-16,2021,8,0.41078377,-0.30508548,-0.046047658
United Republic of Tanzania,TZA,-0.10861169,2021-08-16,2021,8,-0.046437006,-0.5559037,-0.37138343
United States Virgin Islands,VIR,0.06657226,2021-08-16,2021,8,0.14026481,-0.25932735,-1.1876584
United States of America,USA,0.19074196,2021-08-16,2021,8,0.02078777,-0.4297204,-0.14907336
Uruguay,URY,-0.34559157,2021-08-16,2021,8,-0.028499814,0.073102124,-0.27580562
Uzbekistan,UZB,-2.1551378,2021-08-16,2021,8,-2.341903,-2.3858898,-1.5821242
Vanuatu,VUT,-0.050360695,2021-08-16,2021,8,0.014646653,0.08426567,0.056465372
Venezuela,VEN,-0.32865006,2021-08-16,2021,8,-0.40904784,-0.16229148,0.2555532
Vietnam,VNM,-0.9412569,2021-08-16,2021,8,-0.92067444,-0.20911454,-0.17003661
Western Sahara,ESH,-0.8684468,2021-08-16,2021,8,-0.7295952,-1.0435734,-0.9607815
Yemen,YEM,-0.56677115,2021-08-16,2021,8,-0.32388163,-0.01277382,-0.52699685
Zambia,ZMB,-0.2688265,2021-08-16,2021,8,-0.060733493,0.28253135,0.095656164
Zimbabwe,ZWE,-0.073045895,2021-08-16,2021,8,0.022667954,-0.075721055,-0.41583067
eSwatini,SWZ,0.06732907,2021-08-16,2021,8,-0.8174734,-0.48197746,-1.1535162
Afghanistan,AFG,-1.9692148,2021-09-16,2021,9,-2.025038,-1.5875882,-1.6761936
Aland,ALA,-0.62855566,2021-09-16,2021,9,-0.6403056,-0.77870286,-0.1936673
Albania,ALB,-0.973695,2021-09-16,2021,9,-1.2445828,-1.6577812,-1.3612174
Algeria,DZA,-1.3255609,2021-09-16,2021,9,-1.1456718,-0.7816189,-0.8935759
Angola,AGO,-0.38090327,2021-09-16,2021,9,-0.71275944,-0.24170434,0.06647789
Antarctica,ATA,,2021-09-16,2021,9,,,
Argentina,ARG,-1.415211,2021-09-16,2021,9,-1.4634784,-0.91038454,-0.25485313
Armenia,ARM,0.5549258,2021-09-16,2021,9,-0.88961667,-1.9458165,-2.873511
Australia,AUS,-0.6336293,2021-09-16,2021,9,-0.37647635,-0.23705676,-0.30639392
Austria,AUT,0.49388063,2021-09-16,2021,9,0.25359023,0.40481326,-0.65107286
Azerbaijan,AZE,0.32411277,2021-09-16,2021,9,-0.92996186,-1.3744465,-2.3206742
Bangladesh,BGD,-0.21344624,2021-09-16,2021,9,-0.010432034,-0.20736955,-0.5657984
Belarus,BLR,0.5673903,2021-09-16,2021,9,-0.52713805,-0.7914047,-0.20617959
Belgium,BEL,0.25987574,2021-09-16,2021,9,1.1395034,1.5973079,0.7153035
Belize,BLZ,-0.28908476,2021-09-16,2021,9,-0.8026853,-0.70694596,-0.051404674
Benin,BEN,0.4424157,2021-09-16,2021,9,0.40790156,-0.88946307,-1.6768038
Bhutan,BTN,-0.94535446,2021-09-16,2021,9,-1.1715807,-1.0956126,-0.8749533
Bolivia,BOL,-1.2709688,2021-09-16,2021,9,-1.0061272,-1.0435581,-0.18555674
Bosnia and Herzegovina,BIH,-0.7359327,2021-09-16,2021,9,-1.2204497,-1.3718066,-1.2258738
Botswana,BWA,-0.87928474,2021-09-16,2021,9,-0.8773823,-0.8626353,-0.6661526
Brazil,BRA,-0.6222375,2021-09-16,2021,9,-0.49866775,-0.66116345,-0.47425956
Brunei,BRN,1.6831994,2021-09-16,2021,9,1.6385808,0.8459878,-0.49786875
Bulgaria,BGR,-1.2670727,2021-09-16,2021,9,0.02176157,0.32453427,1.1010451
Burkina Faso,BFA,0.02330726,2021-09-16,2021,9,0.7766391,0.36799678,-0.5449965
Burundi,BDI,-0.34529024,2021-09-16,2021,9,-1.2575743,0.36340198,-0.5039576
Cabo Verde,CPV,-0.0050382605,2021-09-16,2021,9,-0.055629287,0.14248425,-0.8225929
Cambodia,KHM,0.51948667,2021-09-16,2021,9,-0.27557763,-0.47940683,0.180712
Cameroon,CMR,-0.2910278,2021-09-16,2021,9,-0.3009795,-0.6948158,-0.06998311
Canada,CAN,-0.40431178,2021-09-16,2021,9,-0.5111426,-0.48028824,-0.2851249
Cayman Islands,CYM,,2021-09-16,2021,9,,,
Central African Republic,CAF,0.7205233,2021-09-16,2021,9,0.4459634,0.102312244,-0.27314627
Chad,TCD,0.16086057,2021-09-16,2021,9,0.20498367,-0.5867316,-0.7591872
Chile,CHL,-0.8517571,2021-09-16,2021,9,-0.7751215,-0.8241476,-0.82727027
China,CHN,-0.046223104,2021-09-16,2021,9,0.004143386,-0.11455083,0.04044025
Colombia,COL,0.23753005,2021-09-16,2021,9,0.42940858,0.11847888,0.35552296
Comoros,COM,-1.6991553,2021-09-16,2021,9,-0.3204239,-0.4007156,0.73708767
Costa Rica,CRI,0.9698251,2021-09-16,2021,9,0.1396833,0.21188757,0.0757204
Croatia,HRV,-0.7425625,2021-09-16,2021,9,-1.2513562,-1.1549174,-1.101122
Cuba,CUB,0.06392481,2021-09-16,2021,9,0.70160735,0.11773012,-0.57524395
Cyprus,CYP,-0.39577413,2021-09-16,2021,9,-0.35155958,-1.3136066,-1.4373934
Czechia,CZE,0.60304636,2021-09-16,2021,9,0.3850365,0.0191041,-0.57503146
Democratic Republic of the Congo,COD,0.10356191,2021-09-16,2021,9,0.025111472,0.032960724,0.02021598
Denmark,DNK,-0.32267195,2021-09-16,2021,9,-0.783287,-0.20184614,-0.46394497
Djibouti,DJI,-0.08697995,2021-09-16,2021,9,-0.13211295,0.47039565,-0.13046835
Dominican Republic,DOM,0.3198536,2021-09-16,2021,9,0.35084766,-0.19015205,-0.73953027
East Timor,TLS,-0.13425393,2021-09-16,2021,9,-0.24959035,-0.451542,-0.9565363
Ecuador,ECU,-0.31825823,2021-09-16,2021,9,-0.13725783,-0.20037308,-0.22207344
Egypt,EGY,-1.5062854,2021-09-16,2021,9,-1.43611,-1.4649844,-1.1675448
El Salvador,SLV,-0.3137075,2021-09-16,2021,9,-0.3419521,-0.39702755,-0.31372783
Equatorial Guinea,GNQ,-0.25202778,2021-09-16,2021,9,0.33936286,0.023868296,0.34012195
Eritrea,ERI,0.34168357,2021-09-16,2021,9,0.0705211,0.20617774,0.49194878
Estonia,EST,-0.48059097,2021-09-16,2021,9,-0.78010625,-1.1074399,-0.06386527
Ethiopia,ETH,0.041311428,2021-09-16,2021,9,-0.28925833,0.11848262,0.14500776
Falkland Islands,FLK,-1.9671657,2021-09-16,2021,9,-1.4767871,-0.82284105,-0.6747756
Faroe Islands,FRO,-0.25505862,2021-09-16,2021,9,-0.8092116,-0.5030827,-0.41847005
Fiji,FJI,-1.3892074,2021-09-16,2021,9,-1.4021449,-0.06539366,-0.76337636
Finland,FIN,-0.3902504,2021-09-16,2021,9,-0.62000525,-1.0094627,-0.046643037
France,-99,0.16055122,2021-09-16,2021,9,-0.84248155,-0.14106043,-0.51893586
French Polynesia,PYF,-0.8465383,2021-09-16,2021,9,-0.3218976,-1.0716594,-1.3115864
French Southern and Antarctic Lands,ATF,0.491452,2021-09-16,2021,9,0.957406,0.7444702,0.9208156
Gabon,GAB,-0.5963885,2021-09-16,2021,9,0.6543443,0.29685646,0.013355391
Gambia,GMB,-0.5067209,2021-09-16,2021,9,-0.40211305,-1.3050923,-0.50987065
Georgia,GEO,1.0989418,2021-09-16,2021,9,-0.35863248,-1.4734625,-2.1067338
Germany,DEU,0.27838695,2021-09-16,2021,9,0.6904696,0.68903756,0.20533389
Ghana,GHA,0.62355113,2021-09-16,2021,9,0.648012,-0.14718442,-1.0542765
Greece,GRC,-1.4251804,2021-09-16,2021,9,-0.9985724,-1.3302948,-1.1847748
Greenland,GRL,-0.68748546,2021-09-16,2021,9,-0.90594614,-0.75207424,-0.3177231
Guatemala,GTM,-0.6667225,2021-09-16,2021,9,-0.8664684,-0.6294898,0.00877098
Guinea,GIN,-0.07817934,2021-09-16,2021,9,-0.08657261,-0.5640348,-0.8316293
Guinea-Bissau,GNB,-0.6678291,2021-09-16,2021,9,-0.5843113,-1.32249,-1.1304916
Guyana,GUY,0.7818028,2021-09-16,2021,9,1.1454945,1.3723224,1.6564322
Haiti,HTI,1.7961736,2021-09-16,2021,9,1.9356439,-0.8280646,-1.0872638
Honduras,HND,-0.49878728,2021-09-16,2021,9,-0.5582215,-0.41321555,-0.21677843
Hungary,HUN,-0.49043,2021-09-16,2021,9,-1.2937142,-1.3693477,-1.2626438
Iceland,ISL,0.49593535,2021-09-16,2021,9,-1.7584797,-1.0648447,-0.5987531
India,IND,0.12975219,2021-09-16,2021,9,-0.099662244,0.44808024,0.6058702
Indonesia,IDN,0.97062063,2021-09-16,2021,9,0.59337246,0.28221813,0.092722975
Iran,IRN,-1.5624008,2021-09-16,2021,9,-1.8671699,-1.6570591,-2.0316315
Iraq,IRQ,-1.5633659,2021-09-16,2021,9,-1.933646,-2.539772,-2.4677968
Ireland,IRL,-0.6147571,2021-09-16,2021,9,-1.0971742,0.04701357,-0.5308267
Israel,ISR,-1.0991979,2021-09-16,2021,9,-0.9907945,-1.3333268,-1.1584076
Italy,ITA,-1.0206078,2021-09-16,2021,9,-1.0768297,-0.6684768,-0.8172124
Ivory Coast,CIV,0.31556016,2021-09-16,2021,9,0.46961585,0.275799,-0.29873404
Jamaica,JAM,0.9609535,2021-09-16,2021,9,1.448386,0.12841071,-0.6118998
Japan,JPN,0.28534892,2021-09-16,2021,9,0.122381076,-0.39377746,-0.1393861
Jordan,JOR,-0.9907697,2021-09-16,2021,9,-0.97194904,-1.2568088,-1.1580906
Kazakhstan,KAZ,-1.288718,2021-09-16,2021,9,-1.492069,-1.9630688,-1.9647845
Kenya,KEN,0.5807593,2021-09-16,2021,9,0.22764987,0.25648993,0.009321578
Kiribati,KIR,,2021-09-16,2021,9,,,
Kosovo,-99,-1.2350535,2021-09-16,2021,9,0.16055122,-0.84248155,-0.14106043
Kuwait,KWT,-1.80938,2021-09-16,2021,9,-1.9969014,-2.2152348,-2.6024446
Kyrgyzstan,KGZ,-1.0399321,2021-09-16,2021,9,-1.0490863,-1.2797035,-1.683113
Laos,LAO,-1.0840348,2021-09-16,2021,9,-0.8773714,-0.9119761,-0.101080395
Latvia,LVA,-0.3601626,2021-09-16,2021,9,-0.74990493,-0.8682371,0.015027232
Lebanon,LBN,-0.70290244,2021-09-16,2021,9,-0.70140594,-1.4919062,-1.5306268
Lesotho,LSO,0.05324599,2021-09-16,2021,9,0.11231915,-1.7490764,-0.73132896
Liberia,LBR,-0.025932055,2021-09-16,2021,9,0.036441997,-0.046615634,-0.13931267
Libya,LBY,-1.6795641,2021-09-16,2021,9,-1.7670802,-1.6925362,-1.4651748
Lithuania,LTU,0.26005957,2021-09-16,2021,9,-0.34525365,-0.44676957,0.06054904
Luxembourg,LUX,0.30770758,2021-09-16,2021,9,1.3182744,1.7605397,0.70822906
Madagascar,MDG,-0.2656528,2021-09-16,2021,9,-0.018426582,-0.28909686,-0.43712318
Malawi,MWI,-0.13655631,2021-09-16,2021,9,0.9410344,0.34694526,-0.7658749
Malaysia,MYS,1.1891978,2021-09-16,2021,9,1.0146152,0.9267775,0.2657164
Mali,MLI,-0.56459683,2021-09-16,2021,9,-0.3917562,-0.5974352,-0.85570294
Mauritania,MRT,-0.45683149,2021-09-16,2021,9,-0.5879502,-0.6543554,-0.8320806
Mauritius,MUS,0.9063838,2021-09-16,2021,9,1.4206128,-0.101813026,1.4111387
Mexico,MEX,0.6455039,2021-09-16,2021,9,1.082691,0.73017555,0.3789071
Moldova,MDA,-0.18966112,2021-09-16,2021,9,0.82590145,1.0213554,1.358662
Mongolia,MNG,0.42992827,2021-09-16,2021,9,0.27176505,-0.06796993,-0.0076624625
Montenegro,MNE,-1.1462139,2021-09-16,2021,9,-1.3622069,-1.421608,-1.1372393
Morocco,MAR,-1.2570711,2021-09-16,2021,9,-1.2093157,-0.8625444,-1.0259801
Mozambique,MOZ,-0.4940135,2021-09-16,2021,9,0.423389,0.17081057,-0.2695839
Myanmar,MMR,-0.2905226,2021-09-16,2021,9,-0.33470136,-1.095081,-1.1569326
Namibia,NAM,-0.33446226,2021-09-16,2021,9,-0.22856519,-0.10528061,-0.2210744
Nepal,NPL,-0.38638827,2021-09-16,2021,9,0.22596352,0.81438416,1.0308535
Netherlands,NLD,-0.24072215,2021-09-16,2021,9,0.61459994,1.3697193,0.97927207
New Caledonia,NCL,-1.5576617,2021-09-16,2021,9,-1.9491035,-0.8816858,0.9680419
New Zealand,NZL,0.3730267,2021-09-16,2021,9,0.23366897,-0.053758375,-0.25136226
Nicaragua,NIC,-0.20023958,2021-09-16,2021,9,-0.39134455,-0.65689814,-0.50419563
Niger,NER,-0.3796075,2021-09-16,2021,9,-0.8800452,-1.3081448,-2.0484872
Nigeria,NGA,-0.22778086,2021-09-16,2021,9,-0.4525487,-1.0122663,-1.2769377
North Korea,PRK,-0.93773407,2021-09-16,2021,9,-0.70403737,-0.85083884,0.8878546
North Macedonia,MKD,-0.72602487,2021-09-16,2021,9,-0.72324485,-1.2536983,-0.9642733
Northern Cyprus,-99,-0.5106728,2021-09-16,2021,9,-1.2350535,0.16055122,-0.84248155
Norway,-99,-0.4945605,2021-09-16,2021,9,-0.5106728,-1.2350535,0.16055122
Oman,OMN,-1.3548976,2021-09-16,2021,9,-1.4702724,-1.3980294,-1.6227939
Pakistan,PAK,-0.6104115,2021-09-16,2021,9,-0.9374779,-0.52431035,-0.3752215
Palestine,PSE,-1.3869289,2021-09-16,2021,9,-1.1561435,-1.166874,-0.9204343
Panama,PAN,0.8447832,2021-09-16,2021,9,0.3865441,0.26981625,0.28491795
Papua New Guinea,PNG,0.034379926,2021-09-16,2021,9,0.104376234,0.13211939,0.09069715
Paraguay,PRY,-1.9073364,2021-09-16,2021,9,-1.3174775,-1.2668425,-0.9678612
Peru,PER,-1.023947,2021-09-16,2021,9,-0.80277336,-0.33467087,0.06855317
Philippines,PHL,0.13162376,2021-09-16,2021,9,-0.039694097,0.41295594,0.024564378
Poland,POL,0.614137,2021-09-16,2021,9,0.11973312,-0.5297853,-0.4464156
Portugal,PRT,-0.1456641,2021-09-16,2021,9,-0.4188001,-0.8276505,-0.1627451
Puerto Rico,PRI,-0.99071175,2021-09-16,2021,9,0.24426556,0.30126974,0.26743758
Qatar,QAT,-1.9517733,2021-09-16,2021,9,-2.052283,-2.1228077,-2.3166583
Republic of Serbia,SRB,-1.0235934,2021-09-16,2021,9,-1.4384537,-1.4169971,-1.0985136
Republic of the Congo,COG,0.44979328,2021-09-16,2021,9,1.1465838,0.15640798,0.07332069
Romania,ROU,-0.5582768,2021-09-16,2021,9,-0.3193829,-0.10139505,0.21782988
Russia,RUS,-0.36920887,2021-09-16,2021,9,-0.714938,-0.75399184,-0.7280132
Rwanda,RWA,0.047926247,2021-09-16,2021,9,-1.389976,0.11624174,-0.31733766
Saint Vincent and the Grenadines,VCT,-0.68660927,2021-09-16,2021,9,0.003968312,-0.04599407,0.06853033
Samoa,WSM,-0.39158523,2021-09-16,2021,9,0.6273627,-0.017674979,-0.33931795
Saudi Arabia,SAU,-1.6135257,2021-09-16,2021,9,-1.6017008,-1.5346454,-1.6424837
Senegal,SEN,-0.3577712,2021-09-16,2021,9,-0.29492268,-1.5749011,-0.86798334
Siachen Glacier,-99,-0.5252896,2021-09-16,2021,9,-0.4945605,-0.5106728,-1.2350535
Sierra Leone,SLE,-0.1642208,2021-09-16,2021,9,-0.11736176,-0.1798275,-0.26425865
Slovakia,SVK,0.36019826,2021-09-16,2021,9,-0.50819916,-1.0709438,-1.0945534
Slovenia,SVN,-0.88536185,2021-09-16,2021,9,-1.2813672,-0.43548632,-0.6432663
Solomon Islands,SLB,0.036092382,2021-09-16,2021,9,0.03823063,0.051780004,0.034936644
Somalia,SOM,-0.48367408,2021-09-16,2021,9,-0.44342542,-0.2340476,0.23987505
Somaliland,-99,-0.656999,2021-09-16,2021,9,-0.5252896,-0.4945605,-0.5106728
South Africa,ZAF,-0.8331669,2021-09-16,2021,9,-0.5562666,-1.251297,-1.2497485
South Georgia and the Islands,SGS,-2.5605283,2021-09-16,2021,9,-0.7230368,-1.1856161,-2.2280598
South Korea,KOR,0.2617268,2021-09-16,2021,9,-0.18126123,-0.5975623,-0.17305568
South Sudan,SSD,-0.12095409,2021-09-16,2021,9,-0.25123954,-0.11381742,-0.11417544
Spain,ESP,-0.17431223,2021-09-16,2021,9,-0.3644285,-0.78316516,-0.30237263
Sri Lanka,LKA,0.7827866,2021-09-16,2021,9,0.9153308,1.1091477,0.52661926
Sudan,SDN,-0.12948056,2021-09-16,2021,9,-0.24306305,-0.5406762,-0.14300026
Suriname,SUR,1.6643071,2021-09-16,2021,9,1.3883753,1.5954113,1.4329758
Sweden,SWE,-0.4119009,2021-09-16,2021,9,-0.4833026,-0.36480695,-0.31445587
Switzerland,CHE,0.3954379,2021-09-16,2021,9,1.1731956,1.8831549,0.55390066
Syria,SYR,-0.554208,2021-09-16,2021,9,-1.0580038,-2.1684494,-2.160439
Taiwan,TWN,0.295105,2021-09-16,2021,9,0.08390442,-0.5859253,-0.5683817
Tajikistan,TJK,-1.7390966,2021-09-16,2021,9,-1.8198304,-1.2345128,-1.2943825
Thailand,THA,-0.17616141,2021-09-16,2021,9,-0.6795723,-0.9731502,-0.0003029759
The Bahamas,BHS,0.73993784,2021-09-16,2021,9,0.085998595,-0.995522,-1.0959053
Togo,TGO,0.6631773,2021-09-16,2021,9,0.47956493,-0.7469382,-1.6078445
Trinidad and Tobago,TTO,1.0244869,2021-09-16,2021,9,1.1830254,0.8891039,0.96248543
Tunisia,TUN,-2.01622,2021-09-16,2021,9,-1.7004303,-1.6336925,-1.3086629
Turkey,TUR,0.44388992,2021-09-16,2021,9,0.13873275,-1.1650671,-1.4190108
Turkmenistan,TKM,-2.3741298,2021-09-16,2021,9,-2.4127212,-2.547127,-2.5819447
Uganda,UGA,0.34700435,2021-09-16,2021,9,-1.0613657,0.40795085,-0.24882832
Ukraine,UKR,-0.13475145,2021-09-16,2021,9,0.17180313,0.33971602,0.80459994
United Arab Emirates,ARE,-1.8480407,2021-09-16,2021,9,-1.9423448,-1.8807263,-1.9989296
United Kingdom,GBR,-0.51419926,2021-09-16,2021,9,-0.7938084,0.41078377,-0.30508548
United Republic of Tanzania,TZA,-0.052471448,2021-09-16,2021,9,-0.10861169,-0.046437006,-0.5559037
United States Virgin Islands,VIR,-1.0343069,2021-09-16,2021,9,0.06657226,0.14026481,-0.25932735
United States of America,USA,0.22014728,2021-09-16,2021,9,0.19074196,0.02078777,-0.4297204
Uruguay,URY,-0.18190567,2021-09-16,2021,9,-0.34559157,-0.028499814,0.073102124
Uzbekistan,UZB,-2.0678995,2021-09-16,2021,9,-2.1551378,-2.341903,-2.3858898
Vanuatu,VUT,-0.0020685436,2021-09-16,2021,9,-0.050360695,0.014646653,0.08426567
Venezuela,VEN,-0.15769066,2021-09-16,2021,9,-0.32865006,-0.40904784,-0.16229148
Vietnam,VNM,-0.6251256,2021-09-16,2021,9,-0.9412569,-0.92067444,-0.20911454
Western Sahara,ESH,-0.5128169,2021-09-16,2021,9,-0.8684468,-0.7295952,-1.0435734
Yemen,YEM,-0.68025506,2021-09-16,2021,9,-0.56677115,-0.32388163,-0.01277382
Zambia,ZMB,-0.3359397,2021-09-16,2021,9,-0.2688265,-0.060733493,0.28253135
Zimbabwe,ZWE,-0.30081448,2021-09-16,2021,9,-0.073045895,0.022667954,-0.075721055
eSwatini,SWZ,-1.2459671,2021-09-16,2021,9,0.06732907,-0.8174734,-0.48197746
Afghanistan,AFG,-1.7567651,2021-10-16,2021,10,-1.9692148,-2.025038,-1.5875882
Aland,ALA,0.44105214,2021-10-16,2021,10,-0.62855566,-0.6403056,-0.77870286
Albania,ALB,0.112939894,2021-10-16,2021,10,-0.973695,-1.2445828,-1.6577812
Algeria,DZA,-1.5907046,2021-10-16,2021,10,-1.3255609,-1.1456718,-0.7816189
Angola,AGO,0.09391864,2021-10-16,2021,10,-0.38090327,-0.71275944,-0.24170434
Antarctica,ATA,,2021-10-16,2021,10,,,
Argentina,ARG,-1.4447145,2021-10-16,2021,10,-1.415211,-1.4634784,-0.91038454
Armenia,ARM,0.47873908,2021-10-16,2021,10,0.5549258,-0.88961667,-1.9458165
Australia,AUS,-0.4652735,2021-10-16,2021,10,-0.6336293,-0.37647635,-0.23705676
Austria,AUT,-0.63694185,2021-10-16,2021,10,0.49388063,0.25359023,0.40481326
Azerbaijan,AZE,0.72965986,2021-10-16,2021,10,0.32411277,-0.92996186,-1.3744465
Bangladesh,BGD,0.19851494,2021-10-16,2021,10,-0.21344624,-0.010432034,-0.20736955
Belarus,BLR,0.69742936,2021-10-16,2021,10,0.5673903,-0.52713805,-0.7914047
Belgium,BEL,-0.33823705,2021-10-16,2021,10,0.25987574,1.1395034,1.5973079
Belize,BLZ,0.5035186,2021-10-16,2021,10,-0.28908476,-0.8026853,-0.70694596
Benin,BEN,0.34926087,2021-10-16,2021,10,0.4424157,0.40790156,-0.88946307
Bhutan,BTN,0.010700895,2021-10-16,2021,10,-0.94535446,-1.1715807,-1.0956126
Bolivia,BOL,-1.0675347,2021-10-16,2021,10,-1.2709688,-1.0061272,-1.0435581
Bosnia and Herzegovina,BIH,-0.42220458,2021-10-16,2021,10,-0.7359327,-1.2204497,-1.3718066
Botswana,BWA,-0.37534204,2021-10-16,2021,10,-0.87928474,-0.8773823,-0.8626353
Brazil,BRA,-0.20281231,2021-10-16,2021,10,-0.6222375,-0.49866775,-0.66116345
Brunei,BRN,1.598202,2021-10-16,2021,10,1.6831994,1.6385808,0.8459878
Bulgaria,BGR,-0.13748045,2021-10-16,2021,10,-1.2670727,0.02176157,0.32453427
Burkina Faso,BFA,-0.19640662,2021-10-16,2021,10,0.02330726,0.7766391,0.36799678
Burundi,BDI,-1.0109915,2021-10-16,2021,10,-0.34529024,-1.2575743,0.36340198
Cabo Verde,CPV,-0.059454296,2021-10-16,2021,10,-0.0050382605,-0.055629287,0.14248425
Cambodia,KHM,1.419191,2021-10-16,2021,10,0.51948667,-0.27557763,-0.47940683
Cameroon,CMR,0.3348757,2021-10-16,2021,10,-0.2910278,-0.3009795,-0.6948158
Canada,CAN,-0.25482732,2021-10-16,2021,10,-0.40431178,-0.5111426,-0.48028824
Cayman Islands,CYM,,2021-10-16,2021,10,,,
Central African Republic,CAF,0.58777606,2021-10-16,2021,10,0.7205233,0.4459634,0.102312244
Chad,TCD,0.25811377,2021-10-16,2021,10,0.16086057,0.20498367,-0.5867316
Chile,CHL,-0.74708724,2021-10-16,2021,10,-0.8517571,-0.7751215,-0.8241476
China,CHN,0.1975288,2021-10-16,2021,10,-0.046223104,0.004143386,-0.11455083
Colombia,COL,0.45877197,2021-10-16,2021,10,0.23753005,0.42940858,0.11847888
Comoros,COM,-1.7096012,2021-10-16,2021,10,-1.6991553,-0.3204239,-0.4007156
Costa Rica,CRI,0.97267723,2021-10-16,2021,10,0.9698251,0.1396833,0.21188757
Croatia,HRV,-0.6423912,2021-10-16,2021,10,-0.7425625,-1.2513562,-1.1549174
Cuba,CUB,-0.8191811,2021-10-16,2021,10,0.06392481,0.70160735,0.11773012
Cyprus,CYP,-0.33799487,2021-10-16,2021,10,-0.39577413,-0.35155958,-1.3136066
Czechia,CZE,-0.24725808,2021-10-16,2021,10,0.60304636,0.3850365,0.0191041
Democratic Republic of the Congo,COD,-0.07401335,2021-10-16,2021,10,0.10356191,0.025111472,0.032960724
Denmark,DNK,0.03919558,2021-10-16,2021,10,-0.32267195,-0.783287,-0.20184614
Djibouti,DJI,-0.5512373,2021-10-16,2021,10,-0.08697995,-0.13211295,0.47039565
Dominican Republic,DOM,-0.0301902,2021-10-16,2021,10,0.3198536,0.35084766,-0.19015205
East Timor,TLS,-0.30187857,2021-10-16,2021,10,-0.13425393,-0.24959035,-0.451542
Ecuador,ECU,0.49015278,2021-10-16,2021,10,-0.31825823,-0.13725783,-0.20037308
Egypt,EGY,-1.1846031,2021-10-16,2021,10,-1.5062854,-1.43611,-1.4649844
El Salvador,SLV,-0.3019092,2021-10-16,2021,10,-0.3137075,-0.3419521,-0.39702755
Equatorial Guinea,GNQ,-0.2764691,2021-10-16,2021,10,-0.25202778,0.33936286,0.023868296
Eritrea,ERI,0.13419463,2021-10-16,2021,10,0.34168357,0.0705211,0.20617774
Estonia,EST,0.55473834,2021-10-16,2021,10,-0.48059097,-0.78010625,-1.1074399
Ethiopia,ETH,0.37718785,2021-10-16,2021,10,0.041311428,-0.28925833,0.11848262
Falkland Islands,FLK,-2.0191388,2021-10-16,2021,10,-1.9671657,-1.4767871,-0.82284105
Faroe Islands,FRO,0.10490948,2021-10-16,2021,10,-0.25505862,-0.8092116,-0.5030827
Fiji,FJI,-1.3583477,2021-10-16,2021,10,-1.3892074,-1.4021449,-0.06539366
Finland,FIN,1.0944157,2021-10-16,2021,10,-0.3902504,-0.62000525,-1.0094627
France,-99,-0.5108414,2021-10-16,2021,10,-0.656999,-0.5252896,-0.4945605
French Polynesia,PYF,-0.435741,2021-10-16,2021,10,-0.8465383,-0.3218976,-1.0716594
French Southern and Antarctic Lands,ATF,0.84634274,2021-10-16,2021,10,0.491452,0.957406,0.7444702
Gabon,GAB,-1.2941655,2021-10-16,2021,10,-0.5963885,0.6543443,0.29685646
Gambia,GMB,0.15493853,2021-10-16,2021,10,-0.5067209,-0.40211305,-1.3050923
Georgia,GEO,0.99766785,2021-10-16,2021,10,1.0989418,-0.35863248,-1.4734625
Germany,DEU,-0.26465252,2021-10-16,2021,10,0.27838695,0.6904696,0.68903756
Ghana,GHA,0.38168964,2021-10-16,2021,10,0.62355113,0.648012,-0.14718442
Greece,GRC,0.42646575,2021-10-16,2021,10,-1.4251804,-0.9985724,-1.3302948
Greenland,GRL,-0.31875235,2021-10-16,2021,10,-0.68748546,-0.90594614,-0.75207424
Guatemala,GTM,-0.35447618,2021-10-16,2021,10,-0.6667225,-0.8664684,-0.6294898
Guinea,GIN,0.4202218,2021-10-16,2021,10,-0.07817934,-0.08657261,-0.5640348
Guinea-Bissau,GNB,0.18843313,2021-10-16,2021,10,-0.6678291,-0.5843113,-1.32249
Guyana,GUY,0.8827239,2021-10-16,2021,10,0.7818028,1.1454945,1.3723224
Haiti,HTI,1.4204867,2021-10-16,2021,10,1.7961736,1.9356439,-0.8280646
Honduras,HND,-0.04978398,2021-10-16,2021,10,-0.49878728,-0.5582215,-0.41321555
Hungary,HUN,-0.61050117,2021-10-16,2021,10,-0.49043,-1.2937142,-1.3693477
Iceland,ISL,1.7629741,2021-10-16,2021,10,0.49593535,-1.7584797,-1.0648447
India,IND,0.28628182,2021-10-16,2021,10,0.12975219,-0.099662244,0.44808024
Indonesia,IDN,1.063496,2021-10-16,2021,10,0.97062063,0.59337246,0.28221813
Iran,IRN,-1.5794591,2021-10-16,2021,10,-1.5624008,-1.8671699,-1.6570591
Iraq,IRQ,-1.2919582,2021-10-16,2021,10,-1.5633659,-1.933646,-2.539772
Ireland,IRL,0.40957975,2021-10-16,2021,10,-0.6147571,-1.0971742,0.04701357
Israel,ISR,-0.6577515,2021-10-16,2021,10,-1.0991979,-0.9907945,-1.3333268
Italy,ITA,-1.1019244,2021-10-16,2021,10,-1.0206078,-1.0768297,-0.6684768
Ivory Coast,CIV,0.071331054,2021-10-16,2021,10,0.31556016,0.46961585,0.275799
Jamaica,JAM,-0.11185525,2021-10-16,2021,10,0.9609535,1.448386,0.12841071
Japan,JPN,0.50552624,2021-10-16,2021,10,0.28534892,0.122381076,-0.39377746
Jordan,JOR,-0.479725,2021-10-16,2021,10,-0.9907697,-0.97194904,-1.2568088
Kazakhstan,KAZ,-1.0121737,2021-10-16,2021,10,-1.288718,-1.492069,-1.9630688
Kenya,KEN,0.92867154,2021-10-16,2021,10,0.5807593,0.22764987,0.25648993
Kiribati,KIR,,2021-10-16,2021,10,,,
Kosovo,-99,0.07235816,2021-10-16,2021,10,-0.5108414,-0.656999,-0.5252896
Kuwait,KWT,-1.5727998,2021-10-16,2021,10,-1.80938,-1.9969014,-2.2152348
Kyrgyzstan,KGZ,-0.9222071,2021-10-16,2021,10,-1.0399321,-1.0490863,-1.2797035
Laos,LAO,-0.36927876,2021-10-16,2021,10,-1.0840348,-0.8773714,-0.9119761
Latvia,LVA,0.26624367,2021-10-16,2021,10,-0.3601626,-0.74990493,-0.8682371
Lebanon,LBN,-0.79315096,2021-10-16,2021,10,-0.70290244,-0.70140594,-1.4919062
Lesotho,LSO,-0.2942901,2021-10-16,2021,10,0.05324599,0.11231915,-1.7490764
Liberia,LBR,-0.15586838,2021-10-16,2021,10,-0.025932055,0.036441997,-0.046615634
Libya,LBY,-1.244779,2021-10-16,2021,10,-1.6795641,-1.7670802,-1.6925362
Lithuania,LTU,0.4450624,2021-10-16,2021,10,0.26005957,-0.34525365,-0.44676957
Luxembourg,LUX,-0.7048723,2021-10-16,2021,10,0.30770758,1.3182744,1.7605397
Madagascar,MDG,-0.32934648,2021-10-16,2021,10,-0.2656528,-0.018426582,-0.28909686
Malawi,MWI,-0.681318,2021-10-16,2021,10,-0.13655631,0.9410344,0.34694526
Malaysia,MYS,0.9363413,2021-10-16,2021,10,1.1891978,1.0146152,0.9267775
Mali,MLI,-0.60121727,2021-10-16,2021,10,-0.56459683,-0.3917562,-0.5974352
Mauritania,MRT,-0.4933805,2021-10-16,2021,10,-0.45683149,-0.5879502,-0.6543554
Mauritius,MUS,1.399152,2021-10-16,2021,10,0.9063838,1.4206128,-0.101813026
Mexico,MEX,0.33315253,2021-10-16,2021,10,0.6455039,1.082691,0.73017555
Moldova,MDA,-0.6975666,2021-10-16,2021,10,-0.18966112,0.82590145,1.0213554
Mongolia,MNG,0.66232854,2021-10-16,2021,10,0.42992827,0.27176505,-0.06796993
Montenegro,MNE,-0.6735735,2021-10-16,2021,10,-1.1462139,-1.3622069,-1.421608
Morocco,MAR,-1.7376231,2021-10-16,2021,10,-1.2570711,-1.2093157,-0.8625444
Mozambique,MOZ,-0.7227349,2021-10-16,2021,10,-0.4940135,0.423389,0.17081057
Myanmar,MMR,0.049784787,2021-10-16,2021,10,-0.2905226,-0.33470136,-1.095081
Namibia,NAM,0.42874065,2021-10-16,2021,10,-0.33446226,-0.22856519,-0.10528061
Nepal,NPL,-0.15556291,2021-10-16,2021,10,-0.38638827,0.22596352,0.81438416
Netherlands,NLD,-0.28301725,2021-10-16,2021,10,-0.24072215,0.61459994,1.3697193
New Caledonia,NCL,0.73705703,2021-10-16,2021,10,-1.5576617,-1.9491035,-0.8816858
New Zealand,NZL,0.5202338,2021-10-16,2021,10,0.3730267,0.23366897,-0.053758375
Nicaragua,NIC,-0.10723339,2021-10-16,2021,10,-0.20023958,-0.39134455,-0.65689814
Niger,NER,-0.38864625,2021-10-16,2021,10,-0.3796075,-0.8800452,-1.3081448
Nigeria,NGA,-0.12435243,2021-10-16,2021,10,-0.22778086,-0.4525487,-1.0122663
North Korea,PRK,0.71956205,2021-10-16,2021,10,-0.93773407,-0.70403737,-0.85083884
North Macedonia,MKD,0.66626453,2021-10-16,2021,10,-0.72602487,-0.72324485,-1.2536983
Northern Cyprus,-99,-0.41532236,2021-10-16,2021,10,0.07235816,-0.5108414,-0.656999
Norway,-99,0.014379511,2021-10-16,2021,10,-0.41532236,0.07235816,-0.5108414
Oman,OMN,-1.285349,2021-10-16,2021,10,-1.3548976,-1.4702724,-1.3980294
Pakistan,PAK,-0.63743687,2021-10-16,2021,10,-0.6104115,-0.9374779,-0.52431035
Palestine,PSE,-0.7536917,2021-10-16,2021,10,-1.3869289,-1.1561435,-1.166874
Panama,PAN,0.4705365,2021-10-16,2021,10,0.8447832,0.3865441,0.26981625
Papua New Guinea,PNG,0.17966908,2021-10-16,2021,10,0.034379926,0.104376234,0.13211939
Paraguay,PRY,-0.7800355,2021-10-16,2021,10,-1.9073364,-1.3174775,-1.2668425
Peru,PER,-0.5426342,2021-10-16,2021,10,-1.023947,-0.80277336,-0.33467087
Philippines,PHL,0.49376872,2021-10-16,2021,10,0.13162376,-0.039694097,0.41295594
Poland,POL,0.29390442,2021-10-16,2021,10,0.614137,0.11973312,-0.5297853
Portugal,PRT,-0.2164071,2021-10-16,2021,10,-0.1456641,-0.4188001,-0.8276505
Puerto Rico,PRI,-0.6575803,2021-10-16,2021,10,-0.99071175,0.24426556,0.30126974
Qatar,QAT,-1.9280297,2021-10-16,2021,10,-1.9517733,-2.052283,-2.1228077
Republic of Serbia,SRB,-0.4904229,2021-10-16,2021,10,-1.0235934,-1.4384537,-1.4169971
Republic of the Congo,COG,-0.8696293,2021-10-16,2021,10,0.44979328,1.1465838,0.15640798
Romania,ROU,-0.61769664,2021-10-16,2021,10,-0.5582768,-0.3193829,-0.10139505
Russia,RUS,-0.16519122,2021-10-16,2021,10,-0.36920887,-0.714938,-0.75399184
Rwanda,RWA,-0.43123895,2021-10-16,2021,10,0.047926247,-1.389976,0.11624174
Saint Vincent and the Grenadines,VCT,-0.45502752,2021-10-16,2021,10,-0.68660927,0.003968312,-0.04599407
Samoa,WSM,-0.6880586,2021-10-16,2021,10,-0.39158523,0.6273627,-0.017674979
Saudi Arabia,SAU,-1.5025985,2021-10-16,2021,10,-1.6135257,-1.6017008,-1.5346454
Senegal,SEN,0.35295245,2021-10-16,2021,10,-0.3577712,-0.29492268,-1.5749011
Siachen Glacier,-99,-0.99471414,2021-10-16,2021,10,0.014379511,-0.41532236,0.07235816
Sierra Leone,SLE,0.6336699,2021-10-16,2021,10,-0.1642208,-0.11736176,-0.1798275
Slovakia,SVK,-0.14751947,2021-10-16,2021,10,0.36019826,-0.50819916,-1.0709438
Slovenia,SVN,-1.1699784,2021-10-16,2021,10,-0.88536185,-1.2813672,-0.43548632
Solomon Islands,SLB,0.03890474,2021-10-16,2021,10,0.036092382,0.03823063,0.051780004
Somalia,SOM,0.36765018,2021-10-16,2021,10,-0.48367408,-0.44342542,-0.2340476
Somaliland,-99,-0.6624476,2021-10-16,2021,10,-0.99471414,0.014379511,-0.41532236
South Africa,ZAF,-0.4805453,2021-10-16,2021,10,-0.8331669,-0.5562666,-1.251297
South Georgia and the Islands,SGS,-2.438146,2021-10-16,2021,10,-2.5605283,-0.7230368,-1.1856161
South Korea,KOR,0.96090144,2021-10-16,2021,10,0.2617268,-0.18126123,-0.5975623
South Sudan,SSD,-0.23197974,2021-10-16,2021,10,-0.12095409,-0.25123954,-0.11381742
Spain,ESP,-0.17661297,2021-10-16,2021,10,-0.17431223,-0.3644285,-0.78316516
Sri Lanka,LKA,0.70806855,2021-10-16,2021,10,0.7827866,0.9153308,1.1091477
Sudan,SDN,-0.06563832,2021-10-16,2021,10,-0.12948056,-0.24306305,-0.5406762
Suriname,SUR,1.1536362,2021-10-16,2021,10,1.6643071,1.3883753,1.5954113
Sweden,SWE,0.14656904,2021-10-16,2021,10,-0.4119009,-0.4833026,-0.36480695
Switzerland,CHE,-1.1138128,2021-10-16,2021,10,0.3954379,1.1731956,1.8831549
Syria,SYR,-0.6632119,2021-10-16,2021,10,-0.554208,-1.0580038,-2.1684494
Taiwan,TWN,0.87233543,2021-10-16,2021,10,0.295105,0.08390442,-0.5859253
Tajikistan,TJK,-1.1072919,2021-10-16,2021,10,-1.7390966,-1.8198304,-1.2345128
Thailand,THA,0.16626312,2021-10-16,2021,10,-0.17616141,-0.6795723,-0.9731502
The Bahamas,BHS,0.45119062,2021-10-16,2021,10,0.73993784,0.085998595,-0.995522
Togo,TGO,0.61694324,2021-10-16,2021,10,0.6631773,0.47956493,-0.7469382
Trinidad and Tobago,TTO,1.1482072,2021-10-16,2021,10,1.0244869,1.1830254,0.8891039
Tunisia,TUN,-1.4472841,2021-10-16,2021,10,-2.01622,-1.7004303,-1.6336925
Turkey,TUR,-0.07227684,2021-10-16,2021,10,0.44388992,0.13873275,-1.1650671
Turkmenistan,TKM,-1.7983439,2021-10-16,2021,10,-2.3741298,-2.4127212,-2.547127
Uganda,UGA,0.2098329,2021-10-16,2021,10,0.34700435,-1.0613657,0.40795085
Ukraine,UKR,-0.50854975,2021-10-16,2021,10,-0.13475145,0.17180313,0.33971602
United Arab Emirates,ARE,-1.9039111,2021-10-16,2021,10,-1.8480407,-1.9423448,-1.8807263
United Kingdom,GBR,0.3040881,2021-10-16,2021,10,-0.51419926,-0.7938084,0.41078377
United Republic of Tanzania,TZA,-0.1936269,2021-10-16,2021,10,-0.052471448,-0.10861169,-0.046437006
United States Virgin Islands,VIR,-0.59656537,2021-10-16,2021,10,-1.0343069,0.06657226,0.14026481
United States of America,USA,0.4297255,2021-10-16,2021,10,0.22014728,0.19074196,0.02078777
Uruguay,URY,-0.7502645,2021-10-16,2021,10,-0.18190567,-0.34559157,-0.028499814
Uzbekistan,UZB,-1.4891796,2021-10-16,2021,10,-2.0678995,-2.1551378,-2.341903
Vanuatu,VUT,0.07873225,2021-10-16,2021,10,-0.0020685436,-0.050360695,0.014646653
Venezuela,VEN,0.27094966,2021-10-16,2021,10,-0.15769066,-0.32865006,-0.40904784
Vietnam,VNM,0.32061395,2021-10-16,2021,10,-0.6251256,-0.9412569,-0.92067444
Western Sahara,ESH,-0.75058156,2021-10-16,2021,10,-0.5128169,-0.8684468,-0.7295952
Yemen,YEM,-0.7805044,2021-10-16,2021,10,-0.68025506,-0.56677115,-0.32388163
Zambia,ZMB,0.074866384,2021-10-16,2021,10,-0.3359397,-0.2688265,-0.060733493
Zimbabwe,ZWE,-0.23022352,2021-10-16,2021,10,-0.30081448,-0.073045895,0.022667954
eSwatini,SWZ,-0.15876207,2021-10-16,2021,10,-1.2459671,0.06732907,-0.8174734
Afghanistan,AFG,-1.4721153,2021-11-16,2021,11,-1.7567651,-1.9692148,-2.025038
Aland,ALA,-0.40306607,2021-11-16,2021,11,0.44105214,-0.62855566,-0.6403056
Albania,ALB,0.37272474,2021-11-16,2021,11,0.112939894,-0.973695,-1.2445828
Algeria,DZA,-1.164854,2021-11-16,2021,11,-1.5907046,-1.3255609,-1.1456718
Angola,AGO,0.14528537,2021-11-16,2021,11,0.09391864,-0.38090327,-0.71275944
Antarctica,ATA,,2021-11-16,2021,11,,,
Argentina,ARG,-0.866121,2021-11-16,2021,11,-1.4447145,-1.415211,-1.4634784
Armenia,ARM,-0.3918169,2021-11-16,2021,11,0.47873908,0.5549258,-0.88961667
Australia,AUS,0.4265539,2021-11-16,2021,11,-0.4652735,-0.6336293,-0.37647635
Austria,AUT,-1.3048943,2021-11-16,2021,11,-0.63694185,0.49388063,0.25359023
Azerbaijan,AZE,0.21128891,2021-11-16,2021,11,0.72965986,0.32411277,-0.92996186
Bangladesh,BGD,0.16742161,2021-11-16,2021,11,0.19851494,-0.21344624,-0.010432034
Belarus,BLR,-0.3599017,2021-11-16,2021,11,0.69742936,0.5673903,-0.52713805
Belgium,BEL,-0.85813856,2021-11-16,2021,11,-0.33823705,0.25987574,1.1395034
Belize,BLZ,0.18272959,2021-11-16,2021,11,0.5035186,-0.28908476,-0.8026853
Benin,BEN,-0.43608275,2021-11-16,2021,11,0.34926087,0.4424157,0.40790156
Bhutan,BTN,-0.53189033,2021-11-16,2021,11,0.010700895,-0.94535446,-1.1715807
Bolivia,BOL,-0.32513133,2021-11-16,2021,11,-1.0675347,-1.2709688,-1.0061272
Bosnia and Herzegovina,BIH,-0.21251291,2021-11-16,2021,11,-0.42220458,-0.7359327,-1.2204497
Botswana,BWA,-0.16430722,2021-11-16,2021,11,-0.37534204,-0.87928474,-0.8773823
Brazil,BRA,0.26381308,2021-11-16,2021,11,-0.20281231,-0.6222375,-0.49866775
Brunei,BRN,-0.011005783,2021-11-16,2021,11,1.598202,1.6831994,1.6385808
Bulgaria,BGR,-0.13202305,2021-11-16,2021,11,-0.13748045,-1.2670727,0.02176157
Burkina Faso,BFA,-1.3428812,2021-11-16,2021,11,-0.19640662,0.02330726,0.7766391
Burundi,BDI,-1.452734,2021-11-16,2021,11,-1.0109915,-0.34529024,-1.2575743
Cabo Verde,CPV,-0.076330066,2021-11-16,2021,11,-0.059454296,-0.0050382605,-0.055629287
Cambodia,KHM,1.6128294,2021-11-16,2021,11,1.419191,0.51948667,-0.27557763
Cameroon,CMR,0.3054706,2021-11-16,2021,11,0.3348757,-0.2910278,-0.3009795
Canada,CAN,-0.11824748,2021-11-16,2021,11,-0.25482732,-0.40431178,-0.5111426
Cayman Islands,CYM,,2021-11-16,2021,11,,,
Central African Republic,CAF,0.47831786,2021-11-16,2021,11,0.58777606,0.7205233,0.4459634
Chad,TCD,-0.84540313,2021-11-16,2021,11,0.25811377,0.16086057,0.20498367
Chile,CHL,-0.8019886,2021-11-16,2021,11,-0.74708724,-0.8517571,-0.7751215
China,CHN,0.13994718,2021-11-16,2021,11,0.1975288,-0.046223104,0.004143386
Colombia,COL,0.10254174,2021-11-16,2021,11,0.45877197,0.23753005,0.42940858
Comoros,COM,-1.7632303,2021-11-16,2021,11,-1.7096012,-1.6991553,-0.3204239
Costa Rica,CRI,0.42640707,2021-11-16,2021,11,0.97267723,0.9698251,0.1396833
Croatia,HRV,-0.5652854,2021-11-16,2021,11,-0.6423912,-0.7425625,-1.2513562
Cuba,CUB,-1.1282396,2021-11-16,2021,11,-0.8191811,0.06392481,0.70160735
Cyprus,CYP,-0.5418799,2021-11-16,2021,11,-0.33799487,-0.39577413,-0.35155958
Czechia,CZE,-1.508349,2021-11-16,2021,11,-0.24725808,0.60304636,0.3850365
Democratic Republic of the Congo,COD,-0.05578593,2021-11-16,2021,11,-0.07401335,0.10356191,0.025111472
Denmark,DNK,-0.10845608,2021-11-16,2021,11,0.03919558,-0.32267195,-0.783287
Djibouti,DJI,-0.42713684,2021-11-16,2021,11,-0.5512373,-0.08697995,-0.13211295
Dominican Republic,DOM,-1.3300914,2021-11-16,2021,11,-0.0301902,0.3198536,0.35084766
East Timor,TLS,0.0035414125,2021-11-16,2021,11,-0.30187857,-0.13425393,-0.24959035
Ecuador,ECU,0.6658132,2021-11-16,2021,11,0.49015278,-0.31825823,-0.13725783
Egypt,EGY,-0.85089695,2021-11-16,2021,11,-1.1846031,-1.5062854,-1.43611
El Salvador,SLV,-0.4380515,2021-11-16,2021,11,-0.3019092,-0.3137075,-0.3419521
Equatorial Guinea,GNQ,-0.90223247,2021-11-16,2021,11,-0.2764691,-0.25202778,0.33936286
Eritrea,ERI,0.87897474,2021-11-16,2021,11,0.13419463,0.34168357,0.0705211
Estonia,EST,-0.06517175,2021-11-16,2021,11,0.55473834,-0.48059097,-0.78010625
Ethiopia,ETH,0.39621967,2021-11-16,2021,11,0.37718785,0.041311428,-0.28925833
Falkland Islands,FLK,-1.7181635,2021-11-16,2021,11,-2.0191388,-1.9671657,-1.4767871
Faroe Islands,FRO,0.3539417,2021-11-16,2021,11,0.10490948,-0.25505862,-0.8092116
Fiji,FJI,0.21327552,2021-11-16,2021,11,-1.3583477,-1.3892074,-1.4021449
Finland,FIN,0.2145891,2021-11-16,2021,11,1.0944157,-0.3902504,-0.62000525
France,-99,-0.60129774,2021-11-16,2021,11,-0.6624476,-0.99471414,0.014379511
French Polynesia,PYF,-0.8086983,2021-11-16,2021,11,-0.435741,-0.8465383,-0.3218976
French Southern and Antarctic Lands,ATF,1.1688213,2021-11-16,2021,11,0.84634274,0.491452,0.957406
Gabon,GAB,-1.4758456,2021-11-16,2021,11,-1.2941655,-0.5963885,0.6543443
Gambia,GMB,-0.42100507,2021-11-16,2021,11,0.15493853,-0.5067209,-0.40211305
Georgia,GEO,0.5175248,2021-11-16,2021,11,0.99766785,1.0989418,-0.35863248
Germany,DEU,-1.1992491,2021-11-16,2021,11,-0.26465252,0.27838695,0.6904696
Ghana,GHA,0.14111674,2021-11-16,2021,11,0.38168964,0.62355113,0.648012
Greece,GRC,0.36118186,2021-11-16,2021,11,0.42646575,-1.4251804,-0.9985724
Greenland,GRL,0.44285762,2021-11-16,2021,11,-0.31875235,-0.68748546,-0.90594614
Guatemala,GTM,-0.960948,2021-11-16,2021,11,-0.35447618,-0.6667225,-0.8664684
Guinea,GIN,-0.31842053,2021-11-16,2021,11,0.4202218,-0.07817934,-0.08657261
Guinea-Bissau,GNB,-0.35206425,2021-11-16,2021,11,0.18843313,-0.6678291,-0.5843113
Guyana,GUY,0.93204683,2021-11-16,2021,11,0.8827239,0.7818028,1.1454945
Haiti,HTI,-1.7879308,2021-11-16,2021,11,1.4204867,1.7961736,1.9356439
Honduras,HND,-0.10187157,2021-11-16,2021,11,-0.04978398,-0.49878728,-0.5582215
Hungary,HUN,-0.99342513,2021-11-16,2021,11,-0.61050117,-0.49043,-1.2937142
Iceland,ISL,2.2473137,2021-11-16,2021,11,1.7629741,0.49593535,-1.7584797
India,IND,0.86990285,2021-11-16,2021,11,0.28628182,0.12975219,-0.099662244
Indonesia,IDN,0.8434174,2021-11-16,2021,11,1.063496,0.97062063,0.59337246
Iran,IRN,-1.1133537,2021-11-16,2021,11,-1.5794591,-1.5624008,-1.8671699
Iraq,IRQ,-1.2593294,2021-11-16,2021,11,-1.2919582,-1.5633659,-1.933646
Ireland,IRL,-0.14681843,2021-11-16,2021,11,0.40957975,-0.6147571,-1.0971742
Israel,ISR,-0.44885036,2021-11-16,2021,11,-0.6577515,-1.0991979,-0.9907945
Italy,ITA,-0.7741511,2021-11-16,2021,11,-1.1019244,-1.0206078,-1.0768297
Ivory Coast,CIV,-0.20657441,2021-11-16,2021,11,0.071331054,0.31556016,0.46961585
Jamaica,JAM,-0.26347086,2021-11-16,2021,11,-0.11185525,0.9609535,1.448386
Japan,JPN,-0.26858157,2021-11-16,2021,11,0.50552624,0.28534892,0.122381076
Jordan,JOR,-0.43192792,2021-11-16,2021,11,-0.479725,-0.9907697,-0.97194904
Kazakhstan,KAZ,-0.71273714,2021-11-16,2021,11,-1.0121737,-1.288718,-1.492069
Kenya,KEN,1.4819689,2021-11-16,2021,11,0.92867154,0.5807593,0.22764987
Kiribati,KIR,,2021-11-16,2021,11,,,
Kosovo,-99,0.4496772,2021-11-16,2021,11,-0.60129774,-0.6624476,-0.99471414
Kuwait,KWT,-1.4924722,2021-11-16,2021,11,-1.5727998,-1.80938,-1.9969014
Kyrgyzstan,KGZ,-1.0845779,2021-11-16,2021,11,-0.9222071,-1.0399321,-1.0490863
Laos,LAO,0.14224446,2021-11-16,2021,11,-0.36927876,-1.0840348,-0.8773714
Latvia,LVA,-0.11961679,2021-11-16,2021,11,0.26624367,-0.3601626,-0.74990493
Lebanon,LBN,-0.95542705,2021-11-16,2021,11,-0.79315096,-0.70290244,-0.70140594
Lesotho,LSO,-0.8752684,2021-11-16,2021,11,-0.2942901,0.05324599,0.11231915
Liberia,LBR,-0.42088312,2021-11-16,2021,11,-0.15586838,-0.025932055,0.036441997
Libya,LBY,-0.8502411,2021-11-16,2021,11,-1.244779,-1.6795641,-1.7670802
Lithuania,LTU,-0.33047086,2021-11-16,2021,11,0.4450624,0.26005957,-0.34525365
Luxembourg,LUX,-1.3385413,2021-11-16,2021,11,-0.7048723,0.30770758,1.3182744
Madagascar,MDG,-0.018098352,2021-11-16,2021,11,-0.32934648,-0.2656528,-0.018426582
Malawi,MWI,-0.71954787,2021-11-16,2021,11,-0.681318,-0.13655631,0.9410344
Malaysia,MYS,-0.3147423,2021-11-16,2021,11,0.9363413,1.1891978,1.0146152
Mali,MLI,-1.3121761,2021-11-16,2021,11,-0.60121727,-0.56459683,-0.3917562
Mauritania,MRT,-0.5549403,2021-11-16,2021,11,-0.4933805,-0.45683149,-0.5879502
Mauritius,MUS,-0.5763375,2021-11-16,2021,11,1.399152,0.9063838,1.4206128
Mexico,MEX,-0.3738487,2021-11-16,2021,11,0.33315253,0.6455039,1.082691
Moldova,MDA,-1.5006733,2021-11-16,2021,11,-0.6975666,-0.18966112,0.82590145
Mongolia,MNG,-0.19018885,2021-11-16,2021,11,0.66232854,0.42992827,0.27176505
Montenegro,MNE,-0.10725064,2021-11-16,2021,11,-0.6735735,-1.1462139,-1.3622069
Morocco,MAR,-0.7112974,2021-11-16,2021,11,-1.7376231,-1.2570711,-1.2093157
Mozambique,MOZ,-1.0240616,2021-11-16,2021,11,-0.7227349,-0.4940135,0.423389
Myanmar,MMR,0.074764244,2021-11-16,2021,11,0.049784787,-0.2905226,-0.33470136
Namibia,NAM,-0.10885425,2021-11-16,2021,11,0.42874065,-0.33446226,-0.22856519
Nepal,NPL,0.07937237,2021-11-16,2021,11,-0.15556291,-0.38638827,0.22596352
Netherlands,NLD,-0.69606036,2021-11-16,2021,11,-0.28301725,-0.24072215,0.61459994
New Caledonia,NCL,0.91717196,2021-11-16,2021,11,0.73705703,-1.5576617,-1.9491035
New Zealand,NZL,0.35056207,2021-11-16,2021,11,0.5202338,0.3730267,0.23366897
Nicaragua,NIC,-0.80684704,2021-11-16,2021,11,-0.10723339,-0.20023958,-0.39134455
Niger,NER,-1.1884527,2021-11-16,2021,11,-0.38864625,-0.3796075,-0.8800452
Nigeria,NGA,-0.33063352,2021-11-16,2021,11,-0.12435243,-0.22778086,-0.4525487
North Korea,PRK,0.90285355,2021-11-16,2021,11,0.71956205,-0.93773407,-0.70403737
North Macedonia,MKD,0.6197838,2021-11-16,2021,11,0.66626453,-0.72602487,-0.72324485
Northern Cyprus,-99,-0.75980604,2021-11-16,2021,11,0.4496772,-0.60129774,-0.6624476
Norway,-99,0.4117656,2021-11-16,2021,11,-0.75980604,0.4496772,-0.60129774
Oman,OMN,-0.9196702,2021-11-16,2021,11,-1.285349,-1.3548976,-1.4702724
Pakistan,PAK,-0.10408087,2021-11-16,2021,11,-0.63743687,-0.6104115,-0.9374779
Palestine,PSE,-0.48870623,2021-11-16,2021,11,-0.7536917,-1.3869289,-1.1561435
Panama,PAN,-0.019310694,2021-11-16,2021,11,0.4705365,0.8447832,0.3865441
Papua New Guinea,PNG,0.16514112,2021-11-16,2021,11,0.17966908,0.034379926,0.104376234
Paraguay,PRY,-0.018570181,2021-11-16,2021,11,-0.7800355,-1.9073364,-1.3174775
Peru,PER,-0.21641096,2021-11-16,2021,11,-0.5426342,-1.023947,-0.80277336
Philippines,PHL,0.47693193,2021-11-16,2021,11,0.49376872,0.13162376,-0.039694097
Poland,POL,-1.1158273,2021-11-16,2021,11,0.29390442,0.614137,0.11973312
Portugal,PRT,-0.770574,2021-11-16,2021,11,-0.2164071,-0.1456641,-0.4188001
Puerto Rico,PRI,-0.4589957,2021-11-16,2021,11,-0.6575803,-0.99071175,0.24426556
Qatar,QAT,-1.8378882,2021-11-16,2021,11,-1.9280297,-1.9517733,-2.052283
Republic of Serbia,SRB,-0.21029373,2021-11-16,2021,11,-0.4904229,-1.0235934,-1.4384537
Republic of the Congo,COG,-1.0308487,2021-11-16,2021,11,-0.8696293,0.44979328,1.1465838
Romania,ROU,-0.9802909,2021-11-16,2021,11,-0.61769664,-0.5582768,-0.3193829
Russia,RUS,0.24366014,2021-11-16,2021,11,-0.16519122,-0.36920887,-0.714938
Rwanda,RWA,-0.9573385,2021-11-16,2021,11,-0.43123895,0.047926247,-1.389976
Saint Vincent and the Grenadines,VCT,-1.3914683,2021-11-16,2021,11,-0.45502752,-0.68660927,0.003968312
Samoa,WSM,-0.75151014,2021-11-16,2021,11,-0.6880586,-0.39158523,0.6273627
Saudi Arabia,SAU,-1.4219722,2021-11-16,2021,11,-1.5025985,-1.6135257,-1.6017008
Senegal,SEN,-0.47518164,2021-11-16,2021,11,0.35295245,-0.3577712,-0.29492268
Siachen Glacier,-99,-0.631029,2021-11-16,2021,11,0.4117656,-0.75980604,0.4496772
Sierra Leone,SLE,0.58552086,2021-11-16,2021,11,0.6336699,-0.1642208,-0.11736176
Slovakia,SVK,-1.2486238,2021-11-16,2021,11,-0.14751947,0.36019826,-0.50819916
Slovenia,SVN,-1.0311168,2021-11-16,2021,11,-1.1699784,-0.88536185,-1.2813672
Solomon Islands,SLB,0.05968467,2021-11-16,2021,11,0.03890474,0.036092382,0.03823063
Somalia,SOM,0.4428016,2021-11-16,2021,11,0.36765018,-0.48367408,-0.44342542
Somaliland,-99,-0.28306648,2021-11-16,2021,11,-0.631029,0.4117656,-0.75980604
South Africa,ZAF,-0.39631307,2021-11-16,2021,11,-0.4805453,-0.8331669,-0.5562666
South Georgia and the Islands,SGS,-2.372099,2021-11-16,2021,11,-2.438146,-2.5605283,-0.7230368
South Korea,KOR,0.32707757,2021-11-16,2021,11,0.96090144,0.2617268,-0.18126123
South Sudan,SSD,-0.18064432,2021-11-16,2021,11,-0.23197974,-0.12095409,-0.25123954
Spain,ESP,-0.1725539,2021-11-16,2021,11,-0.17661297,-0.17431223,-0.3644285
Sri Lanka,LKA,1.0352705,2021-11-16,2021,11,0.70806855,0.7827866,0.9153308
Sudan,SDN,-0.6041284,2021-11-16,2021,11,-0.06563832,-0.12948056,-0.24306305
Suriname,SUR,1.2989929,2021-11-16,2021,11,1.1536362,1.6643071,1.3883753
Sweden,SWE,0.25795746,2021-11-16,2021,11,0.14656904,-0.4119009,-0.4833026
Switzerland,CHE,-1.6339666,2021-11-16,2021,11,-1.1138128,0.3954379,1.1731956
Syria,SYR,-1.1581117,2021-11-16,2021,11,-0.6632119,-0.554208,-1.0580038
Taiwan,TWN,0.34962127,2021-11-16,2021,11,0.87233543,0.295105,0.08390442
Tajikistan,TJK,-1.135353,2021-11-16,2021,11,-1.1072919,-1.7390966,-1.8198304
Thailand,THA,0.84241104,2021-11-16,2021,11,0.16626312,-0.17616141,-0.6795723
The Bahamas,BHS,0.1500931,2021-11-16,2021,11,0.45119062,0.73993784,0.085998595
Togo,TGO,0.19879372,2021-11-16,2021,11,0.61694324,0.6631773,0.47956493
Trinidad and Tobago,TTO,-1.2950764,2021-11-16,2021,11,1.1482072,1.0244869,1.1830254
Tunisia,TUN,-1.020008,2021-11-16,2021,11,-1.4472841,-2.01622,-1.7004303
Turkey,TUR,-0.6504283,2021-11-16,2021,11,-0.07227684,0.44388992,0.13873275
Turkmenistan,TKM,-1.1631047,2021-11-16,2021,11,-1.7983439,-2.3741298,-2.4127212
Uganda,UGA,0.92275876,2021-11-16,2021,11,0.2098329,0.34700435,-1.0613657
Ukraine,UKR,-1.0511869,2021-11-16,2021,11,-0.50854975,-0.13475145,0.17180313
United Arab Emirates,ARE,-1.5971358,2021-11-16,2021,11,-1.9039111,-1.8480407,-1.9423448
United Kingdom,GBR,0.0044811307,2021-11-16,2021,11,0.3040881,-0.51419926,-0.7938084
United Republic of Tanzania,TZA,-0.42610064,2021-11-16,2021,11,-0.1936269,-0.052471448,-0.10861169
United States Virgin Islands,VIR,-0.11328066,2021-11-16,2021,11,-0.59656537,-1.0343069,0.06657226
United States of America,USA,-0.13331138,2021-11-16,2021,11,0.4297255,0.22014728,0.19074196
Uruguay,URY,-0.509113,2021-11-16,2021,11,-0.7502645,-0.18190567,-0.34559157
Uzbekistan,UZB,-1.3381007,2021-11-16,2021,11,-1.4891796,-2.0678995,-2.1551378
Vanuatu,VUT,0.077314585,2021-11-16,2021,11,0.07873225,-0.0020685436,-0.050360695
Venezuela,VEN,0.17293335,2021-11-16,2021,11,0.27094966,-0.15769066,-0.32865006
Vietnam,VNM,0.5933003,2021-11-16,2021,11,0.32061395,-0.6251256,-0.9412569
Western Sahara,ESH,0.29093355,2021-11-16,2021,11,-0.75058156,-0.5128169,-0.8684468
Yemen,YEM,-0.62891215,2021-11-16,2021,11,-0.7805044,-0.68025506,-0.56677115
Zambia,ZMB,0.15604739,2021-11-16,2021,11,0.074866384,-0.3359397,-0.2688265
Zimbabwe,ZWE,0.022645624,2021-11-16,2021,11,-0.23022352,-0.30081448,-0.073045895
eSwatini,SWZ,-0.10469693,2021-11-16,2021,11,-0.15876207,-1.2459671,0.06732907
Afghanistan,AFG,-1.2339611,2021-12-16,2021,12,-1.4721153,-1.7567651,-1.9692148
Aland,ALA,-0.09728011,2021-12-16,2021,12,-0.40306607,0.44105214,-0.62855566
Albania,ALB,0.94614977,2021-12-16,2021,12,0.37272474,0.112939894,-0.973695
Algeria,DZA,-0.8355455,2021-12-16,2021,12,-1.164854,-1.5907046,-1.3255609
Angola,AGO,0.069391295,2021-12-16,2021,12,0.14528537,0.09391864,-0.38090327
Antarctica,ATA,,2021-12-16,2021,12,,,
Argentina,ARG,-0.96128166,2021-12-16,2021,12,-0.866121,-1.4447145,-1.415211
Armenia,ARM,-0.4365145,2021-12-16,2021,12,-0.3918169,0.47873908,0.5549258
Australia,AUS,0.29703844,2021-12-16,2021,12,0.4265539,-0.4652735,-0.6336293
Austria,AUT,-0.44126517,2021-12-16,2021,12,-1.3048943,-0.63694185,0.49388063
Azerbaijan,AZE,0.23433346,2021-12-16,2021,12,0.21128891,0.72965986,0.32411277
Bangladesh,BGD,0.88392335,2021-12-16,2021,12,0.16742161,0.19851494,-0.21344624
Belarus,BLR,-1.040834,2021-12-16,2021,12,-0.3599017,0.69742936,0.5673903
Belgium,BEL,-0.09207813,2021-12-16,2021,12,-0.85813856,-0.33823705,0.25987574
Belize,BLZ,-0.75499314,2021-12-16,2021,12,0.18272959,0.5035186,-0.28908476
Benin,BEN,-0.82211256,2021-12-16,2021,12,-0.43608275,0.34926087,0.4424157
Bhutan,BTN,0.45168015,2021-12-16,2021,12,-0.53189033,0.010700895,-0.94535446
Bolivia,BOL,0.49593773,2021-12-16,2021,12,-0.32513133,-1.0675347,-1.2709688
Bosnia and Herzegovina,BIH,1.16601,2021-12-16,2021,12,-0.21251291,-0.42220458,-0.7359327
Botswana,BWA,0.44782,2021-12-16,2021,12,-0.16430722,-0.37534204,-0.87928474
Brazil,BRA,0.5105156,2021-12-16,2021,12,0.26381308,-0.20281231,-0.6222375
Brunei,BRN,-0.82682866,2021-12-16,2021,12,-0.011005783,1.598202,1.6831994
Bulgaria,BGR,1.0040191,2021-12-16,2021,12,-0.13202305,-0.13748045,-1.2670727
Burkina Faso,BFA,-0.9993161,2021-12-16,2021,12,-1.3428812,-0.19640662,0.02330726
Burundi,BDI,-1.3394506,2021-12-16,2021,12,-1.452734,-1.0109915,-0.34529024
Cabo Verde,CPV,-0.29941416,2021-12-16,2021,12,-0.076330066,-0.059454296,-0.0050382605
Cambodia,KHM,1.4122221,2021-12-16,2021,12,1.6128294,1.419191,0.51948667
Cameroon,CMR,0.580836,2021-12-16,2021,12,0.3054706,0.3348757,-0.2910278
Canada,CAN,-0.03534185,2021-12-16,2021,12,-0.11824748,-0.25482732,-0.40431178
Cayman Islands,CYM,,2021-12-16,2021,12,,,
Central African Republic,CAF,0.09571624,2021-12-16,2021,12,0.47831786,0.58777606,0.7205233
Chad,TCD,-0.91706777,2021-12-16,2021,12,-0.84540313,0.25811377,0.16086057
Chile,CHL,-0.5907571,2021-12-16,2021,12,-0.8019886,-0.74708724,-0.8517571
China,CHN,0.17621681,2021-12-16,2021,12,0.13994718,0.1975288,-0.046223104
Colombia,COL,0.022403669,2021-12-16,2021,12,0.10254174,0.45877197,0.23753005
Comoros,COM,-1.8886667,2021-12-16,2021,12,-1.7632303,-1.7096012,-1.6991553
Costa Rica,CRI,0.002749443,2021-12-16,2021,12,0.42640707,0.97267723,0.9698251
Croatia,HRV,0.5148228,2021-12-16,2021,12,-0.5652854,-0.6423912,-0.7425625
Cuba,CUB,-0.73130536,2021-12-16,2021,12,-1.1282396,-0.8191811,0.06392481
Cyprus,CYP,0.042862583,2021-12-16,2021,12,-0.5418799,-0.33799487,-0.39577413
Czechia,CZE,-0.8540739,2021-12-16,2021,12,-1.508349,-0.24725808,0.60304636
Democratic Republic of the Congo,COD,-0.097739,2021-12-16,2021,12,-0.05578593,-0.07401335,0.10356191
Denmark,DNK,0.03938293,2021-12-16,2021,12,-0.10845608,0.03919558,-0.32267195
Djibouti,DJI,-0.8321723,2021-12-16,2021,12,-0.42713684,-0.5512373,-0.08697995
Dominican Republic,DOM,-1.105986,2021-12-16,2021,12,-1.3300914,-0.0301902,0.3198536
East Timor,TLS,-0.14566274,2021-12-16,2021,12,0.0035414125,-0.30187857,-0.13425393
Ecuador,ECU,0.6878105,2021-12-16,2021,12,0.6658132,0.49015278,-0.31825823
Egypt,EGY,-0.839023,2021-12-16,2021,12,-0.85089695,-1.1846031,-1.5062854
El Salvador,SLV,-0.28796998,2021-12-16,2021,12,-0.4380515,-0.3019092,-0.3137075
Equatorial Guinea,GNQ,-0.26829994,2021-12-16,2021,12,-0.90223247,-0.2764691,-0.25202778
Eritrea,ERI,0.05245961,2021-12-16,2021,12,0.87897474,0.13419463,0.34168357
Estonia,EST,0.32617584,2021-12-16,2021,12,-0.06517175,0.55473834,-0.48059097
Ethiopia,ETH,-0.01956076,2021-12-16,2021,12,0.39621967,0.37718785,0.041311428
Falkland Islands,FLK,-1.8650217,2021-12-16,2021,12,-1.7181635,-2.0191388,-1.9671657
Faroe Islands,FRO,0.28607404,2021-12-16,2021,12,0.3539417,0.10490948,-0.25505862
Fiji,FJI,1.1915151,2021-12-16,2021,12,0.21327552,-1.3583477,-1.3892074
Finland,FIN,0.722099,2021-12-16,2021,12,0.2145891,1.0944157,-0.3902504
France,-99,-0.1550283,2021-12-16,2021,12,-0.28306648,-0.631029,0.4117656
French Polynesia,PYF,-1.4686219,2021-12-16,2021,12,-0.8086983,-0.435741,-0.8465383
French Southern and Antarctic Lands,ATF,0.96170634,2021-12-16,2021,12,1.1688213,0.84634274,0.491452
Gabon,GAB,-0.4692781,2021-12-16,2021,12,-1.4758456,-1.2941655,-0.5963885
Gambia,GMB,-0.25636148,2021-12-16,2021,12,-0.42100507,0.15493853,-0.5067209
Georgia,GEO,-0.39726114,2021-12-16,2021,12,0.5175248,0.99766785,1.0989418
Germany,DEU,-0.44310084,2021-12-16,2021,12,-1.1992491,-0.26465252,0.27838695
Ghana,GHA,-0.065304965,2021-12-16,2021,12,0.14111674,0.38168964,0.62355113
Greece,GRC,0.7599764,2021-12-16,2021,12,0.36118186,0.42646575,-1.4251804
Greenland,GRL,0.55761766,2021-12-16,2021,12,0.44285762,-0.31875235,-0.68748546
Guatemala,GTM,-0.8583047,2021-12-16,2021,12,-0.960948,-0.35447618,-0.6667225
Guinea,GIN,-0.09931819,2021-12-16,2021,12,-0.31842053,0.4202218,-0.07817934
Guinea-Bissau,GNB,0.11891291,2021-12-16,2021,12,-0.35206425,0.18843313,-0.6678291
Guyana,GUY,1.3868088,2021-12-16,2021,12,0.93204683,0.8827239,0.7818028
Haiti,HTI,-1.5336832,2021-12-16,2021,12,-1.7879308,1.4204867,1.7961736
Honduras,HND,-0.0801589,2021-12-16,2021,12,-0.10187157,-0.04978398,-0.49878728
Hungary,HUN,-0.30245414,2021-12-16,2021,12,-0.99342513,-0.61050117,-0.49043
Iceland,ISL,1.2577525,2021-12-16,2021,12,2.2473137,1.7629741,0.49593535
India,IND,0.64695925,2021-12-16,2021,12,0.86990285,0.28628182,0.12975219
Indonesia,IDN,0.55041164,2021-12-16,2021,12,0.8434174,1.063496,0.97062063
Iran,IRN,-0.89188087,2021-12-16,2021,12,-1.1133537,-1.5794591,-1.5624008
Iraq,IRQ,-0.86099577,2021-12-16,2021,12,-1.2593294,-1.2919582,-1.5633659
Ireland,IRL,0.22331639,2021-12-16,2021,12,-0.14681843,0.40957975,-0.6147571
Israel,ISR,0.34161213,2021-12-16,2021,12,-0.44885036,-0.6577515,-1.0991979
Italy,ITA,-0.40407464,2021-12-16,2021,12,-0.7741511,-1.1019244,-1.0206078
Ivory Coast,CIV,-0.37342173,2021-12-16,2021,12,-0.20657441,0.071331054,0.31556016
Jamaica,JAM,0.35499418,2021-12-16,2021,12,-0.26347086,-0.11185525,0.9609535
Japan,JPN,0.21029434,2021-12-16,2021,12,-0.26858157,0.50552624,0.28534892
Jordan,JOR,0.033255186,2021-12-16,2021,12,-0.43192792,-0.479725,-0.9907697
Kazakhstan,KAZ,-0.68225247,2021-12-16,2021,12,-0.71273714,-1.0121737,-1.288718
Kenya,KEN,1.2676544,2021-12-16,2021,12,1.4819689,0.92867154,0.5807593
Kiribati,KIR,,2021-12-16,2021,12,,,
Kosovo,-99,1.8344237,2021-12-16,2021,12,-0.1550283,-0.28306648,-0.631029
Kuwait,KWT,-0.87639403,2021-12-16,2021,12,-1.4924722,-1.5727998,-1.80938
Kyrgyzstan,KGZ,-0.525417,2021-12-16,2021,12,-1.0845779,-0.9222071,-1.0399321
Laos,LAO,0.45235112,2021-12-16,2021,12,0.14224446,-0.36927876,-1.0840348
Latvia,LVA,0.065831676,2021-12-16,2021,12,-0.11961679,0.26624367,-0.3601626
Lebanon,LBN,-0.13339293,2021-12-16,2021,12,-0.95542705,-0.79315096,-0.70290244
Lesotho,LSO,1.146675,2021-12-16,2021,12,-0.8752684,-0.2942901,0.05324599
Liberia,LBR,-0.55863655,2021-12-16,2021,12,-0.42088312,-0.15586838,-0.025932055
Libya,LBY,-0.32196245,2021-12-16,2021,12,-0.8502411,-1.244779,-1.6795641
Lithuania,LTU,-0.6604518,2021-12-16,2021,12,-0.33047086,0.4450624,0.26005957
Luxembourg,LUX,-0.4069541,2021-12-16,2021,12,-1.3385413,-0.7048723,0.30770758
Madagascar,MDG,0.15789777,2021-12-16,2021,12,-0.018098352,-0.32934648,-0.2656528
Malawi,MWI,-2.2300212,2021-12-16,2021,12,-0.71954787,-0.681318,-0.13655631
Malaysia,MYS,-0.4528818,2021-12-16,2021,12,-0.3147423,0.9363413,1.1891978
Mali,MLI,-1.4420198,2021-12-16,2021,12,-1.3121761,-0.60121727,-0.56459683
Mauritania,MRT,-1.1960284,2021-12-16,2021,12,-0.5549403,-0.4933805,-0.45683149
Mauritius,MUS,-0.5091855,2021-12-16,2021,12,-0.5763375,1.399152,0.9063838
Mexico,MEX,-0.65152526,2021-12-16,2021,12,-0.3738487,0.33315253,0.6455039
Moldova,MDA,-0.42330676,2021-12-16,2021,12,-1.5006733,-0.6975666,-0.18966112
Mongolia,MNG,-0.82879394,2021-12-16,2021,12,-0.19018885,0.66232854,0.42992827
Montenegro,MNE,1.2718872,2021-12-16,2021,12,-0.10725064,-0.6735735,-1.1462139
Morocco,MAR,-0.864664,2021-12-16,2021,12,-0.7112974,-1.7376231,-1.2570711
Mozambique,MOZ,-1.6183277,2021-12-16,2021,12,-1.0240616,-0.7227349,-0.4940135
Myanmar,MMR,0.5838689,2021-12-16,2021,12,0.074764244,0.049784787,-0.2905226
Namibia,NAM,0.09991852,2021-12-16,2021,12,-0.10885425,0.42874065,-0.33446226
Nepal,NPL,0.6030158,2021-12-16,2021,12,0.07937237,-0.15556291,-0.38638827
Netherlands,NLD,0.27195966,2021-12-16,2021,12,-0.69606036,-0.28301725,-0.24072215
New Caledonia,NCL,1.7123467,2021-12-16,2021,12,0.91717196,0.73705703,-1.5576617
New Zealand,NZL,0.77503306,2021-12-16,2021,12,0.35056207,0.5202338,0.3730267
Nicaragua,NIC,-0.82446164,2021-12-16,2021,12,-0.80684704,-0.10723339,-0.20023958
Niger,NER,-1.2190895,2021-12-16,2021,12,-1.1884527,-0.38864625,-0.3796075
Nigeria,NGA,-0.543882,2021-12-16,2021,12,-0.33063352,-0.12435243,-0.22778086
North Korea,PRK,1.4011316,2021-12-16,2021,12,0.90285355,0.71956205,-0.93773407
North Macedonia,MKD,1.4662277,2021-12-16,2021,12,0.6197838,0.66626453,-0.72602487
Northern Cyprus,-99,-0.19533458,2021-12-16,2021,12,1.8344237,-0.1550283,-0.28306648
Norway,-99,0.55026406,2021-12-16,2021,12,-0.19533458,1.8344237,-0.1550283
Oman,OMN,-1.0777571,2021-12-16,2021,12,-0.9196702,-1.285349,-1.3548976
Pakistan,PAK,-0.58284235,2021-12-16,2021,12,-0.10408087,-0.63743687,-0.6104115
Palestine,PSE,0.14990197,2021-12-16,2021,12,-0.48870623,-0.7536917,-1.3869289
Panama,PAN,-0.17150816,2021-12-16,2021,12,-0.019310694,0.4705365,0.8447832
Papua New Guinea,PNG,0.2582236,2021-12-16,2021,12,0.16514112,0.17966908,0.034379926
Paraguay,PRY,-0.40070656,2021-12-16,2021,12,-0.018570181,-0.7800355,-1.9073364
Peru,PER,-0.09564864,2021-12-16,2021,12,-0.21641096,-0.5426342,-1.023947
Philippines,PHL,0.5762486,2021-12-16,2021,12,0.47693193,0.49376872,0.13162376
Poland,POL,-1.2164284,2021-12-16,2021,12,-1.1158273,0.29390442,0.614137
Portugal,PRT,-1.0011556,2021-12-16,2021,12,-0.770574,-0.2164071,-0.1456641
Puerto Rico,PRI,-0.2389078,2021-12-16,2021,12,-0.4589957,-0.6575803,-0.99071175
Qatar,QAT,-0.6775332,2021-12-16,2021,12,-1.8378882,-1.9280297,-1.9517733
Republic of Serbia,SRB,1.3001609,2021-12-16,2021,12,-0.21029373,-0.4904229,-1.0235934
Republic of the Congo,COG,-0.6637222,2021-12-16,2021,12,-1.0308487,-0.8696293,0.44979328
Romania,ROU,0.1634566,2021-12-16,2021,12,-0.9802909,-0.61769664,-0.5582768
Russia,RUS,0.29611975,2021-12-16,2021,12,0.24366014,-0.16519122,-0.36920887
Rwanda,RWA,-1.1633716,2021-12-16,2021,12,-0.9573385,-0.43123895,0.047926247
Saint Vincent and the Grenadines,VCT,-1.842797,2021-12-16,2021,12,-1.3914683,-0.45502752,-0.68660927
Samoa,WSM,-1.0252192,2021-12-16,2021,12,-0.75151014,-0.6880586,-0.39158523
Saudi Arabia,SAU,-1.0750506,2021-12-16,2021,12,-1.4219722,-1.5025985,-1.6135257
Senegal,SEN,-0.48593977,2021-12-16,2021,12,-0.47518164,0.35295245,-0.3577712
Siachen Glacier,-99,-0.20692149,2021-12-16,2021,12,0.55026406,-0.19533458,1.8344237
Sierra Leone,SLE,0.7963996,2021-12-16,2021,12,0.58552086,0.6336699,-0.1642208
Slovakia,SVK,-0.9489547,2021-12-16,2021,12,-1.2486238,-0.14751947,0.36019826
Slovenia,SVN,-0.09828016,2021-12-16,2021,12,-1.0311168,-1.1699784,-0.88536185
Solomon Islands,SLB,0.03006955,2021-12-16,2021,12,0.05968467,0.03890474,0.036092382
Somalia,SOM,0.5131483,2021-12-16,2021,12,0.4428016,0.36765018,-0.48367408
Somaliland,-99,-0.41723928,2021-12-16,2021,12,-0.20692149,0.55026406,-0.19533458
South Africa,ZAF,1.1203144,2021-12-16,2021,12,-0.39631307,-0.4805453,-0.8331669
South Georgia and the Islands,SGS,-1.305093,2021-12-16,2021,12,-2.372099,-2.438146,-2.5605283
South Korea,KOR,-0.06422101,2021-12-16,2021,12,0.32707757,0.96090144,0.2617268
South Sudan,SSD,-0.40754697,2021-12-16,2021,12,-0.18064432,-0.23197974,-0.12095409
Spain,ESP,-0.7805647,2021-12-16,2021,12,-0.1725539,-0.17661297,-0.17431223
Sri Lanka,LKA,0.5326834,2021-12-16,2021,12,1.0352705,0.70806855,0.7827866
Sudan,SDN,-1.2383727,2021-12-16,2021,12,-0.6041284,-0.06563832,-0.12948056
Suriname,SUR,1.4916719,2021-12-16,2021,12,1.2989929,1.1536362,1.6643071
Sweden,SWE,0.38596773,2021-12-16,2021,12,0.25795746,0.14656904,-0.4119009
Switzerland,CHE,-0.57758147,2021-12-16,2021,12,-1.6339666,-1.1138128,0.3954379
Syria,SYR,-1.2009754,2021-12-16,2021,12,-1.1581117,-0.6632119,-0.554208
Taiwan,TWN,0.13963653,2021-12-16,2021,12,0.34962127,0.87233543,0.295105
Tajikistan,TJK,-1.1785691,2021-12-16,2021,12,-1.135353,-1.1072919,-1.7390966
Thailand,THA,0.7446431,2021-12-16,2021,12,0.84241104,0.16626312,-0.17616141
The Bahamas,BHS,-0.4029057,2021-12-16,2021,12,0.1500931,0.45119062,0.73993784
Togo,TGO,-0.42228496,2021-12-16,2021,12,0.19879372,0.61694324,0.6631773
Trinidad and Tobago,TTO,-1.3318777,2021-12-16,2021,12,-1.2950764,1.1482072,1.0244869
Tunisia,TUN,-0.8878158,2021-12-16,2021,12,-1.020008,-1.4472841,-2.01622
Turkey,TUR,-0.8026975,2021-12-16,2021,12,-0.6504283,-0.07227684,0.44388992
Turkmenistan,TKM,-1.1211138,2021-12-16,2021,12,-1.1631047,-1.7983439,-2.3741298
Uganda,UGA,0.48520726,2021-12-16,2021,12,0.92275876,0.2098329,0.34700435
Ukraine,UKR,-0.62777764,2021-12-16,2021,12,-1.0511869,-0.50854975,-0.13475145
United Arab Emirates,ARE,-0.7622485,2021-12-16,2021,12,-1.5971358,-1.9039111,-1.8480407
United Kingdom,GBR,0.12435978,2021-12-16,2021,12,0.0044811307,0.3040881,-0.51419926
United Republic of Tanzania,TZA,-0.59874284,2021-12-16,2021,12,-0.42610064,-0.1936269,-0.052471448
United States Virgin Islands,VIR,-0.29876956,2021-12-16,2021,12,-0.11328066,-0.59656537,-1.0343069
United States of America,USA,0.091738984,2021-12-16,2021,12,-0.13331138,0.4297255,0.22014728
Uruguay,URY,-1.8299198,2021-12-16,2021,12,-0.509113,-0.7502645,-0.18190567
Uzbekistan,UZB,-1.1927961,2021-12-16,2021,12,-1.3381007,-1.4891796,-2.0678995
Vanuatu,VUT,-0.04196297,2021-12-16,2021,12,0.077314585,0.07873225,-0.0020685436
Venezuela,VEN,0.22946337,2021-12-16,2021,12,0.17293335,0.27094966,-0.15769066
Vietnam,VNM,0.93272287,2021-12-16,2021,12,0.5933003,0.32061395,-0.6251256
Western Sahara,ESH,0.05432768,2021-12-16,2021,12,0.29093355,-0.75058156,-0.5128169
Yemen,YEM,-0.76630956,2021-12-16,2021,12,-0.62891215,-0.7805044,-0.68025506
Zambia,ZMB,-0.014005785,2021-12-16,2021,12,0.15604739,0.074866384,-0.3359397
Zimbabwe,ZWE,-0.28239486,2021-12-16,2021,12,0.022645624,-0.23022352,-0.30081448
eSwatini,SWZ,1.0985464,2021-12-16,2021,12,-0.10469693,-0.15876207,-1.2459671
Afghanistan,AFG,-0.3873344,2022-01-16,2022,1,-1.2339611,-1.4721153,-1.7567651
Aland,ALA,-0.5094265,2022-01-16,2022,1,-0.09728011,-0.40306607,0.44105214
Albania,ALB,-0.14981833,2022-01-16,2022,1,0.94614977,0.37272474,0.112939894
Algeria,DZA,-0.37962863,2022-01-16,2022,1,-0.8355455,-1.164854,-1.5907046
Angola,AGO,0.025695449,2022-01-16,2022,1,0.069391295,0.14528537,0.09391864
Antarctica,ATA,,2022-01-16,2022,1,,,
Argentina,ARG,-0.41187894,2022-01-16,2022,1,-0.96128166,-0.866121,-1.4447145
Armenia,ARM,-0.30335885,2022-01-16,2022,1,-0.4365145,-0.3918169,0.47873908
Australia,AUS,0.3600394,2022-01-16,2022,1,0.29703844,0.4265539,-0.4652735
Austria,AUT,-0.13474995,2022-01-16,2022,1,-0.44126517,-1.3048943,-0.63694185
Azerbaijan,AZE,-0.6296854,2022-01-16,2022,1,0.23433346,0.21128891,0.72965986
Bangladesh,BGD,0.97866774,2022-01-16,2022,1,0.88392335,0.16742161,0.19851494
Belarus,BLR,1.0616779,2022-01-16,2022,1,-1.040834,-0.3599017,0.69742936
Belgium,BEL,-0.64054227,2022-01-16,2022,1,-0.09207813,-0.85813856,-0.33823705
Belize,BLZ,-1.0100883,2022-01-16,2022,1,-0.75499314,0.18272959,0.5035186
Benin,BEN,-1.4329867,2022-01-16,2022,1,-0.82211256,-0.43608275,0.34926087
Bhutan,BTN,0.22527745,2022-01-16,2022,1,0.45168015,-0.53189033,0.010700895
Bolivia,BOL,0.13572605,2022-01-16,2022,1,0.49593773,-0.32513133,-1.0675347
Bosnia and Herzegovina,BIH,0.7518562,2022-01-16,2022,1,1.16601,-0.21251291,-0.42220458
Botswana,BWA,0.7387008,2022-01-16,2022,1,0.44782,-0.16430722,-0.37534204
Brazil,BRA,0.21846554,2022-01-16,2022,1,0.5105156,0.26381308,-0.20281231
Brunei,BRN,-0.70814323,2022-01-16,2022,1,-0.82682866,-0.011005783,1.598202
Bulgaria,BGR,-0.1386724,2022-01-16,2022,1,1.0040191,-0.13202305,-0.13748045
Burkina Faso,BFA,-1.9513289,2022-01-16,2022,1,-0.9993161,-1.3428812,-0.19640662
Burundi,BDI,-0.47611278,2022-01-16,2022,1,-1.3394506,-1.452734,-1.0109915
Cabo Verde,CPV,-3.313311,2022-01-16,2022,1,-0.29941416,-0.076330066,-0.059454296
Cambodia,KHM,-0.006284891,2022-01-16,2022,1,1.4122221,1.6128294,1.419191
Cameroon,CMR,0.13866448,2022-01-16,2022,1,0.580836,0.3054706,0.3348757
Canada,CAN,0.22263178,2022-01-16,2022,1,-0.03534185,-0.11824748,-0.25482732
Cayman Islands,CYM,,2022-01-16,2022,1,,,
Central African Republic,CAF,0.011820131,2022-01-16,2022,1,0.09571624,0.47831786,0.58777606
Chad,TCD,-1.075329,2022-01-16,2022,1,-0.91706777,-0.84540313,0.25811377
Chile,CHL,-0.46134213,2022-01-16,2022,1,-0.5907571,-0.8019886,-0.74708724
China,CHN,0.0015695998,2022-01-16,2022,1,0.17621681,0.13994718,0.1975288
Colombia,COL,-0.27138937,2022-01-16,2022,1,0.022403669,0.10254174,0.45877197
Comoros,COM,-0.10144333,2022-01-16,2022,1,-1.8886667,-1.7632303,-1.7096012
Costa Rica,CRI,-0.8884786,2022-01-16,2022,1,0.002749443,0.42640707,0.97267723
Croatia,HRV,0.2688045,2022-01-16,2022,1,0.5148228,-0.5652854,-0.6423912
Cuba,CUB,-0.17908137,2022-01-16,2022,1,-0.73130536,-1.1282396,-0.8191811
Cyprus,CYP,0.58743095,2022-01-16,2022,1,0.042862583,-0.5418799,-0.33799487
Czechia,CZE,-0.3456536,2022-01-16,2022,1,-0.8540739,-1.508349,-0.24725808
Democratic Republic of the Congo,COD,0.07373226,2022-01-16,2022,1,-0.097739,-0.05578593,-0.07401335
Denmark,DNK,-0.39631677,2022-01-16,2022,1,0.03938293,-0.10845608,0.03919558
Djibouti,DJI,-1.0617069,2022-01-16,2022,1,-0.8321723,-0.42713684,-0.5512373
Dominican Republic,DOM,-1.3070481,2022-01-16,2022,1,-1.105986,-1.3300914,-0.0301902
East Timor,TLS,0.05351612,2022-01-16,2022,1,-0.14566274,0.0035414125,-0.30187857
Ecuador,ECU,-0.2912146,2022-01-16,2022,1,0.6878105,0.6658132,0.49015278
Egypt,EGY,-0.42771333,2022-01-16,2022,1,-0.839023,-0.85089695,-1.1846031
El Salvador,SLV,-0.2021092,2022-01-16,2022,1,-0.28796998,-0.4380515,-0.3019092
Equatorial Guinea,GNQ,-0.0054172343,2022-01-16,2022,1,-0.26829994,-0.90223247,-0.2764691
Eritrea,ERI,0.36568132,2022-01-16,2022,1,0.05245961,0.87897474,0.13419463
Estonia,EST,1.0464765,2022-01-16,2022,1,0.32617584,-0.06517175,0.55473834
Ethiopia,ETH,-0.41053483,2022-01-16,2022,1,-0.01956076,0.39621967,0.37718785
Falkland Islands,FLK,-1.0428768,2022-01-16,2022,1,-1.8650217,-1.7181635,-2.0191388
Faroe Islands,FRO,0.032518957,2022-01-16,2022,1,0.28607404,0.3539417,0.10490948
Fiji,FJI,2.089323,2022-01-16,2022,1,1.1915151,0.21327552,-1.3583477
Finland,FIN,0.30119976,2022-01-16,2022,1,0.722099,0.2145891,1.0944157
France,-99,-0.60204625,2022-01-16,2022,1,-0.41723928,-0.20692149,0.55026406
French Polynesia,PYF,-0.18958542,2022-01-16,2022,1,-1.4686219,-0.8086983,-0.435741
French Southern and Antarctic Lands,ATF,-0.6856986,2022-01-16,2022,1,0.96170634,1.1688213,0.84634274
Gabon,GAB,-0.3397632,2022-01-16,2022,1,-0.4692781,-1.4758456,-1.2941655
Gambia,GMB,-2.3355596,2022-01-16,2022,1,-0.25636148,-0.42100507,0.15493853
Georgia,GEO,-0.17103568,2022-01-16,2022,1,-0.39726114,0.5175248,0.99766785
Germany,DEU,-0.31167307,2022-01-16,2022,1,-0.44310084,-1.1992491,-0.26465252
Ghana,GHA,-0.3883987,2022-01-16,2022,1,-0.065304965,0.14111674,0.38168964
Greece,GRC,-0.5057325,2022-01-16,2022,1,0.7599764,0.36118186,0.42646575
Greenland,GRL,0.7193201,2022-01-16,2022,1,0.55761766,0.44285762,-0.31875235
Guatemala,GTM,-0.7923721,2022-01-16,2022,1,-0.8583047,-0.960948,-0.35447618
Guinea,GIN,-2.1315732,2022-01-16,2022,1,-0.09931819,-0.31842053,0.4202218
Guinea-Bissau,GNB,-2.4942756,2022-01-16,2022,1,0.11891291,-0.35206425,0.18843313
Guyana,GUY,0.23010843,2022-01-16,2022,1,1.3868088,0.93204683,0.8827239
Haiti,HTI,-1.4288795,2022-01-16,2022,1,-1.5336832,-1.7879308,1.4204867
Honduras,HND,-0.26852092,2022-01-16,2022,1,-0.0801589,-0.10187157,-0.04978398
Hungary,HUN,-0.17851378,2022-01-16,2022,1,-0.30245414,-0.99342513,-0.61050117
Iceland,ISL,0.6666313,2022-01-16,2022,1,1.2577525,2.2473137,1.7629741
India,IND,1.2691582,2022-01-16,2022,1,0.64695925,0.86990285,0.28628182
Indonesia,IDN,0.3234389,2022-01-16,2022,1,0.55041164,0.8434174,1.063496
Iran,IRN,-0.6389797,2022-01-16,2022,1,-0.89188087,-1.1133537,-1.5794591
Iraq,IRQ,-0.6097409,2022-01-16,2022,1,-0.86099577,-1.2593294,-1.2919582
Ireland,IRL,-1.5247834,2022-01-16,2022,1,0.22331639,-0.14681843,0.40957975
Israel,ISR,1.1519468,2022-01-16,2022,1,0.34161213,-0.44885036,-0.6577515
Italy,ITA,-0.69315594,2022-01-16,2022,1,-0.40407464,-0.7741511,-1.1019244
Ivory Coast,CIV,-0.7026483,2022-01-16,2022,1,-0.37342173,-0.20657441,0.071331054
Jamaica,JAM,0.76406753,2022-01-16,2022,1,0.35499418,-0.26347086,-0.11185525
Japan,JPN,0.40586853,2022-01-16,2022,1,0.21029434,-0.26858157,0.50552624
Jordan,JOR,0.72287446,2022-01-16,2022,1,0.033255186,-0.43192792,-0.479725
Kazakhstan,KAZ,-0.30975336,2022-01-16,2022,1,-0.68225247,-0.71273714,-1.0121737
Kenya,KEN,1.21442,2022-01-16,2022,1,1.2676544,1.4819689,0.92867154
Kiribati,KIR,,2022-01-16,2022,1,,,
Kosovo,-99,0.88604766,2022-01-16,2022,1,-0.60204625,-0.41723928,-0.20692149
Kuwait,KWT,0.1761884,2022-01-16,2022,1,-0.87639403,-1.4924722,-1.5727998
Kyrgyzstan,KGZ,-1.2421833,2022-01-16,2022,1,-0.525417,-1.0845779,-0.9222071
Laos,LAO,-0.3157708,2022-01-16,2022,1,0.45235112,0.14224446,-0.36927876
Latvia,LVA,1.3252201,2022-01-16,2022,1,0.065831676,-0.11961679,0.26624367
Lebanon,LBN,0.80697364,2022-01-16,2022,1,-0.13339293,-0.95542705,-0.79315096
Lesotho,LSO,1.0068654,2022-01-16,2022,1,1.146675,-0.8752684,-0.2942901
Liberia,LBR,-0.6156253,2022-01-16,2022,1,-0.55863655,-0.42088312,-0.15586838
Libya,LBY,-0.010659051,2022-01-16,2022,1,-0.32196245,-0.8502411,-1.244779
Lithuania,LTU,0.89577734,2022-01-16,2022,1,-0.6604518,-0.33047086,0.4450624
Luxembourg,LUX,-0.541537,2022-01-16,2022,1,-0.4069541,-1.3385413,-0.7048723
Madagascar,MDG,0.7104771,2022-01-16,2022,1,0.15789777,-0.018098352,-0.32934648
Malawi,MWI,-1.4471664,2022-01-16,2022,1,-2.2300212,-0.71954787,-0.681318
Malaysia,MYS,-0.49180627,2022-01-16,2022,1,-0.4528818,-0.3147423,0.9363413
Mali,MLI,-1.6139075,2022-01-16,2022,1,-1.4420198,-1.3121761,-0.60121727
Mauritania,MRT,-1.4334701,2022-01-16,2022,1,-1.1960284,-0.5549403,-0.4933805
Mauritius,MUS,-0.78149885,2022-01-16,2022,1,-0.5091855,-0.5763375,1.399152
Mexico,MEX,-1.0583735,2022-01-16,2022,1,-0.65152526,-0.3738487,0.33315253
Moldova,MDA,-0.37653774,2022-01-16,2022,1,-0.42330676,-1.5006733,-0.6975666
Mongolia,MNG,-0.9120061,2022-01-16,2022,1,-0.82879394,-0.19018885,0.66232854
Montenegro,MNE,0.68903714,2022-01-16,2022,1,1.2718872,-0.10725064,-0.6735735
Morocco,MAR,-0.6254199,2022-01-16,2022,1,-0.864664,-0.7112974,-1.7376231
Mozambique,MOZ,-0.5382972,2022-01-16,2022,1,-1.6183277,-1.0240616,-0.7227349
Myanmar,MMR,0.19222336,2022-01-16,2022,1,0.5838689,0.074764244,0.049784787
Namibia,NAM,0.37432256,2022-01-16,2022,1,0.09991852,-0.10885425,0.42874065
Nepal,NPL,0.75028235,2022-01-16,2022,1,0.6030158,0.07937237,-0.15556291
Netherlands,NLD,-0.48327273,2022-01-16,2022,1,0.27195966,-0.69606036,-0.28301725
New Caledonia,NCL,1.6042256,2022-01-16,2022,1,1.7123467,0.91717196,0.73705703
New Zealand,NZL,-0.011434758,2022-01-16,2022,1,0.77503306,0.35056207,0.5202338
Nicaragua,NIC,-0.8943985,2022-01-16,2022,1,-0.82446164,-0.80684704,-0.10723339
Niger,NER,-0.7549826,2022-01-16,2022,1,-1.2190895,-1.1884527,-0.38864625
Nigeria,NGA,-0.8863966,2022-01-16,2022,1,-0.543882,-0.33063352,-0.12435243
North Korea,PRK,-0.6189464,2022-01-16,2022,1,1.4011316,0.90285355,0.71956205
North Macedonia,MKD,0.009116412,2022-01-16,2022,1,1.4662277,0.6197838,0.66626453
Northern Cyprus,-99,0.6641971,2022-01-16,2022,1,0.88604766,-0.60204625,-0.41723928
Norway,-99,0.20224446,2022-01-16,2022,1,0.6641971,0.88604766,-0.60204625
Oman,OMN,-0.8945691,2022-01-16,2022,1,-1.0777571,-0.9196702,-1.285349
Pakistan,PAK,0.5843006,2022-01-16,2022,1,-0.58284235,-0.10408087,-0.63743687
Palestine,PSE,0.86487466,2022-01-16,2022,1,0.14990197,-0.48870623,-0.7536917
Panama,PAN,-0.5276631,2022-01-16,2022,1,-0.17150816,-0.019310694,0.4705365
Papua New Guinea,PNG,0.11200109,2022-01-16,2022,1,0.2582236,0.16514112,0.17966908
Paraguay,PRY,-1.6845609,2022-01-16,2022,1,-0.40070656,-0.018570181,-0.7800355
Peru,PER,-0.4042949,2022-01-16,2022,1,-0.09564864,-0.21641096,-0.5426342
Philippines,PHL,-0.08097255,2022-01-16,2022,1,0.5762486,0.47693193,0.49376872
Poland,POL,-0.1392249,2022-01-16,2022,1,-1.2164284,-1.1158273,0.29390442
Portugal,PRT,-1.5006253,2022-01-16,2022,1,-1.0011556,-0.770574,-0.2164071
Puerto Rico,PRI,-0.7846914,2022-01-16,2022,1,-0.2389078,-0.4589957,-0.6575803
Qatar,QAT,0.6217789,2022-01-16,2022,1,-0.6775332,-1.8378882,-1.9280297
Republic of Serbia,SRB,0.9707671,2022-01-16,2022,1,1.3001609,-0.21029373,-0.4904229
Republic of the Congo,COG,-0.048175707,2022-01-16,2022,1,-0.6637222,-1.0308487,-0.8696293
Romania,ROU,0.17595053,2022-01-16,2022,1,0.1634566,-0.9802909,-0.61769664
Russia,RUS,0.5453175,2022-01-16,2022,1,0.29611975,0.24366014,-0.16519122
Rwanda,RWA,-0.38978234,2022-01-16,2022,1,-1.1633716,-0.9573385,-0.43123895
Saint Vincent and the Grenadines,VCT,-2.778209,2022-01-16,2022,1,-1.842797,-1.3914683,-0.45502752
Samoa,WSM,-0.3254036,2022-01-16,2022,1,-1.0252192,-0.75151014,-0.6880586
Saudi Arabia,SAU,-0.41137174,2022-01-16,2022,1,-1.0750506,-1.4219722,-1.5025985
Senegal,SEN,-2.4527862,2022-01-16,2022,1,-0.48593977,-0.47518164,0.35295245
Siachen Glacier,-99,-0.5187311,2022-01-16,2022,1,0.20224446,0.6641971,0.88604766
Sierra Leone,SLE,-0.7291138,2022-01-16,2022,1,0.7963996,0.58552086,0.6336699
Slovakia,SVK,-0.4551591,2022-01-16,2022,1,-0.9489547,-1.2486238,-0.14751947
Slovenia,SVN,0.024641585,2022-01-16,2022,1,-0.09828016,-1.0311168,-1.1699784
Solomon Islands,SLB,0.060673326,2022-01-16,2022,1,0.03006955,0.05968467,0.03890474
Somalia,SOM,-0.0059645916,2022-01-16,2022,1,0.5131483,0.4428016,0.36765018
Somaliland,-99,-1.2198085,2022-01-16,2022,1,-0.5187311,0.20224446,0.6641971
South Africa,ZAF,0.9930421,2022-01-16,2022,1,1.1203144,-0.39631307,-0.4805453
South Georgia and the Islands,SGS,-1.0514535,2022-01-16,2022,1,-1.305093,-2.372099,-2.438146
South Korea,KOR,-1.4659206,2022-01-16,2022,1,-0.06422101,0.32707757,0.96090144
South Sudan,SSD,-0.15770078,2022-01-16,2022,1,-0.40754697,-0.18064432,-0.23197974
Spain,ESP,-1.1370078,2022-01-16,2022,1,-0.7805647,-0.1725539,-0.17661297
Sri Lanka,LKA,0.19038463,2022-01-16,2022,1,0.5326834,1.0352705,0.70806855
Sudan,SDN,-0.65265715,2022-01-16,2022,1,-1.2383727,-0.6041284,-0.06563832
Suriname,SUR,0.35300225,2022-01-16,2022,1,1.4916719,1.2989929,1.1536362
Sweden,SWE,-0.20216644,2022-01-16,2022,1,0.38596773,0.25795746,0.14656904
Switzerland,CHE,-0.67455447,2022-01-16,2022,1,-0.57758147,-1.6339666,-1.1138128
Syria,SYR,-0.6067701,2022-01-16,2022,1,-1.2009754,-1.1581117,-0.6632119
Taiwan,TWN,-0.13816743,2022-01-16,2022,1,0.13963653,0.34962127,0.87233543
Tajikistan,TJK,-1.0135926,2022-01-16,2022,1,-1.1785691,-1.135353,-1.1072919
Thailand,THA,-0.17566575,2022-01-16,2022,1,0.7446431,0.84241104,0.16626312
The Bahamas,BHS,0.577501,2022-01-16,2022,1,-0.4029057,0.1500931,0.45119062
Togo,TGO,-1.053535,2022-01-16,2022,1,-0.42228496,0.19879372,0.61694324
Trinidad and Tobago,TTO,-1.9012973,2022-01-16,2022,1,-1.3318777,-1.2950764,1.1482072
Tunisia,TUN,-1.0247475,2022-01-16,2022,1,-0.8878158,-1.020008,-1.4472841
Turkey,TUR,-0.17641804,2022-01-16,2022,1,-0.8026975,-0.6504283,-0.07227684
Turkmenistan,TKM,-1.1481146,2022-01-16,2022,1,-1.1211138,-1.1631047,-1.7983439
Uganda,UGA,0.9025978,2022-01-16,2022,1,0.48520726,0.92275876,0.2098329
Ukraine,UKR,0.5028559,2022-01-16,2022,1,-0.62777764,-1.0511869,-0.50854975
United Arab Emirates,ARE,-0.26805303,2022-01-16,2022,1,-0.7622485,-1.5971358,-1.9039111
United Kingdom,GBR,-1.4625475,2022-01-16,2022,1,0.12435978,0.0044811307,0.3040881
United Republic of Tanzania,TZA,-0.23331074,2022-01-16,2022,1,-0.59874284,-0.42610064,-0.1936269
United States Virgin Islands,VIR,-0.9284736,2022-01-16,2022,1,-0.29876956,-0.11328066,-0.59656537
United States of America,USA,-0.59780675,2022-01-16,2022,1,0.091738984,-0.13331138,0.4297255
Uruguay,URY,-0.44310966,2022-01-16,2022,1,-1.8299198,-0.509113,-0.7502645
Uzbekistan,UZB,-0.7726874,2022-01-16,2022,1,-1.1927961,-1.3381007,-1.4891796
Vanuatu,VUT,-0.052867357,2022-01-16,2022,1,-0.04196297,0.077314585,0.07873225
Venezuela,VEN,-0.4436735,2022-01-16,2022,1,0.22946337,0.17293335,0.27094966
Vietnam,VNM,0.35319057,2022-01-16,2022,1,0.93272287,0.5933003,0.32061395
Western Sahara,ESH,0.12098607,2022-01-16,2022,1,0.05432768,0.29093355,-0.75058156
Yemen,YEM,-0.7878156,2022-01-16,2022,1,-0.76630956,-0.62891215,-0.7805044
Zambia,ZMB,0.19130974,2022-01-16,2022,1,-0.014005785,0.15604739,0.074866384
Zimbabwe,ZWE,0.24534412,2022-01-16,2022,1,-0.28239486,0.022645624,-0.23022352
eSwatini,SWZ,0.41647586,2022-01-16,2022,1,1.0985464,-0.10469693,-0.15876207
Afghanistan,AFG,-0.8671683,2022-02-15,2022,2,-0.3873344,-1.2339611,-1.4721153
Aland,ALA,0.509705,2022-02-15,2022,2,-0.5094265,-0.09728011,-0.40306607
Albania,ALB,-0.48569575,2022-02-15,2022,2,-0.14981833,0.94614977,0.37272474
Algeria,DZA,-0.83163345,2022-02-15,2022,2,-0.37962863,-0.8355455,-1.164854
Angola,AGO,0.00961228,2022-02-15,2022,2,0.025695449,0.069391295,0.14528537
Antarctica,ATA,,2022-02-15,2022,2,,,
Argentina,ARG,-0.28422815,2022-02-15,2022,2,-0.41187894,-0.96128166,-0.866121
Armenia,ARM,-0.5484126,2022-02-15,2022,2,-0.30335885,-0.4365145,-0.3918169
Australia,AUS,-0.1378032,2022-02-15,2022,2,0.3600394,0.29703844,0.4265539
Austria,AUT,-0.608696,2022-02-15,2022,2,-0.13474995,-0.44126517,-1.3048943
Azerbaijan,AZE,-0.72130543,2022-02-15,2022,2,-0.6296854,0.23433346,0.21128891
Bangladesh,BGD,1.9771904,2022-02-15,2022,2,0.97866774,0.88392335,0.16742161
Belarus,BLR,1.1917454,2022-02-15,2022,2,1.0616779,-1.040834,-0.3599017
Belgium,BEL,0.05563898,2022-02-15,2022,2,-0.64054227,-0.09207813,-0.85813856
Belize,BLZ,0.45526817,2022-02-15,2022,2,-1.0100883,-0.75499314,0.18272959
Benin,BEN,-1.5140082,2022-02-15,2022,2,-1.4329867,-0.82211256,-0.43608275
Bhutan,BTN,2.2044368,2022-02-15,2022,2,0.22527745,0.45168015,-0.53189033
Bolivia,BOL,-0.47686818,2022-02-15,2022,2,0.13572605,0.49593773,-0.32513133
Bosnia and Herzegovina,BIH,-0.37282428,2022-02-15,2022,2,0.7518562,1.16601,-0.21251291
Botswana,BWA,0.47128785,2022-02-15,2022,2,0.7387008,0.44782,-0.16430722
Brazil,BRA,-0.14907397,2022-02-15,2022,2,0.21846554,0.5105156,0.26381308
Brunei,BRN,-0.03328689,2022-02-15,2022,2,-0.70814323,-0.82682866,-0.011005783
Bulgaria,BGR,0.12732546,2022-02-15,2022,2,-0.1386724,1.0040191,-0.13202305
Burkina Faso,BFA,-1.5203075,2022-02-15,2022,2,-1.9513289,-0.9993161,-1.3428812
Burundi,BDI,1.1677344,2022-02-15,2022,2,-0.47611278,-1.3394506,-1.452734
Cabo Verde,CPV,-2.4831386,2022-02-15,2022,2,-3.313311,-0.29941416,-0.076330066
Cambodia,KHM,1.4212325,2022-02-15,2022,2,-0.006284891,1.4122221,1.6128294
Cameroon,CMR,-0.84868777,2022-02-15,2022,2,0.13866448,0.580836,0.3054706
Canada,CAN,0.16219573,2022-02-15,2022,2,0.22263178,-0.03534185,-0.11824748
Cayman Islands,CYM,,2022-02-15,2022,2,,,
Central African Republic,CAF,-1.0082138,2022-02-15,2022,2,0.011820131,0.09571624,0.47831786
Chad,TCD,0.102584735,2022-02-15,2022,2,-1.075329,-0.91706777,-0.84540313
Chile,CHL,-0.27904192,2022-02-15,2022,2,-0.46134213,-0.5907571,-0.8019886
China,CHN,0.19200334,2022-02-15,2022,2,0.0015695998,0.17621681,0.13994718
Colombia,COL,0.22285892,2022-02-15,2022,2,-0.27138937,0.022403669,0.10254174
Comoros,COM,0.070157304,2022-02-15,2022,2,-0.10144333,-1.8886667,-1.7632303
Costa Rica,CRI,-1.0876617,2022-02-15,2022,2,-0.8884786,0.002749443,0.42640707
Croatia,HRV,-0.72899616,2022-02-15,2022,2,0.2688045,0.5148228,-0.5652854
Cuba,CUB,-0.81156534,2022-02-15,2022,2,-0.17908137,-0.73130536,-1.1282396
Cyprus,CYP,0.82430494,2022-02-15,2022,2,0.58743095,0.042862583,-0.5418799
Czechia,CZE,-1.1244419,2022-02-15,2022,2,-0.3456536,-0.8540739,-1.508349
Democratic Republic of the Congo,COD,0.049510118,2022-02-15,2022,2,0.07373226,-0.097739,-0.05578593
Denmark,DNK,1.016594,2022-02-15,2022,2,-0.39631677,0.03938293,-0.10845608
Djibouti,DJI,-1.3330203,2022-02-15,2022,2,-1.0617069,-0.8321723,-0.42713684
Dominican Republic,DOM,-0.24960093,2022-02-15,2022,2,-1.3070481,-1.105986,-1.3300914
East Timor,TLS,-1.0724084,2022-02-15,2022,2,0.05351612,-0.14566274,0.0035414125
Ecuador,ECU,-0.85477376,2022-02-15,2022,2,-0.2912146,0.6878105,0.6658132
Egypt,EGY,-0.07097269,2022-02-15,2022,2,-0.42771333,-0.839023,-0.85089695
El Salvador,SLV,-0.24540426,2022-02-15,2022,2,-0.2021092,-0.28796998,-0.4380515
Equatorial Guinea,GNQ,-0.41256008,2022-02-15,2022,2,-0.0054172343,-0.26829994,-0.90223247
Eritrea,ERI,0.07037026,2022-02-15,2022,2,0.36568132,0.05245961,0.87897474
Estonia,EST,1.3168923,2022-02-15,2022,2,1.0464765,0.32617584,-0.06517175
Ethiopia,ETH,-0.7014355,2022-02-15,2022,2,-0.41053483,-0.01956076,0.39621967
Falkland Islands,FLK,-0.7195785,2022-02-15,2022,2,-1.0428768,-1.8650217,-1.7181635
Faroe Islands,FRO,0.027762415,2022-02-15,2022,2,0.032518957,0.28607404,0.3539417
Fiji,FJI,2.300878,2022-02-15,2022,2,2.089323,1.1915151,0.21327552
Finland,FIN,1.1738838,2022-02-15,2022,2,0.30119976,0.722099,0.2145891
France,-99,-0.50706387,2022-02-15,2022,2,-1.2198085,-0.5187311,0.20224446
French Polynesia,PYF,-0.8894562,2022-02-15,2022,2,-0.18958542,-1.4686219,-0.8086983
French Southern and Antarctic Lands,ATF,-0.95875293,2022-02-15,2022,2,-0.6856986,0.96170634,1.1688213
Gabon,GAB,-0.8221053,2022-02-15,2022,2,-0.3397632,-0.4692781,-1.4758456
Gambia,GMB,-2.2841642,2022-02-15,2022,2,-2.3355596,-0.25636148,-0.42100507
Georgia,GEO,-0.3507208,2022-02-15,2022,2,-0.17103568,-0.39726114,0.5175248
Germany,DEU,-0.105142735,2022-02-15,2022,2,-0.31167307,-0.44310084,-1.1992491
Ghana,GHA,-1.6492975,2022-02-15,2022,2,-0.3883987,-0.065304965,0.14111674
Greece,GRC,-0.2817736,2022-02-15,2022,2,-0.5057325,0.7599764,0.36118186
Greenland,GRL,0.42985585,2022-02-15,2022,2,0.7193201,0.55761766,0.44285762
Guatemala,GTM,-0.10075526,2022-02-15,2022,2,-0.7923721,-0.8583047,-0.960948
Guinea,GIN,-1.9553124,2022-02-15,2022,2,-2.1315732,-0.09931819,-0.31842053
Guinea-Bissau,GNB,-2.3699002,2022-02-15,2022,2,-2.4942756,0.11891291,-0.35206425
Guyana,GUY,0.9272573,2022-02-15,2022,2,0.23010843,1.3868088,0.93204683
Haiti,HTI,-0.53157395,2022-02-15,2022,2,-1.4288795,-1.5336832,-1.7879308
Honduras,HND,0.12558138,2022-02-15,2022,2,-0.26852092,-0.0801589,-0.10187157
Hungary,HUN,-1.151425,2022-02-15,2022,2,-0.17851378,-0.30245414,-0.99342513
Iceland,ISL,1.0533738,2022-02-15,2022,2,0.6666313,1.2577525,2.2473137
India,IND,1.1350696,2022-02-15,2022,2,1.2691582,0.64695925,0.86990285
Indonesia,IDN,-0.0064948085,2022-02-15,2022,2,0.3234389,0.55041164,0.8434174
Iran,IRN,-1.0387394,2022-02-15,2022,2,-0.6389797,-0.89188087,-1.1133537
Iraq,IRQ,-0.7618571,2022-02-15,2022,2,-0.6097409,-0.86099577,-1.2593294
Ireland,IRL,-0.046224933,2022-02-15,2022,2,-1.5247834,0.22331639,-0.14681843
Israel,ISR,1.2293718,2022-02-15,2022,2,1.1519468,0.34161213,-0.44885036
Italy,ITA,-1.2859501,2022-02-15,2022,2,-0.69315594,-0.40407464,-0.7741511
Ivory Coast,CIV,-1.321269,2022-02-15,2022,2,-0.7026483,-0.37342173,-0.20657441
Jamaica,JAM,-1.2617483,2022-02-15,2022,2,0.76406753,0.35499418,-0.26347086
Japan,JPN,-0.3315771,2022-02-15,2022,2,0.40586853,0.21029434,-0.26858157
Jordan,JOR,0.85491574,2022-02-15,2022,2,0.72287446,0.033255186,-0.43192792
Kazakhstan,KAZ,-0.5909905,2022-02-15,2022,2,-0.30975336,-0.68225247,-0.71273714
Kenya,KEN,0.11127917,2022-02-15,2022,2,1.21442,1.2676544,1.4819689
Kiribati,KIR,,2022-02-15,2022,2,,,
Kosovo,-99,-0.038302056,2022-02-15,2022,2,-0.50706387,-1.2198085,-0.5187311
Kuwait,KWT,0.20213667,2022-02-15,2022,2,0.1761884,-0.87639403,-1.4924722
Kyrgyzstan,KGZ,-1.1792604,2022-02-15,2022,2,-1.2421833,-0.525417,-1.0845779
Laos,LAO,1.003176,2022-02-15,2022,2,-0.3157708,0.45235112,0.14224446
Latvia,LVA,1.3294163,2022-02-15,2022,2,1.3252201,0.065831676,-0.11961679
Lebanon,LBN,0.81812686,2022-02-15,2022,2,0.80697364,-0.13339293,-0.95542705
Lesotho,LSO,0.6949404,2022-02-15,2022,2,1.0068654,1.146675,-0.8752684
Liberia,LBR,-0.451185,2022-02-15,2022,2,-0.6156253,-0.55863655,-0.42088312
Libya,LBY,0.5223601,2022-02-15,2022,2,-0.010659051,-0.32196245,-0.8502411
Lithuania,LTU,1.1907711,2022-02-15,2022,2,0.89577734,-0.6604518,-0.33047086
Luxembourg,LUX,0.2550305,2022-02-15,2022,2,-0.541537,-0.4069541,-1.3385413
Madagascar,MDG,0.4009546,2022-02-15,2022,2,0.7104771,0.15789777,-0.018098352
Malawi,MWI,-0.88629836,2022-02-15,2022,2,-1.4471664,-2.2300212,-0.71954787
Malaysia,MYS,0.074922755,2022-02-15,2022,2,-0.49180627,-0.4528818,-0.3147423
Mali,MLI,-1.2442112,2022-02-15,2022,2,-1.6139075,-1.4420198,-1.3121761
Mauritania,MRT,-1.5467795,2022-02-15,2022,2,-1.4334701,-1.1960284,-0.5549403
Mauritius,MUS,-0.20708747,2022-02-15,2022,2,-0.78149885,-0.5091855,-0.5763375
Mexico,MEX,-0.94600844,2022-02-15,2022,2,-1.0583735,-0.65152526,-0.3738487
Moldova,MDA,-0.52175474,2022-02-15,2022,2,-0.37653774,-0.42330676,-1.5006733
Mongolia,MNG,-0.2598329,2022-02-15,2022,2,-0.9120061,-0.82879394,-0.19018885
Montenegro,MNE,-0.3981407,2022-02-15,2022,2,0.68903714,1.2718872,-0.10725064
Morocco,MAR,-1.2052412,2022-02-15,2022,2,-0.6254199,-0.864664,-0.7112974
Mozambique,MOZ,-0.12792471,2022-02-15,2022,2,-0.5382972,-1.6183277,-1.0240616
Myanmar,MMR,1.2296855,2022-02-15,2022,2,0.19222336,0.5838689,0.074764244
Namibia,NAM,0.40292943,2022-02-15,2022,2,0.37432256,0.09991852,-0.10885425
Nepal,NPL,0.8727057,2022-02-15,2022,2,0.75028235,0.6030158,0.07937237
Netherlands,NLD,0.39441976,2022-02-15,2022,2,-0.48327273,0.27195966,-0.69606036
New Caledonia,NCL,2.048865,2022-02-15,2022,2,1.6042256,1.7123467,0.91717196
New Zealand,NZL,0.7649171,2022-02-15,2022,2,-0.011434758,0.77503306,0.35056207
Nicaragua,NIC,-0.72674525,2022-02-15,2022,2,-0.8943985,-0.82446164,-0.80684704
Niger,NER,0.41254205,2022-02-15,2022,2,-0.7549826,-1.2190895,-1.1884527
Nigeria,NGA,-0.14064103,2022-02-15,2022,2,-0.8863966,-0.543882,-0.33063352
North Korea,PRK,-1.8488911,2022-02-15,2022,2,-0.6189464,1.4011316,0.90285355
North Macedonia,MKD,0.034669187,2022-02-15,2022,2,0.009116412,1.4662277,0.6197838
Northern Cyprus,-99,1.0090616,2022-02-15,2022,2,-0.038302056,-0.50706387,-1.2198085
Norway,-99,0.3040721,2022-02-15,2022,2,1.0090616,-0.038302056,-0.50706387
Oman,OMN,-0.7909595,2022-02-15,2022,2,-0.8945691,-1.0777571,-0.9196702
Pakistan,PAK,-0.094290555,2022-02-15,2022,2,0.5843006,-0.58284235,-0.10408087
Palestine,PSE,0.9354253,2022-02-15,2022,2,0.86487466,0.14990197,-0.48870623
Panama,PAN,-0.52177775,2022-02-15,2022,2,-0.5276631,-0.17150816,-0.019310694
Papua New Guinea,PNG,0.095425144,2022-02-15,2022,2,0.11200109,0.2582236,0.16514112
Paraguay,PRY,-2.433994,2022-02-15,2022,2,-1.6845609,-0.40070656,-0.018570181
Peru,PER,-0.5376769,2022-02-15,2022,2,-0.4042949,-0.09564864,-0.21641096
Philippines,PHL,0.41349003,2022-02-15,2022,2,-0.08097255,0.5762486,0.47693193
Poland,POL,-0.026501453,2022-02-15,2022,2,-0.1392249,-1.2164284,-1.1158273
Portugal,PRT,-1.5533868,2022-02-15,2022,2,-1.5006253,-1.0011556,-0.770574
Puerto Rico,PRI,-0.33327326,2022-02-15,2022,2,-0.7846914,-0.2389078,-0.4589957
Qatar,QAT,0.14059028,2022-02-15,2022,2,0.6217789,-0.6775332,-1.8378882
Republic of Serbia,SRB,-0.13488363,2022-02-15,2022,2,0.9707671,1.3001609,-0.21029373
Republic of the Congo,COG,-0.8382326,2022-02-15,2022,2,-0.048175707,-0.6637222,-1.0308487
Romania,ROU,-0.41003644,2022-02-15,2022,2,0.17595053,0.1634566,-0.9802909
Russia,RUS,0.3348054,2022-02-15,2022,2,0.5453175,0.29611975,0.24366014
Rwanda,RWA,1.0927187,2022-02-15,2022,2,-0.38978234,-1.1633716,-0.9573385
Saint Vincent and the Grenadines,VCT,-1.4957517,2022-02-15,2022,2,-2.778209,-1.842797,-1.3914683
Samoa,WSM,-0.13445891,2022-02-15,2022,2,-0.3254036,-1.0252192,-0.75151014
Saudi Arabia,SAU,-0.1189671,2022-02-15,2022,2,-0.41137174,-1.0750506,-1.4219722
Senegal,SEN,-2.2986705,2022-02-15,2022,2,-2.4527862,-0.48593977,-0.47518164
Siachen Glacier,-99,-0.38874796,2022-02-15,2022,2,0.3040721,1.0090616,-0.038302056
Sierra Leone,SLE,-1.1190339,2022-02-15,2022,2,-0.7291138,0.7963996,0.58552086
Slovakia,SVK,-1.1725713,2022-02-15,2022,2,-0.4551591,-0.9489547,-1.2486238
Slovenia,SVN,-0.6953816,2022-02-15,2022,2,0.024641585,-0.09828016,-1.0311168
Solomon Islands,SLB,0.031490184,2022-02-15,2022,2,0.060673326,0.03006955,0.05968467
Somalia,SOM,-0.69344836,2022-02-15,2022,2,-0.0059645916,0.5131483,0.4428016
Somaliland,-99,-1.8913023,2022-02-15,2022,2,-0.38874796,0.3040721,1.0090616
South Africa,ZAF,0.71784496,2022-02-15,2022,2,0.9930421,1.1203144,-0.39631307
South Georgia and the Islands,SGS,-1.2928803,2022-02-15,2022,2,-1.0514535,-1.305093,-2.372099
South Korea,KOR,-2.3105912,2022-02-15,2022,2,-1.4659206,-0.06422101,0.32707757
South Sudan,SSD,0.15616885,2022-02-15,2022,2,-0.15770078,-0.40754697,-0.18064432
Spain,ESP,-1.7716771,2022-02-15,2022,2,-1.1370078,-0.7805647,-0.1725539
Sri Lanka,LKA,-0.34320983,2022-02-15,2022,2,0.19038463,0.5326834,1.0352705
Sudan,SDN,0.16415611,2022-02-15,2022,2,-0.65265715,-1.2383727,-0.6041284
Suriname,SUR,0.4739787,2022-02-15,2022,2,0.35300225,1.4916719,1.2989929
Sweden,SWE,0.11389732,2022-02-15,2022,2,-0.20216644,0.38596773,0.25795746
Switzerland,CHE,-0.22851416,2022-02-15,2022,2,-0.67455447,-0.57758147,-1.6339666
Syria,SYR,-0.687358,2022-02-15,2022,2,-0.6067701,-1.2009754,-1.1581117
Taiwan,TWN,0.27429986,2022-02-15,2022,2,-0.13816743,0.13963653,0.34962127
Tajikistan,TJK,-1.1424401,2022-02-15,2022,2,-1.0135926,-1.1785691,-1.135353
Thailand,THA,1.3844802,2022-02-15,2022,2,-0.17566575,0.7446431,0.84241104
The Bahamas,BHS,0.0456765,2022-02-15,2022,2,0.577501,-0.4029057,0.1500931
Togo,TGO,-1.8920825,2022-02-15,2022,2,-1.053535,-0.42228496,0.19879372
Trinidad and Tobago,TTO,0.10340236,2022-02-15,2022,2,-1.9012973,-1.3318777,-1.2950764
Tunisia,TUN,-1.4003476,2022-02-15,2022,2,-1.0247475,-0.8878158,-1.020008
Turkey,TUR,0.032930132,2022-02-15,2022,2,-0.17641804,-0.8026975,-0.6504283
Turkmenistan,TKM,-1.3846232,2022-02-15,2022,2,-1.1481146,-1.1211138,-1.1631047
Uganda,UGA,0.7433638,2022-02-15,2022,2,0.9025978,0.48520726,0.92275876
Ukraine,UKR,0.33568865,2022-02-15,2022,2,0.5028559,-0.62777764,-1.0511869
United Arab Emirates,ARE,-0.61248016,2022-02-15,2022,2,-0.26805303,-0.7622485,-1.5971358
United Kingdom,GBR,-0.1688585,2022-02-15,2022,2,-1.4625475,0.12435978,0.0044811307
United Republic of Tanzania,TZA,0.34200996,2022-02-15,2022,2,-0.23331074,-0.59874284,-0.42610064
United States Virgin Islands,VIR,-0.6638275,2022-02-15,2022,2,-0.9284736,-0.29876956,-0.11328066
United States of America,USA,-0.11861017,2022-02-15,2022,2,-0.59780675,0.091738984,-0.13331138
Uruguay,URY,-0.366198,2022-02-15,2022,2,-0.44310966,-1.8299198,-0.509113
Uzbekistan,UZB,-1.0309263,2022-02-15,2022,2,-0.7726874,-1.1927961,-1.3381007
Vanuatu,VUT,0.053005185,2022-02-15,2022,2,-0.052867357,-0.04196297,0.077314585
Venezuela,VEN,-0.018215725,2022-02-15,2022,2,-0.4436735,0.22946337,0.17293335
Vietnam,VNM,1.1524299,2022-02-15,2022,2,0.35319057,0.93272287,0.5933003
Western Sahara,ESH,-0.98345166,2022-02-15,2022,2,0.12098607,0.05432768,0.29093355
Yemen,YEM,-0.46745744,2022-02-15,2022,2,-0.7878156,-0.76630956,-0.62891215
Zambia,ZMB,0.05727384,2022-02-15,2022,2,0.19130974,-0.014005785,0.15604739
Zimbabwe,ZWE,-0.0011793993,2022-02-15,2022,2,0.24534412,-0.28239486,0.022645624
eSwatini,SWZ,-0.26444474,2022-02-15,2022,2,0.41647586,1.0985464,-0.10469693
Afghanistan,AFG,-0.78670526,2022-03-16,2022,3,-0.8671683,-0.3873344,-1.2339611
Aland,ALA,0.25517336,2022-03-16,2022,3,0.509705,-0.5094265,-0.09728011
Albania,ALB,-0.9304015,2022-03-16,2022,3,-0.48569575,-0.14981833,0.94614977
Algeria,DZA,-0.2972964,2022-03-16,2022,3,-0.83163345,-0.37962863,-0.8355455
Angola,AGO,0.016260596,2022-03-16,2022,3,0.00961228,0.025695449,0.069391295
Antarctica,ATA,,2022-03-16,2022,3,,,
Argentina,ARG,0.03130846,2022-03-16,2022,3,-0.28422815,-0.41187894,-0.96128166
Armenia,ARM,0.30612734,2022-03-16,2022,3,-0.5484126,-0.30335885,-0.4365145
Australia,AUS,-0.05395818,2022-03-16,2022,3,-0.1378032,0.3600394,0.29703844
Austria,AUT,-1.7751414,2022-03-16,2022,3,-0.608696,-0.13474995,-0.44126517
Azerbaijan,AZE,-0.26744625,2022-03-16,2022,3,-0.72130543,-0.6296854,0.23433346
Bangladesh,BGD,0.17208429,2022-03-16,2022,3,1.9771904,0.97866774,0.88392335
Belarus,BLR,-0.46601394,2022-03-16,2022,3,1.1917454,1.0616779,-1.040834
Belgium,BEL,-1.192221,2022-03-16,2022,3,0.05563898,-0.64054227,-0.09207813
Belize,BLZ,1.2958204,2022-03-16,2022,3,0.45526817,-1.0100883,-0.75499314
Benin,BEN,-0.9771893,2022-03-16,2022,3,-1.5140082,-1.4329867,-0.82211256
Bhutan,BTN,0.40379128,2022-03-16,2022,3,2.2044368,0.22527745,0.45168015
Bolivia,BOL,-0.94779134,2022-03-16,2022,3,-0.47686818,0.13572605,0.49593773
Bosnia and Herzegovina,BIH,-1.9412065,2022-03-16,2022,3,-0.37282428,0.7518562,1.16601
Botswana,BWA,0.3506398,2022-03-16,2022,3,0.47128785,0.7387008,0.44782
Brazil,BRA,-0.20711523,2022-03-16,2022,3,-0.14907397,0.21846554,0.5105156
Brunei,BRN,1.0315973,2022-03-16,2022,3,-0.03328689,-0.70814323,-0.82682866
Bulgaria,BGR,-1.2554771,2022-03-16,2022,3,0.12732546,-0.1386724,1.0040191
Burkina Faso,BFA,-0.37308165,2022-03-16,2022,3,-1.5203075,-1.9513289,-0.9993161
Burundi,BDI,1.3836952,2022-03-16,2022,3,1.1677344,-0.47611278,-1.3394506
Cabo Verde,CPV,-1.7517191,2022-03-16,2022,3,-2.4831386,-3.313311,-0.29941416
Cambodia,KHM,1.7656306,2022-03-16,2022,3,1.4212325,-0.006284891,1.4122221
Cameroon,CMR,-0.7734477,2022-03-16,2022,3,-0.84868777,0.13866448,0.580836
Canada,CAN,0.11541355,2022-03-16,2022,3,0.16219573,0.22263178,-0.03534185
Cayman Islands,CYM,,2022-03-16,2022,3,,,
Central African Republic,CAF,-0.61863095,2022-03-16,2022,3,-1.0082138,0.011820131,0.09571624
Chad,TCD,0.19586605,2022-03-16,2022,3,0.102584735,-1.075329,-0.91706777
Chile,CHL,-0.15433629,2022-03-16,2022,3,-0.27904192,-0.46134213,-0.5907571
China,CHN,0.02350117,2022-03-16,2022,3,0.19200334,0.0015695998,0.17621681
Colombia,COL,0.6481,2022-03-16,2022,3,0.22285892,-0.27138937,0.022403669
Comoros,COM,0.45039895,2022-03-16,2022,3,0.070157304,-0.10144333,-1.8886667
Costa Rica,CRI,-0.41744488,2022-03-16,2022,3,-1.0876617,-0.8884786,0.002749443
Croatia,HRV,-1.871163,2022-03-16,2022,3,-0.72899616,0.2688045,0.5148228
Cuba,CUB,-0.4592336,2022-03-16,2022,3,-0.81156534,-0.17908137,-0.73130536
Cyprus,CYP,0.8638499,2022-03-16,2022,3,0.82430494,0.58743095,0.042862583
Czechia,CZE,-2.094772,2022-03-16,2022,3,-1.1244419,-0.3456536,-0.8540739
Democratic Republic of the Congo,COD,0.005217466,2022-03-16,2022,3,0.049510118,0.07373226,-0.097739
Denmark,DNK,-0.1533135,2022-03-16,2022,3,1.016594,-0.39631677,0.03938293
Djibouti,DJI,-0.78984004,2022-03-16,2022,3,-1.3330203,-1.0617069,-0.8321723
Dominican Republic,DOM,0.35997516,2022-03-16,2022,3,-0.24960093,-1.3070481,-1.105986
East Timor,TLS,-0.83367354,2022-03-16,2022,3,-1.0724084,0.05351612,-0.14566274
Ecuador,ECU,-0.55346197,2022-03-16,2022,3,-0.85477376,-0.2912146,0.6878105
Egypt,EGY,0.71712327,2022-03-16,2022,3,-0.07097269,-0.42771333,-0.839023
El Salvador,SLV,0.12455346,2022-03-16,2022,3,-0.24540426,-0.2021092,-0.28796998
Equatorial Guinea,GNQ,-1.0845091,2022-03-16,2022,3,-0.41256008,-0.0054172343,-0.26829994
Eritrea,ERI,0.15648293,2022-03-16,2022,3,0.07037026,0.36568132,0.05245961
Estonia,EST,0.52864784,2022-03-16,2022,3,1.3168923,1.0464765,0.32617584
Ethiopia,ETH,-0.28608993,2022-03-16,2022,3,-0.7014355,-0.41053483,-0.01956076
Falkland Islands,FLK,0.73870546,2022-03-16,2022,3,-0.7195785,-1.0428768,-1.8650217
Faroe Islands,FRO,-0.083665974,2022-03-16,2022,3,0.027762415,0.032518957,0.28607404
Fiji,FJI,2.2836425,2022-03-16,2022,3,2.300878,2.089323,1.1915151
Finland,FIN,0.8964321,2022-03-16,2022,3,1.1738838,0.30119976,0.722099
France,-99,-1.2221591,2022-03-16,2022,3,-1.8913023,-0.38874796,0.3040721
French Polynesia,PYF,-0.62629455,2022-03-16,2022,3,-0.8894562,-0.18958542,-1.4686219
French Southern and Antarctic Lands,ATF,-0.69349635,2022-03-16,2022,3,-0.95875293,-0.6856986,0.96170634
Gabon,GAB,-1.7977026,2022-03-16,2022,3,-0.8221053,-0.3397632,-0.4692781
Gambia,GMB,-1.4687911,2022-03-16,2022,3,-2.2841642,-2.3355596,-0.25636148
Georgia,GEO,0.53891873,2022-03-16,2022,3,-0.3507208,-0.17103568,-0.39726114
Germany,DEU,-1.3197913,2022-03-16,2022,3,-0.105142735,-0.31167307,-0.44310084
Ghana,GHA,-1.2764733,2022-03-16,2022,3,-1.6492975,-0.3883987,-0.065304965
Greece,GRC,-0.58998144,2022-03-16,2022,3,-0.2817736,-0.5057325,0.7599764
Greenland,GRL,0.54022145,2022-03-16,2022,3,0.42985585,0.7193201,0.55761766
Guatemala,GTM,0.044177227,2022-03-16,2022,3,-0.10075526,-0.7923721,-0.8583047
Guinea,GIN,0.5645617,2022-03-16,2022,3,-1.9553124,-2.1315732,-0.09931819
Guinea-Bissau,GNB,-1.1894894,2022-03-16,2022,3,-2.3699002,-2.4942756,0.11891291
Guyana,GUY,1.2061204,2022-03-16,2022,3,0.9272573,0.23010843,1.3868088
Haiti,HTI,0.82782227,2022-03-16,2022,3,-0.53157395,-1.4288795,-1.5336832
Honduras,HND,0.5256049,2022-03-16,2022,3,0.12558138,-0.26852092,-0.0801589
Hungary,HUN,-2.093296,2022-03-16,2022,3,-1.151425,-0.17851378,-0.30245414
Iceland,ISL,1.8002319,2022-03-16,2022,3,1.0533738,0.6666313,1.2577525
India,IND,0.1595741,2022-03-16,2022,3,1.1350696,1.2691582,0.64695925
Indonesia,IDN,-0.0053929253,2022-03-16,2022,3,-0.0064948085,0.3234389,0.55041164
Iran,IRN,-1.2100948,2022-03-16,2022,3,-1.0387394,-0.6389797,-0.89188087
Iraq,IRQ,-0.6859722,2022-03-16,2022,3,-0.7618571,-0.6097409,-0.86099577
Ireland,IRL,-0.9276808,2022-03-16,2022,3,-0.046224933,-1.5247834,0.22331639
Israel,ISR,1.1572034,2022-03-16,2022,3,1.2293718,1.1519468,0.34161213
Italy,ITA,-1.6812572,2022-03-16,2022,3,-1.2859501,-0.69315594,-0.40407464
Ivory Coast,CIV,-0.26747575,2022-03-16,2022,3,-1.321269,-0.7026483,-0.37342173
Jamaica,JAM,-1.3115216,2022-03-16,2022,3,-1.2617483,0.76406753,0.35499418
Japan,JPN,-0.7069632,2022-03-16,2022,3,-0.3315771,0.40586853,0.21029434
Jordan,JOR,1.0615046,2022-03-16,2022,3,0.85491574,0.72287446,0.033255186
Kazakhstan,KAZ,0.4284636,2022-03-16,2022,3,-0.5909905,-0.30975336,-0.68225247
Kenya,KEN,-0.08799656,2022-03-16,2022,3,0.11127917,1.21442,1.2676544
Kiribati,KIR,,2022-03-16,2022,3,,,
Kosovo,-99,-1.4913049,2022-03-16,2022,3,-1.2221591,-1.8913023,-0.38874796
Kuwait,KWT,-0.62783796,2022-03-16,2022,3,0.20213667,0.1761884,-0.87639403
Kyrgyzstan,KGZ,1.520203,2022-03-16,2022,3,-1.1792604,-1.2421833,-0.525417
Laos,LAO,1.834458,2022-03-16,2022,3,1.003176,-0.3157708,0.45235112
Latvia,LVA,-0.07153584,2022-03-16,2022,3,1.3294163,1.3252201,0.065831676
Lebanon,LBN,0.95815593,2022-03-16,2022,3,0.81812686,0.80697364,-0.13339293
Lesotho,LSO,-0.5730962,2022-03-16,2022,3,0.6949404,1.0068654,1.146675
Liberia,LBR,-0.39928183,2022-03-16,2022,3,-0.451185,-0.6156253,-0.55863655
Libya,LBY,0.79137063,2022-03-16,2022,3,0.5223601,-0.010659051,-0.32196245
Lithuania,LTU,-0.22544898,2022-03-16,2022,3,1.1907711,0.89577734,-0.6604518
Luxembourg,LUX,-0.7029251,2022-03-16,2022,3,0.2550305,-0.541537,-0.4069541
Madagascar,MDG,0.4155272,2022-03-16,2022,3,0.4009546,0.7104771,0.15789777
Malawi,MWI,0.48214674,2022-03-16,2022,3,-0.88629836,-1.4471664,-2.2300212
Malaysia,MYS,0.3569512,2022-03-16,2022,3,0.074922755,-0.49180627,-0.4528818
Mali,MLI,-0.66663957,2022-03-16,2022,3,-1.2442112,-1.6139075,-1.4420198
Mauritania,MRT,-1.0734718,2022-03-16,2022,3,-1.5467795,-1.4334701,-1.1960284
Mauritius,MUS,0.41386983,2022-03-16,2022,3,-0.20708747,-0.78149885,-0.5091855
Mexico,MEX,-1.1202798,2022-03-16,2022,3,-0.94600844,-1.0583735,-0.65152526
Moldova,MDA,-1.9010893,2022-03-16,2022,3,-0.52175474,-0.37653774,-0.42330676
Mongolia,MNG,-0.8052685,2022-03-16,2022,3,-0.2598329,-0.9120061,-0.82879394
Montenegro,MNE,-1.6551334,2022-03-16,2022,3,-0.3981407,0.68903714,1.2718872
Morocco,MAR,-0.75372976,2022-03-16,2022,3,-1.2052412,-0.6254199,-0.864664
Mozambique,MOZ,0.56609786,2022-03-16,2022,3,-0.12792471,-0.5382972,-1.6183277
Myanmar,MMR,1.0006874,2022-03-16,2022,3,1.2296855,0.19222336,0.5838689
Namibia,NAM,0.5089887,2022-03-16,2022,3,0.40292943,0.37432256,0.09991852
Nepal,NPL,0.23335376,2022-03-16,2022,3,0.8727057,0.75028235,0.6030158
Netherlands,NLD,-0.9969201,2022-03-16,2022,3,0.39441976,-0.48327273,0.27195966
New Caledonia,NCL,1.589763,2022-03-16,2022,3,2.048865,1.6042256,1.7123467
New Zealand,NZL,-0.21456781,2022-03-16,2022,3,0.7649171,-0.011434758,0.77503306
Nicaragua,NIC,-0.47250217,2022-03-16,2022,3,-0.72674525,-0.8943985,-0.82446164
Niger,NER,0.58765453,2022-03-16,2022,3,0.41254205,-0.7549826,-1.2190895
Nigeria,NGA,0.12885459,2022-03-16,2022,3,-0.14064103,-0.8863966,-0.543882
North Korea,PRK,0.47071156,2022-03-16,2022,3,-1.8488911,-0.6189464,1.4011316
North Macedonia,MKD,-0.93387246,2022-03-16,2022,3,0.034669187,0.009116412,1.4662277
Northern Cyprus,-99,1.3387055,2022-03-16,2022,3,-1.4913049,-1.2221591,-1.8913023
Norway,-99,0.46267948,2022-03-16,2022,3,1.3387055,-1.4913049,-1.2221591
Oman,OMN,-0.96468437,2022-03-16,2022,3,-0.7909595,-0.8945691,-1.0777571
Pakistan,PAK,-1.0270646,2022-03-16,2022,3,-0.094290555,0.5843006,-0.58284235
Palestine,PSE,1.0157362,2022-03-16,2022,3,0.9354253,0.86487466,0.14990197
Panama,PAN,-0.10858889,2022-03-16,2022,3,-0.52177775,-0.5276631,-0.17150816
Papua New Guinea,PNG,-0.15055422,2022-03-16,2022,3,0.095425144,0.11200109,0.2582236
Paraguay,PRY,-1.5315099,2022-03-16,2022,3,-2.433994,-1.6845609,-0.40070656
Peru,PER,-0.61471355,2022-03-16,2022,3,-0.5376769,-0.4042949,-0.09564864
Philippines,PHL,0.81466615,2022-03-16,2022,3,0.41349003,-0.08097255,0.5762486
Poland,POL,-1.242849,2022-03-16,2022,3,-0.026501453,-0.1392249,-1.2164284
Portugal,PRT,-0.9731051,2022-03-16,2022,3,-1.5533868,-1.5006253,-1.0011556
Puerto Rico,PRI,0.40992522,2022-03-16,2022,3,-0.33327326,-0.7846914,-0.2389078
Qatar,QAT,-0.53125757,2022-03-16,2022,3,0.14059028,0.6217789,-0.6775332
Republic of Serbia,SRB,-1.8303001,2022-03-16,2022,3,-0.13488363,0.9707671,1.3001609
Republic of the Congo,COG,-1.5989938,2022-03-16,2022,3,-0.8382326,-0.048175707,-0.6637222
Romania,ROU,-1.9479324,2022-03-16,2022,3,-0.41003644,0.17595053,0.1634566
Russia,RUS,0.084132805,2022-03-16,2022,3,0.3348054,0.5453175,0.29611975
Rwanda,RWA,1.2806357,2022-03-16,2022,3,1.0927187,-0.38978234,-1.1633716
Saint Vincent and the Grenadines,VCT,-0.04489422,2022-03-16,2022,3,-1.4957517,-2.778209,-1.842797
Samoa,WSM,-0.029728033,2022-03-16,2022,3,-0.13445891,-0.3254036,-1.0252192
Saudi Arabia,SAU,-0.26175207,2022-03-16,2022,3,-0.1189671,-0.41137174,-1.0750506
Senegal,SEN,-1.5282706,2022-03-16,2022,3,-2.2986705,-2.4527862,-0.48593977
Siachen Glacier,-99,-0.5085145,2022-03-16,2022,3,0.46267948,1.3387055,-1.4913049
Sierra Leone,SLE,-0.33892563,2022-03-16,2022,3,-1.1190339,-0.7291138,0.7963996
Slovakia,SVK,-2.0061867,2022-03-16,2022,3,-1.1725713,-0.4551591,-0.9489547
Slovenia,SVN,-1.6536615,2022-03-16,2022,3,-0.6953816,0.024641585,-0.09828016
Solomon Islands,SLB,0.03714139,2022-03-16,2022,3,0.031490184,0.060673326,0.03006955
Somalia,SOM,-0.056102835,2022-03-16,2022,3,-0.69344836,-0.0059645916,0.5131483
Somaliland,-99,-1.5642035,2022-03-16,2022,3,-0.5085145,0.46267948,1.3387055
South Africa,ZAF,0.14280117,2022-03-16,2022,3,0.71784496,0.9930421,1.1203144
South Georgia and the Islands,SGS,-0.8651525,2022-03-16,2022,3,-1.2928803,-1.0514535,-1.305093
South Korea,KOR,-0.63185847,2022-03-16,2022,3,-2.3105912,-1.4659206,-0.06422101
South Sudan,SSD,0.34132245,2022-03-16,2022,3,0.15616885,-0.15770078,-0.40754697
Spain,ESP,-0.531759,2022-03-16,2022,3,-1.7716771,-1.1370078,-0.7805647
Sri Lanka,LKA,-0.01708168,2022-03-16,2022,3,-0.34320983,0.19038463,0.5326834
Sudan,SDN,0.44381854,2022-03-16,2022,3,0.16415611,-0.65265715,-1.2383727
Suriname,SUR,0.8094518,2022-03-16,2022,3,0.4739787,0.35300225,1.4916719
Sweden,SWE,-0.03204695,2022-03-16,2022,3,0.11389732,-0.20216644,0.38596773
Switzerland,CHE,-1.5033531,2022-03-16,2022,3,-0.22851416,-0.67455447,-0.57758147
Syria,SYR,0.28179663,2022-03-16,2022,3,-0.687358,-0.6067701,-1.2009754
Taiwan,TWN,0.37635726,2022-03-16,2022,3,0.27429986,-0.13816743,0.13963653
Tajikistan,TJK,0.697125,2022-03-16,2022,3,-1.1424401,-1.0135926,-1.1785691
Thailand,THA,1.8092663,2022-03-16,2022,3,1.3844802,-0.17566575,0.7446431
The Bahamas,BHS,0.5697828,2022-03-16,2022,3,0.0456765,0.577501,-0.4029057
Togo,TGO,-1.5756427,2022-03-16,2022,3,-1.8920825,-1.053535,-0.42228496
Trinidad and Tobago,TTO,0.7771332,2022-03-16,2022,3,0.10340236,-1.9012973,-1.3318777
Tunisia,TUN,-0.98855704,2022-03-16,2022,3,-1.4003476,-1.0247475,-0.8878158
Turkey,TUR,0.5642626,2022-03-16,2022,3,0.032930132,-0.17641804,-0.8026975
Turkmenistan,TKM,-0.48609045,2022-03-16,2022,3,-1.3846232,-1.1481146,-1.1211138
Uganda,UGA,0.5624747,2022-03-16,2022,3,0.7433638,0.9025978,0.48520726
Ukraine,UKR,-1.1468996,2022-03-16,2022,3,0.33568865,0.5028559,-0.62777764
United Arab Emirates,ARE,-1.3370607,2022-03-16,2022,3,-0.61248016,-0.26805303,-0.7622485
United Kingdom,GBR,-0.7059573,2022-03-16,2022,3,-0.1688585,-1.4625475,0.12435978
United Republic of Tanzania,TZA,0.48930588,2022-03-16,2022,3,0.34200996,-0.23331074,-0.59874284
United States Virgin Islands,VIR,0.13119322,2022-03-16,2022,3,-0.6638275,-0.9284736,-0.29876956
United States of America,USA,-0.20878224,2022-03-16,2022,3,-0.11861017,-0.59780675,0.091738984
Uruguay,URY,0.4441547,2022-03-16,2022,3,-0.366198,-0.44310966,-1.8299198
Uzbekistan,UZB,0.20046338,2022-03-16,2022,3,-1.0309263,-0.7726874,-1.1927961
Vanuatu,VUT,0.11274115,2022-03-16,2022,3,0.053005185,-0.052867357,-0.04196297
Venezuela,VEN,0.08268561,2022-03-16,2022,3,-0.018215725,-0.4436735,0.22946337
Vietnam,VNM,1.277129,2022-03-16,2022,3,1.1524299,0.35319057,0.93272287
Western Sahara,ESH,-0.6395944,2022-03-16,2022,3,-0.98345166,0.12098607,0.05432768
Yemen,YEM,-0.21309061,2022-03-16,2022,3,-0.46745744,-0.7878156,-0.76630956
Zambia,ZMB,0.19753705,2022-03-16,2022,3,0.05727384,0.19130974,-0.014005785
Zimbabwe,ZWE,0.07546527,2022-03-16,2022,3,-0.0011793993,0.24534412,-0.28239486
eSwatini,SWZ,-1.5435009,2022-03-16,2022,3,-0.26444474,0.41647586,1.0985464
Afghanistan,AFG,-1.6974938,2022-04-16,2022,4,-0.78670526,-0.8671683,-0.3873344
Aland,ALA,-0.025145704,2022-04-16,2022,4,0.25517336,0.509705,-0.5094265
Albania,ALB,-0.57042414,2022-04-16,2022,4,-0.9304015,-0.48569575,-0.14981833
Algeria,DZA,-0.18920171,2022-04-16,2022,4,-0.2972964,-0.83163345,-0.37962863
Angola,AGO,0.08434541,2022-04-16,2022,4,0.016260596,0.00961228,0.025695449
Antarctica,ATA,,2022-04-16,2022,4,,,
Argentina,ARG,0.07229723,2022-04-16,2022,4,0.03130846,-0.28422815,-0.41187894
Armenia,ARM,-1.1158943,2022-04-16,2022,4,0.30612734,-0.5484126,-0.30335885
Australia,AUS,-0.0922338,2022-04-16,2022,4,-0.05395818,-0.1378032,0.3600394
Austria,AUT,-1.3597507,2022-04-16,2022,4,-1.7751414,-0.608696,-0.13474995
Azerbaijan,AZE,-1.1030859,2022-04-16,2022,4,-0.26744625,-0.72130543,-0.6296854
Bangladesh,BGD,-0.360366,2022-04-16,2022,4,0.17208429,1.9771904,0.97866774
Belarus,BLR,-0.5002695,2022-04-16,2022,4,-0.46601394,1.1917454,1.0616779
Belgium,BEL,-1.1856586,2022-04-16,2022,4,-1.192221,0.05563898,-0.64054227
Belize,BLZ,1.5863982,2022-04-16,2022,4,1.2958204,0.45526817,-1.0100883
Benin,BEN,-0.19411464,2022-04-16,2022,4,-0.9771893,-1.5140082,-1.4329867
Bhutan,BTN,0.6398382,2022-04-16,2022,4,0.40379128,2.2044368,0.22527745
Bolivia,BOL,-1.1845016,2022-04-16,2022,4,-0.94779134,-0.47686818,0.13572605
Bosnia and Herzegovina,BIH,-1.1820093,2022-04-16,2022,4,-1.9412065,-0.37282428,0.7518562
Botswana,BWA,0.14748292,2022-04-16,2022,4,0.3506398,0.47128785,0.7387008
Brazil,BRA,-0.25264028,2022-04-16,2022,4,-0.20711523,-0.14907397,0.21846554
Brunei,BRN,1.7529852,2022-04-16,2022,4,1.0315973,-0.03328689,-0.70814323
Bulgaria,BGR,-0.6911839,2022-04-16,2022,4,-1.2554771,0.12732546,-0.1386724
Burkina Faso,BFA,-0.4756853,2022-04-16,2022,4,-0.37308165,-1.5203075,-1.9513289
Burundi,BDI,1.1340473,2022-04-16,2022,4,1.3836952,1.1677344,-0.47611278
Cabo Verde,CPV,-0.6686204,2022-04-16,2022,4,-1.7517191,-2.4831386,-3.313311
Cambodia,KHM,1.5094007,2022-04-16,2022,4,1.7656306,1.4212325,-0.006284891
Cameroon,CMR,-0.6004743,2022-04-16,2022,4,-0.7734477,-0.84868777,0.13866448
Canada,CAN,0.11628175,2022-04-16,2022,4,0.11541355,0.16219573,0.22263178
Cayman Islands,CYM,,2022-04-16,2022,4,,,
Central African Republic,CAF,-0.57883227,2022-04-16,2022,4,-0.61863095,-1.0082138,0.011820131
Chad,TCD,0.24661092,2022-04-16,2022,4,0.19586605,0.102584735,-1.075329
Chile,CHL,0.07056929,2022-04-16,2022,4,-0.15433629,-0.27904192,-0.46134213
China,CHN,-0.46287113,2022-04-16,2022,4,0.02350117,0.19200334,0.0015695998
Colombia,COL,1.0117997,2022-04-16,2022,4,0.6481,0.22285892,-0.27138937
Comoros,COM,1.2779434,2022-04-16,2022,4,0.45039895,0.070157304,-0.10144333
Costa Rica,CRI,0.34871787,2022-04-16,2022,4,-0.41744488,-1.0876617,-0.8884786
Croatia,HRV,-1.280579,2022-04-16,2022,4,-1.871163,-0.72899616,0.2688045
Cuba,CUB,0.23488982,2022-04-16,2022,4,-0.4592336,-0.81156534,-0.17908137
Cyprus,CYP,-0.0076747155,2022-04-16,2022,4,0.8638499,0.82430494,0.58743095
Czechia,CZE,-1.5546592,2022-04-16,2022,4,-2.094772,-1.1244419,-0.3456536
Democratic Republic of the Congo,COD,0.09444724,2022-04-16,2022,4,0.005217466,0.049510118,0.07373226
Denmark,DNK,-0.096240185,2022-04-16,2022,4,-0.1533135,1.016594,-0.39631677
Djibouti,DJI,-0.3802163,2022-04-16,2022,4,-0.78984004,-1.3330203,-1.0617069
Dominican Republic,DOM,0.46499696,2022-04-16,2022,4,0.35997516,-0.24960093,-1.3070481
East Timor,TLS,-1.295808,2022-04-16,2022,4,-0.83367354,-1.0724084,0.05351612
Ecuador,ECU,0.109294854,2022-04-16,2022,4,-0.55346197,-0.85477376,-0.2912146
Egypt,EGY,-0.32416698,2022-04-16,2022,4,0.71712327,-0.07097269,-0.42771333
El Salvador,SLV,0.22181283,2022-04-16,2022,4,0.12455346,-0.24540426,-0.2021092
Equatorial Guinea,GNQ,-0.96665543,2022-04-16,2022,4,-1.0845091,-0.41256008,-0.0054172343
Eritrea,ERI,0.07596101,2022-04-16,2022,4,0.15648293,0.07037026,0.36568132
Estonia,EST,-0.33894962,2022-04-16,2022,4,0.52864784,1.3168923,1.0464765
Ethiopia,ETH,0.2222828,2022-04-16,2022,4,-0.28608993,-0.7014355,-0.41053483
Falkland Islands,FLK,1.2142717,2022-04-16,2022,4,0.73870546,-0.7195785,-1.0428768
Faroe Islands,FRO,-0.1658986,2022-04-16,2022,4,-0.083665974,0.027762415,0.032518957
Fiji,FJI,1.6091149,2022-04-16,2022,4,2.2836425,2.300878,2.089323
Finland,FIN,0.74611056,2022-04-16,2022,4,0.8964321,1.1738838,0.30119976
France,-99,-0.9115382,2022-04-16,2022,4,-1.5642035,-0.5085145,0.46267948
French Polynesia,PYF,-1.8607379,2022-04-16,2022,4,-0.62629455,-0.8894562,-0.18958542
French Southern and Antarctic Lands,ATF,-0.5276981,2022-04-16,2022,4,-0.69349635,-0.95875293,-0.6856986
Gabon,GAB,-1.3631662,2022-04-16,2022,4,-1.7977026,-0.8221053,-0.3397632
Gambia,GMB,-1.1174027,2022-04-16,2022,4,-1.4687911,-2.2841642,-2.3355596
Georgia,GEO,-0.5015545,2022-04-16,2022,4,0.53891873,-0.3507208,-0.17103568
Germany,DEU,-1.0297241,2022-04-16,2022,4,-1.3197913,-0.105142735,-0.31167307
Ghana,GHA,-0.58016926,2022-04-16,2022,4,-1.2764733,-1.6492975,-0.3883987
Greece,GRC,-0.801714,2022-04-16,2022,4,-0.58998144,-0.2817736,-0.5057325
Greenland,GRL,0.2365231,2022-04-16,2022,4,0.54022145,0.42985585,0.7193201
Guatemala,GTM,0.57626164,2022-04-16,2022,4,0.044177227,-0.10075526,-0.7923721
Guinea,GIN,0.014651342,2022-04-16,2022,4,0.5645617,-1.9553124,-2.1315732
Guinea-Bissau,GNB,-1.032713,2022-04-16,2022,4,-1.1894894,-2.3699002,-2.4942756
Guyana,GUY,1.5210909,2022-04-16,2022,4,1.2061204,0.9272573,0.23010843
Haiti,HTI,0.87706655,2022-04-16,2022,4,0.82782227,-0.53157395,-1.4288795
Honduras,HND,0.7380281,2022-04-16,2022,4,0.5256049,0.12558138,-0.26852092
Hungary,HUN,-1.458662,2022-04-16,2022,4,-2.093296,-1.151425,-0.17851378
Iceland,ISL,1.6478975,2022-04-16,2022,4,1.8002319,1.0533738,0.6666313
India,IND,-0.79328257,2022-04-16,2022,4,0.1595741,1.1350696,1.2691582
Indonesia,IDN,0.016962437,2022-04-16,2022,4,-0.0053929253,-0.0064948085,0.3234389
Iran,IRN,-1.4869978,2022-04-16,2022,4,-1.2100948,-1.0387394,-0.6389797
Iraq,IRQ,-1.3675072,2022-04-16,2022,4,-0.6859722,-0.7618571,-0.6097409
Ireland,IRL,0.037715964,2022-04-16,2022,4,-0.9276808,-0.046224933,-1.5247834
Israel,ISR,-0.17700376,2022-04-16,2022,4,1.1572034,1.2293718,1.1519468
Italy,ITA,-1.614152,2022-04-16,2022,4,-1.6812572,-1.2859501,-0.69315594
Ivory Coast,CIV,-0.16972575,2022-04-16,2022,4,-0.26747575,-1.321269,-0.7026483
Jamaica,JAM,1.2867507,2022-04-16,2022,4,-1.3115216,-1.2617483,0.76406753
Japan,JPN,-1.0257512,2022-04-16,2022,4,-0.7069632,-0.3315771,0.40586853
Jordan,JOR,-0.2283137,2022-04-16,2022,4,1.0615046,0.85491574,0.72287446
Kazakhstan,KAZ,-0.90315473,2022-04-16,2022,4,0.4284636,-0.5909905,-0.30975336
Kenya,KEN,0.72340536,2022-04-16,2022,4,-0.08799656,0.11127917,1.21442
Kiribati,KIR,,2022-04-16,2022,4,,,
Kosovo,-99,-0.9632788,2022-04-16,2022,4,-0.9115382,-1.5642035,-0.5085145
Kuwait,KWT,-1.8328253,2022-04-16,2022,4,-0.62783796,0.20213667,0.1761884
Kyrgyzstan,KGZ,0.40275094,2022-04-16,2022,4,1.520203,-1.1792604,-1.2421833
Laos,LAO,1.9189827,2022-04-16,2022,4,1.834458,1.003176,-0.3157708
Latvia,LVA,-0.89604676,2022-04-16,2022,4,-0.07153584,1.3294163,1.3252201
Lebanon,LBN,-0.5069351,2022-04-16,2022,4,0.95815593,0.81812686,0.80697364
Lesotho,LSO,1.0107607,2022-04-16,2022,4,-0.5730962,0.6949404,1.0068654
Liberia,LBR,-0.4009062,2022-04-16,2022,4,-0.39928183,-0.451185,-0.6156253
Libya,LBY,-0.0048768176,2022-04-16,2022,4,0.79137063,0.5223601,-0.010659051
Lithuania,LTU,-0.77100104,2022-04-16,2022,4,-0.22544898,1.1907711,0.89577734
Luxembourg,LUX,-0.74539214,2022-04-16,2022,4,-0.7029251,0.2550305,-0.541537
Madagascar,MDG,-0.035434652,2022-04-16,2022,4,0.4155272,0.4009546,0.7104771
Malawi,MWI,0.8718503,2022-04-16,2022,4,0.48214674,-0.88629836,-1.4471664
Malaysia,MYS,1.0780118,2022-04-16,2022,4,0.3569512,0.074922755,-0.49180627
Mali,MLI,-0.93530804,2022-04-16,2022,4,-0.66663957,-1.2442112,-1.6139075
Mauritania,MRT,-0.8747095,2022-04-16,2022,4,-1.0734718,-1.5467795,-1.4334701
Mauritius,MUS,1.7805015,2022-04-16,2022,4,0.41386983,-0.20708747,-0.78149885
Mexico,MEX,-1.0615443,2022-04-16,2022,4,-1.1202798,-0.94600844,-1.0583735
Moldova,MDA,-1.2874283,2022-04-16,2022,4,-1.9010893,-0.52175474,-0.37653774
Mongolia,MNG,-1.3648396,2022-04-16,2022,4,-0.8052685,-0.2598329,-0.9120061
Montenegro,MNE,-1.0241982,2022-04-16,2022,4,-1.6551334,-0.3981407,0.68903714
Morocco,MAR,-0.5272675,2022-04-16,2022,4,-0.75372976,-1.2052412,-0.6254199
Mozambique,MOZ,0.59067076,2022-04-16,2022,4,0.56609786,-0.12792471,-0.5382972
Myanmar,MMR,0.99391735,2022-04-16,2022,4,1.0006874,1.2296855,0.19222336
Namibia,NAM,0.17446163,2022-04-16,2022,4,0.5089887,0.40292943,0.37432256
Nepal,NPL,-0.32975405,2022-04-16,2022,4,0.23335376,0.8727057,0.75028235
Netherlands,NLD,-0.8266072,2022-04-16,2022,4,-0.9969201,0.39441976,-0.48327273
New Caledonia,NCL,1.1980587,2022-04-16,2022,4,1.589763,2.048865,1.6042256
New Zealand,NZL,0.24031492,2022-04-16,2022,4,-0.21456781,0.7649171,-0.011434758
Nicaragua,NIC,0.2680451,2022-04-16,2022,4,-0.47250217,-0.72674525,-0.8943985
Niger,NER,0.15220305,2022-04-16,2022,4,0.58765453,0.41254205,-0.7549826
Nigeria,NGA,0.13909137,2022-04-16,2022,4,0.12885459,-0.14064103,-0.8863966
North Korea,PRK,-0.7337126,2022-04-16,2022,4,0.47071156,-1.8488911,-0.6189464
North Macedonia,MKD,-0.7732906,2022-04-16,2022,4,-0.93387246,0.034669187,0.009116412
Northern Cyprus,-99,0.044482883,2022-04-16,2022,4,-0.9632788,-0.9115382,-1.5642035
Norway,-99,0.22833444,2022-04-16,2022,4,0.044482883,-0.9632788,-0.9115382
Oman,OMN,-0.969283,2022-04-16,2022,4,-0.96468437,-0.7909595,-0.8945691
Pakistan,PAK,-2.258005,2022-04-16,2022,4,-1.0270646,-0.094290555,0.5843006
Palestine,PSE,-0.17626822,2022-04-16,2022,4,1.0157362,0.9354253,0.86487466
Panama,PAN,0.9001713,2022-04-16,2022,4,-0.10858889,-0.52177775,-0.5276631
Papua New Guinea,PNG,-0.2967335,2022-04-16,2022,4,-0.15055422,0.095425144,0.11200109
Paraguay,PRY,-0.64872533,2022-04-16,2022,4,-1.5315099,-2.433994,-1.6845609
Peru,PER,-0.3931336,2022-04-16,2022,4,-0.61471355,-0.5376769,-0.4042949
Philippines,PHL,1.5488855,2022-04-16,2022,4,0.81466615,0.41349003,-0.08097255
Poland,POL,-1.1157727,2022-04-16,2022,4,-1.242849,-0.026501453,-0.1392249
Portugal,PRT,-0.49524054,2022-04-16,2022,4,-0.9731051,-1.5533868,-1.5006253
Puerto Rico,PRI,0.5916552,2022-04-16,2022,4,0.40992522,-0.33327326,-0.7846914
Qatar,QAT,-1.6309525,2022-04-16,2022,4,-0.53125757,0.14059028,0.6217789
Republic of Serbia,SRB,-1.1593,2022-04-16,2022,4,-1.8303001,-0.13488363,0.9707671
Republic of the Congo,COG,-0.93609565,2022-04-16,2022,4,-1.5989938,-0.8382326,-0.048175707
Romania,ROU,-1.3068727,2022-04-16,2022,4,-1.9479324,-0.41003644,0.17595053
Russia,RUS,-0.06807438,2022-04-16,2022,4,0.084132805,0.3348054,0.5453175
Rwanda,RWA,0.9216329,2022-04-16,2022,4,1.2806357,1.0927187,-0.38978234
Saint Vincent and the Grenadines,VCT,0.47930372,2022-04-16,2022,4,-0.04489422,-1.4957517,-2.778209
Samoa,WSM,-1.0518649,2022-04-16,2022,4,-0.029728033,-0.13445891,-0.3254036
Saudi Arabia,SAU,-1.1911255,2022-04-16,2022,4,-0.26175207,-0.1189671,-0.41137174
Senegal,SEN,-1.2208747,2022-04-16,2022,4,-1.5282706,-2.2986705,-2.4527862
Siachen Glacier,-99,-1.273653,2022-04-16,2022,4,0.22833444,0.044482883,-0.9632788
Sierra Leone,SLE,-0.22521372,2022-04-16,2022,4,-0.33892563,-1.1190339,-0.7291138
Slovakia,SVK,-1.4293255,2022-04-16,2022,4,-2.0061867,-1.1725713,-0.4551591
Slovenia,SVN,-1.3943439,2022-04-16,2022,4,-1.6536615,-0.6953816,0.024641585
Solomon Islands,SLB,-0.00087223406,2022-04-16,2022,4,0.03714139,0.031490184,0.060673326
Somalia,SOM,0.928995,2022-04-16,2022,4,-0.056102835,-0.69344836,-0.0059645916
Somaliland,-99,-0.6989691,2022-04-16,2022,4,-1.273653,0.22833444,0.044482883
South Africa,ZAF,0.46592987,2022-04-16,2022,4,0.14280117,0.71784496,0.9930421
South Georgia and the Islands,SGS,-0.7521018,2022-04-16,2022,4,-0.8651525,-1.2928803,-1.0514535
South Korea,KOR,-0.92885417,2022-04-16,2022,4,-0.63185847,-2.3105912,-1.4659206
South Sudan,SSD,-0.03425946,2022-04-16,2022,4,0.34132245,0.15616885,-0.15770078
Spain,ESP,0.14987805,2022-04-16,2022,4,-0.531759,-1.7716771,-1.1370078
Sri Lanka,LKA,1.0728854,2022-04-16,2022,4,-0.01708168,-0.34320983,0.19038463
Sudan,SDN,0.07561807,2022-04-16,2022,4,0.44381854,0.16415611,-0.65265715
Suriname,SUR,1.0800481,2022-04-16,2022,4,0.8094518,0.4739787,0.35300225
Sweden,SWE,-0.08325718,2022-04-16,2022,4,-0.03204695,0.11389732,-0.20216644
Switzerland,CHE,-0.96968246,2022-04-16,2022,4,-1.5033531,-0.22851416,-0.67455447
Syria,SYR,-0.93128204,2022-04-16,2022,4,0.28179663,-0.687358,-0.6067701
Taiwan,TWN,-0.08569174,2022-04-16,2022,4,0.37635726,0.27429986,-0.13816743
Tajikistan,TJK,-0.13040845,2022-04-16,2022,4,0.697125,-1.1424401,-1.0135926
Thailand,THA,1.654601,2022-04-16,2022,4,1.8092663,1.3844802,-0.17566575
The Bahamas,BHS,-0.13778721,2022-04-16,2022,4,0.5697828,0.0456765,0.577501
Togo,TGO,-0.55280447,2022-04-16,2022,4,-1.5756427,-1.8920825,-1.053535
Trinidad and Tobago,TTO,1.45268,2022-04-16,2022,4,0.7771332,0.10340236,-1.9012973
Tunisia,TUN,-1.001814,2022-04-16,2022,4,-0.98855704,-1.4003476,-1.0247475
Turkey,TUR,-0.6442084,2022-04-16,2022,4,0.5642626,0.032930132,-0.17641804
Turkmenistan,TKM,-1.1206557,2022-04-16,2022,4,-0.48609045,-1.3846232,-1.1481146
Uganda,UGA,-0.064988576,2022-04-16,2022,4,0.5624747,0.7433638,0.9025978
Ukraine,UKR,-0.66372615,2022-04-16,2022,4,-1.1468996,0.33568865,0.5028559
United Arab Emirates,ARE,-1.3668146,2022-04-16,2022,4,-1.3370607,-0.61248016,-0.26805303
United Kingdom,GBR,-0.064026356,2022-04-16,2022,4,-0.7059573,-0.1688585,-1.4625475
United Republic of Tanzania,TZA,0.04970331,2022-04-16,2022,4,0.48930588,0.34200996,-0.23331074
United States Virgin Islands,VIR,0.77331954,2022-04-16,2022,4,0.13119322,-0.6638275,-0.9284736
United States of America,USA,-0.06096083,2022-04-16,2022,4,-0.20878224,-0.11861017,-0.59780675
Uruguay,URY,0.27042428,2022-04-16,2022,4,0.4441547,-0.366198,-0.44310966
Uzbekistan,UZB,-0.9205372,2022-04-16,2022,4,0.20046338,-1.0309263,-0.7726874
Vanuatu,VUT,0.013381009,2022-04-16,2022,4,0.11274115,0.053005185,-0.052867357
Venezuela,VEN,0.37377152,2022-04-16,2022,4,0.08268561,-0.018215725,-0.4436735
Vietnam,VNM,1.1348596,2022-04-16,2022,4,1.277129,1.1524299,0.35319057
Western Sahara,ESH,-0.4886415,2022-04-16,2022,4,-0.6395944,-0.98345166,0.12098607
Yemen,YEM,-0.07014954,2022-04-16,2022,4,-0.21309061,-0.46745744,-0.7878156
Zambia,ZMB,0.069721565,2022-04-16,2022,4,0.19753705,0.05727384,0.19130974
Zimbabwe,ZWE,-0.15902717,2022-04-16,2022,4,0.07546527,-0.0011793993,0.24534412
eSwatini,SWZ,-0.091282204,2022-04-16,2022,4,-1.5435009,-0.26444474,0.41647586
Afghanistan,AFG,-1.35981,2022-05-16,2022,5,-1.6974938,-0.78670526,-0.8671683
Aland,ALA,-0.8592596,2022-05-16,2022,5,-0.025145704,0.25517336,0.509705
Albania,ALB,-1.3648405,2022-05-16,2022,5,-0.57042414,-0.9304015,-0.48569575
Algeria,DZA,-0.62245417,2022-05-16,2022,5,-0.18920171,-0.2972964,-0.83163345
Angola,AGO,0.1273245,2022-05-16,2022,5,0.08434541,0.016260596,0.00961228
Antarctica,ATA,,2022-05-16,2022,5,,,
Argentina,ARG,-0.46061295,2022-05-16,2022,5,0.07229723,0.03130846,-0.28422815
Armenia,ARM,-0.010686294,2022-05-16,2022,5,-1.1158943,0.30612734,-0.5484126
Australia,AUS,0.01935253,2022-05-16,2022,5,-0.0922338,-0.05395818,-0.1378032
Austria,AUT,-1.5278455,2022-05-16,2022,5,-1.3597507,-1.7751414,-0.608696
Azerbaijan,AZE,0.5152168,2022-05-16,2022,5,-1.1030859,-0.26744625,-0.72130543
Bangladesh,BGD,-0.1763021,2022-05-16,2022,5,-0.360366,0.17208429,1.9771904
Belarus,BLR,-0.5283405,2022-05-16,2022,5,-0.5002695,-0.46601394,1.1917454
Belgium,BEL,-1.8647063,2022-05-16,2022,5,-1.1856586,-1.192221,0.05563898
Belize,BLZ,1.7868515,2022-05-16,2022,5,1.5863982,1.2958204,0.45526817
Benin,BEN,-0.5031973,2022-05-16,2022,5,-0.19411464,-0.9771893,-1.5140082
Bhutan,BTN,0.6152623,2022-05-16,2022,5,0.6398382,0.40379128,2.2044368
Bolivia,BOL,-1.0904454,2022-05-16,2022,5,-1.1845016,-0.94779134,-0.47686818
Bosnia and Herzegovina,BIH,-1.6903007,2022-05-16,2022,5,-1.1820093,-1.9412065,-0.37282428
Botswana,BWA,0.49366933,2022-05-16,2022,5,0.14748292,0.3506398,0.47128785
Brazil,BRA,-0.31867284,2022-05-16,2022,5,-0.25264028,-0.20711523,-0.14907397
Brunei,BRN,1.5218451,2022-05-16,2022,5,1.7529852,1.0315973,-0.03328689
Bulgaria,BGR,-1.5548491,2022-05-16,2022,5,-0.6911839,-1.2554771,0.12732546
Burkina Faso,BFA,-0.722362,2022-05-16,2022,5,-0.4756853,-0.37308165,-1.5203075
Burundi,BDI,-0.59392226,2022-05-16,2022,5,1.1340473,1.3836952,1.1677344
Cabo Verde,CPV,-0.45989427,2022-05-16,2022,5,-0.6686204,-1.7517191,-2.4831386
Cambodia,KHM,1.0546771,2022-05-16,2022,5,1.5094007,1.7656306,1.4212325
Cameroon,CMR,-0.23710907,2022-05-16,2022,5,-0.6004743,-0.7734477,-0.84868777
Canada,CAN,0.112809524,2022-05-16,2022,5,0.11628175,0.11541355,0.16219573
Cayman Islands,CYM,,2022-05-16,2022,5,,,
Central African Republic,CAF,-0.024883285,2022-05-16,2022,5,-0.57883227,-0.61863095,-1.0082138
Chad,TCD,-0.082145065,2022-05-16,2022,5,0.24661092,0.19586605,0.102584735
Chile,CHL,-0.2608366,2022-05-16,2022,5,0.07056929,-0.15433629,-0.27904192
China,CHN,-0.5928536,2022-05-16,2022,5,-0.46287113,0.02350117,0.19200334
Colombia,COL,0.46283385,2022-05-16,2022,5,1.0117997,0.6481,0.22285892
Comoros,COM,1.0140983,2022-05-16,2022,5,1.2779434,0.45039895,0.070157304
Costa Rica,CRI,0.61029553,2022-05-16,2022,5,0.34871787,-0.41744488,-1.0876617
Croatia,HRV,-1.6323673,2022-05-16,2022,5,-1.280579,-1.871163,-0.72899616
Cuba,CUB,0.09331385,2022-05-16,2022,5,0.23488982,-0.4592336,-0.81156534
Cyprus,CYP,-0.20799004,2022-05-16,2022,5,-0.0076747155,0.8638499,0.82430494
Czechia,CZE,-1.8422645,2022-05-16,2022,5,-1.5546592,-2.094772,-1.1244419
Democratic Republic of the Congo,COD,0.053497694,2022-05-16,2022,5,0.09444724,0.005217466,0.049510118
Denmark,DNK,-1.700714,2022-05-16,2022,5,-0.096240185,-0.1533135,1.016594
Djibouti,DJI,-0.97358066,2022-05-16,2022,5,-0.3802163,-0.78984004,-1.3330203
Dominican Republic,DOM,0.20334505,2022-05-16,2022,5,0.46499696,0.35997516,-0.24960093
East Timor,TLS,-0.7429204,2022-05-16,2022,5,-1.295808,-0.83367354,-1.0724084
Ecuador,ECU,0.14731899,2022-05-16,2022,5,0.109294854,-0.55346197,-0.85477376
Egypt,EGY,-0.4467092,2022-05-16,2022,5,-0.32416698,0.71712327,-0.07097269
El Salvador,SLV,0.24595554,2022-05-16,2022,5,0.22181283,0.12455346,-0.24540426
Equatorial Guinea,GNQ,-0.3842091,2022-05-16,2022,5,-0.96665543,-1.0845091,-0.41256008
Eritrea,ERI,-0.7532002,2022-05-16,2022,5,0.07596101,0.15648293,0.07037026
Estonia,EST,-1.1767337,2022-05-16,2022,5,-0.33894962,0.52864784,1.3168923
Ethiopia,ETH,-0.23708062,2022-05-16,2022,5,0.2222828,-0.28608993,-0.7014355
Falkland Islands,FLK,0.733973,2022-05-16,2022,5,1.2142717,0.73870546,-0.7195785
Faroe Islands,FRO,-0.30183724,2022-05-16,2022,5,-0.1658986,-0.083665974,0.027762415
Fiji,FJI,0.86934155,2022-05-16,2022,5,1.6091149,2.2836425,2.300878
Finland,FIN,-0.5388567,2022-05-16,2022,5,0.74611056,0.8964321,1.1738838
France,-99,-1.3761699,2022-05-16,2022,5,-0.6989691,-1.273653,0.22833444
French Polynesia,PYF,-0.76410675,2022-05-16,2022,5,-1.8607379,-0.62629455,-0.8894562
French Southern and Antarctic Lands,ATF,-1.0734409,2022-05-16,2022,5,-0.5276981,-0.69349635,-0.95875293
Gabon,GAB,-0.49275166,2022-05-16,2022,5,-1.3631662,-1.7977026,-0.8221053
Gambia,GMB,-0.19306895,2022-05-16,2022,5,-1.1174027,-1.4687911,-2.2841642
Georgia,GEO,0.45622218,2022-05-16,2022,5,-0.5015545,0.53891873,-0.3507208
Germany,DEU,-1.7135949,2022-05-16,2022,5,-1.0297241,-1.3197913,-0.105142735
Ghana,GHA,-0.33909848,2022-05-16,2022,5,-0.58016926,-1.2764733,-1.6492975
Greece,GRC,-1.5477536,2022-05-16,2022,5,-0.801714,-0.58998144,-0.2817736
Greenland,GRL,0.24946684,2022-05-16,2022,5,0.2365231,0.54022145,0.42985585
Guatemala,GTM,1.4275304,2022-05-16,2022,5,0.57626164,0.044177227,-0.10075526
Guinea,GIN,0.45767182,2022-05-16,2022,5,0.014651342,0.5645617,-1.9553124
Guinea-Bissau,GNB,0.6032961,2022-05-16,2022,5,-1.032713,-1.1894894,-2.3699002
Guyana,GUY,1.1933609,2022-05-16,2022,5,1.5210909,1.2061204,0.9272573
Haiti,HTI,0.73019475,2022-05-16,2022,5,0.87706655,0.82782227,-0.53157395
Honduras,HND,0.94711035,2022-05-16,2022,5,0.7380281,0.5256049,0.12558138
Hungary,HUN,-1.672583,2022-05-16,2022,5,-1.458662,-2.093296,-1.151425
Iceland,ISL,1.6056536,2022-05-16,2022,5,1.6478975,1.8002319,1.0533738
India,IND,-0.3752295,2022-05-16,2022,5,-0.79328257,0.1595741,1.1350696
Indonesia,IDN,-0.22989732,2022-05-16,2022,5,0.016962437,-0.0053929253,-0.0064948085
Iran,IRN,-1.2238567,2022-05-16,2022,5,-1.4869978,-1.2100948,-1.0387394
Iraq,IRQ,-1.0640429,2022-05-16,2022,5,-1.3675072,-0.6859722,-0.7618571
Ireland,IRL,-0.9731247,2022-05-16,2022,5,0.037715964,-0.9276808,-0.046224933
Israel,ISR,-0.14511293,2022-05-16,2022,5,-0.17700376,1.1572034,1.2293718
Italy,ITA,-1.8572145,2022-05-16,2022,5,-1.614152,-1.6812572,-1.2859501
Ivory Coast,CIV,-0.2207918,2022-05-16,2022,5,-0.16972575,-0.26747575,-1.321269
Jamaica,JAM,1.0140123,2022-05-16,2022,5,1.2867507,-1.3115216,-1.2617483
Japan,JPN,-0.8976329,2022-05-16,2022,5,-1.0257512,-0.7069632,-0.3315771
Jordan,JOR,-0.16774154,2022-05-16,2022,5,-0.2283137,1.0615046,0.85491574
Kazakhstan,KAZ,-0.34289747,2022-05-16,2022,5,-0.90315473,0.4284636,-0.5909905
Kenya,KEN,0.7891202,2022-05-16,2022,5,0.72340536,-0.08799656,0.11127917
Kiribati,KIR,,2022-05-16,2022,5,,,
Kosovo,-99,-1.6308714,2022-05-16,2022,5,-1.3761699,-0.6989691,-1.273653
Kuwait,KWT,-1.6544921,2022-05-16,2022,5,-1.8328253,-0.62783796,0.20213667
Kyrgyzstan,KGZ,1.380452,2022-05-16,2022,5,0.40275094,1.520203,-1.1792604
Laos,LAO,1.164243,2022-05-16,2022,5,1.9189827,1.834458,1.003176
Latvia,LVA,-1.0526805,2022-05-16,2022,5,-0.89604676,-0.07153584,1.3294163
Lebanon,LBN,-0.2067765,2022-05-16,2022,5,-0.5069351,0.95815593,0.81812686
Lesotho,LSO,1.6443576,2022-05-16,2022,5,1.0107607,-0.5730962,0.6949404
Liberia,LBR,-0.40477493,2022-05-16,2022,5,-0.4009062,-0.39928183,-0.451185
Libya,LBY,-0.41625223,2022-05-16,2022,5,-0.0048768176,0.79137063,0.5223601
Lithuania,LTU,-0.79949945,2022-05-16,2022,5,-0.77100104,-0.22544898,1.1907711
Luxembourg,LUX,-1.723245,2022-05-16,2022,5,-0.74539214,-0.7029251,0.2550305
Madagascar,MDG,0.07655061,2022-05-16,2022,5,-0.035434652,0.4155272,0.4009546
Malawi,MWI,0.46870226,2022-05-16,2022,5,0.8718503,0.48214674,-0.88629836
Malaysia,MYS,0.9340427,2022-05-16,2022,5,1.0780118,0.3569512,0.074922755
Mali,MLI,-0.72071844,2022-05-16,2022,5,-0.93530804,-0.66663957,-1.2442112
Mauritania,MRT,-0.8086153,2022-05-16,2022,5,-0.8747095,-1.0734718,-1.5467795
Mauritius,MUS,1.9796188,2022-05-16,2022,5,1.7805015,0.41386983,-0.20708747
Mexico,MEX,-1.390278,2022-05-16,2022,5,-1.0615443,-1.1202798,-0.94600844
Moldova,MDA,-1.4458096,2022-05-16,2022,5,-1.2874283,-1.9010893,-0.52175474
Mongolia,MNG,-1.9165255,2022-05-16,2022,5,-1.3648396,-0.8052685,-0.2598329
Montenegro,MNE,-1.4838142,2022-05-16,2022,5,-1.0241982,-1.6551334,-0.3981407
Morocco,MAR,-0.6584547,2022-05-16,2022,5,-0.5272675,-0.75372976,-1.2052412
Mozambique,MOZ,0.70726424,2022-05-16,2022,5,0.59067076,0.56609786,-0.12792471
Myanmar,MMR,0.9272892,2022-05-16,2022,5,0.99391735,1.0006874,1.2296855
Namibia,NAM,0.13775545,2022-05-16,2022,5,0.17446163,0.5089887,0.40292943
Nepal,NPL,-0.24388984,2022-05-16,2022,5,-0.32975405,0.23335376,0.8727057
Netherlands,NLD,-1.7226528,2022-05-16,2022,5,-0.8266072,-0.9969201,0.39441976
New Caledonia,NCL,0.08234116,2022-05-16,2022,5,1.1980587,1.589763,2.048865
New Zealand,NZL,-0.74017435,2022-05-16,2022,5,0.24031492,-0.21456781,0.7649171
Nicaragua,NIC,1.1295153,2022-05-16,2022,5,0.2680451,-0.47250217,-0.72674525
Niger,NER,-0.5836041,2022-05-16,2022,5,0.15220305,0.58765453,0.41254205
Nigeria,NGA,-0.591195,2022-05-16,2022,5,0.13909137,0.12885459,-0.14064103
North Korea,PRK,-1.2504436,2022-05-16,2022,5,-0.7337126,0.47071156,-1.8488911
North Macedonia,MKD,-1.7574737,2022-05-16,2022,5,-0.7732906,-0.93387246,0.034669187
Northern Cyprus,-99,-0.16173741,2022-05-16,2022,5,-1.6308714,-1.3761699,-0.6989691
Norway,-99,-0.04048608,2022-05-16,2022,5,-0.16173741,-1.6308714,-1.3761699
Oman,OMN,-1.1165745,2022-05-16,2022,5,-0.969283,-0.96468437,-0.7909595
Pakistan,PAK,-2.280154,2022-05-16,2022,5,-2.258005,-1.0270646,-0.094290555
Palestine,PSE,0.021891654,2022-05-16,2022,5,-0.17626822,1.0157362,0.9354253
Panama,PAN,0.7175167,2022-05-16,2022,5,0.9001713,-0.10858889,-0.52177775
Papua New Guinea,PNG,-0.37849554,2022-05-16,2022,5,-0.2967335,-0.15055422,0.095425144
Paraguay,PRY,-0.13443424,2022-05-16,2022,5,-0.64872533,-1.5315099,-2.433994
Peru,PER,-0.53825426,2022-05-16,2022,5,-0.3931336,-0.61471355,-0.5376769
Philippines,PHL,1.5856425,2022-05-16,2022,5,1.5488855,0.81466615,0.41349003
Poland,POL,-1.7619749,2022-05-16,2022,5,-1.1157727,-1.242849,-0.026501453
Portugal,PRT,-0.29491785,2022-05-16,2022,5,-0.49524054,-0.9731051,-1.5533868
Puerto Rico,PRI,-0.43165186,2022-05-16,2022,5,0.5916552,0.40992522,-0.33327326
Qatar,QAT,-1.5095367,2022-05-16,2022,5,-1.6309525,-0.53125757,0.14059028
Republic of Serbia,SRB,-1.5754385,2022-05-16,2022,5,-1.1593,-1.8303001,-0.13488363
Republic of the Congo,COG,-0.07216306,2022-05-16,2022,5,-0.93609565,-1.5989938,-0.8382326
Romania,ROU,-1.3800051,2022-05-16,2022,5,-1.3068727,-1.9479324,-0.41003644
Russia,RUS,-0.26072648,2022-05-16,2022,5,-0.06807438,0.084132805,0.3348054
Rwanda,RWA,-0.54550266,2022-05-16,2022,5,0.9216329,1.2806357,1.0927187
Saint Vincent and the Grenadines,VCT,-0.44116506,2022-05-16,2022,5,0.47930372,-0.04489422,-1.4957517
Samoa,WSM,-1.5545218,2022-05-16,2022,5,-1.0518649,-0.029728033,-0.13445891
Saudi Arabia,SAU,-1.1648942,2022-05-16,2022,5,-1.1911255,-0.26175207,-0.1189671
Senegal,SEN,-0.12376129,2022-05-16,2022,5,-1.2208747,-1.5282706,-2.2986705
Siachen Glacier,-99,-0.43260378,2022-05-16,2022,5,-0.04048608,-0.16173741,-1.6308714
Sierra Leone,SLE,-0.027272642,2022-05-16,2022,5,-0.22521372,-0.33892563,-1.1190339
Slovakia,SVK,-1.8275614,2022-05-16,2022,5,-1.4293255,-2.0061867,-1.1725713
Slovenia,SVN,-1.549556,2022-05-16,2022,5,-1.3943439,-1.6536615,-0.6953816
Solomon Islands,SLB,0.002725708,2022-05-16,2022,5,-0.00087223406,0.03714139,0.031490184
Somalia,SOM,0.4736477,2022-05-16,2022,5,0.928995,-0.056102835,-0.69344836
Somaliland,-99,-0.8268489,2022-05-16,2022,5,-0.43260378,-0.04048608,-0.16173741
South Africa,ZAF,0.75784206,2022-05-16,2022,5,0.46592987,0.14280117,0.71784496
South Georgia and the Islands,SGS,-0.70121187,2022-05-16,2022,5,-0.7521018,-0.8651525,-1.2928803
South Korea,KOR,-1.823555,2022-05-16,2022,5,-0.92885417,-0.63185847,-2.3105912
South Sudan,SSD,-0.3257912,2022-05-16,2022,5,-0.03425946,0.34132245,0.15616885
Spain,ESP,-0.13203304,2022-05-16,2022,5,0.14987805,-0.531759,-1.7716771
Sri Lanka,LKA,1.2441717,2022-05-16,2022,5,1.0728854,-0.01708168,-0.34320983
Sudan,SDN,-0.5245123,2022-05-16,2022,5,0.07561807,0.44381854,0.16415611
Suriname,SUR,0.664198,2022-05-16,2022,5,1.0800481,0.8094518,0.4739787
Sweden,SWE,-0.6221818,2022-05-16,2022,5,-0.08325718,-0.03204695,0.11389732
Switzerland,CHE,-1.6023417,2022-05-16,2022,5,-0.96968246,-1.5033531,-0.22851416
Syria,SYR,-0.12863843,2022-05-16,2022,5,-0.93128204,0.28179663,-0.687358
Taiwan,TWN,0.37454224,2022-05-16,2022,5,-0.08569174,0.37635726,0.27429986
Tajikistan,TJK,0.893856,2022-05-16,2022,5,-0.13040845,0.697125,-1.1424401
Thailand,THA,1.4356791,2022-05-16,2022,5,1.654601,1.8092663,1.3844802
The Bahamas,BHS,-0.09176871,2022-05-16,2022,5,-0.13778721,0.5697828,0.0456765
Togo,TGO,-0.37673968,2022-05-16,2022,5,-0.55280447,-1.5756427,-1.8920825
Trinidad and Tobago,TTO,0.06819372,2022-05-16,2022,5,1.45268,0.7771332,0.10340236
Tunisia,TUN,-0.95851517,2022-05-16,2022,5,-1.001814,-0.98855704,-1.4003476
Turkey,TUR,-0.6823607,2022-05-16,2022,5,-0.6442084,0.5642626,0.032930132
Turkmenistan,TKM,-0.10016163,2022-05-16,2022,5,-1.1206557,-0.48609045,-1.3846232
Uganda,UGA,-0.6828186,2022-05-16,2022,5,-0.064988576,0.5624747,0.7433638
Ukraine,UKR,-0.83408505,2022-05-16,2022,5,-0.66372615,-1.1468996,0.33568865
United Arab Emirates,ARE,-1.4716568,2022-05-16,2022,5,-1.3668146,-1.3370607,-0.61248016
United Kingdom,GBR,-0.86300457,2022-05-16,2022,5,-0.064026356,-0.7059573,-0.1688585
United Republic of Tanzania,TZA,-0.72917634,2022-05-16,2022,5,0.04970331,0.48930588,0.34200996
United States Virgin Islands,VIR,-0.9012969,2022-05-16,2022,5,0.77331954,0.13119322,-0.6638275
United States of America,USA,-0.22873282,2022-05-16,2022,5,-0.06096083,-0.20878224,-0.11861017
Uruguay,URY,0.1509515,2022-05-16,2022,5,0.27042428,0.4441547,-0.366198
Uzbekistan,UZB,0.044182688,2022-05-16,2022,5,-0.9205372,0.20046338,-1.0309263
Vanuatu,VUT,-0.0033603115,2022-05-16,2022,5,0.013381009,0.11274115,0.053005185
Venezuela,VEN,0.018278405,2022-05-16,2022,5,0.37377152,0.08268561,-0.018215725
Vietnam,VNM,0.94508004,2022-05-16,2022,5,1.1348596,1.277129,1.1524299
Western Sahara,ESH,-0.82015985,2022-05-16,2022,5,-0.4886415,-0.6395944,-0.98345166
Yemen,YEM,-0.19069053,2022-05-16,2022,5,-0.07014954,-0.21309061,-0.46745744
Zambia,ZMB,0.24360922,2022-05-16,2022,5,0.069721565,0.19753705,0.05727384
Zimbabwe,ZWE,0.29028958,2022-05-16,2022,5,-0.15902717,0.07546527,-0.0011793993
eSwatini,SWZ,1.4837692,2022-05-16,2022,5,-0.091282204,-1.5435009,-0.26444474
Afghanistan,AFG,-1.4073628,2022-06-16,2022,6,-1.35981,-1.6974938,-0.78670526
Aland,ALA,-0.5866616,2022-06-16,2022,6,-0.8592596,-0.025145704,0.25517336
Albania,ALB,-1.3851284,2022-06-16,2022,6,-1.3648405,-0.57042414,-0.9304015
Algeria,DZA,-1.1116109,2022-06-16,2022,6,-0.62245417,-0.18920171,-0.2972964
Angola,AGO,0.18971997,2022-06-16,2022,6,0.1273245,0.08434541,0.016260596
Antarctica,ATA,,2022-06-16,2022,6,,,
Argentina,ARG,-0.79404914,2022-06-16,2022,6,-0.46061295,0.07229723,0.03130846
Armenia,ARM,-0.65023327,2022-06-16,2022,6,-0.010686294,-1.1158943,0.30612734
Australia,AUS,0.14195871,2022-06-16,2022,6,0.01935253,-0.0922338,-0.05395818
Austria,AUT,-0.98844314,2022-06-16,2022,6,-1.5278455,-1.3597507,-1.7751414
Azerbaijan,AZE,-0.28806576,2022-06-16,2022,6,0.5152168,-1.1030859,-0.26744625
Bangladesh,BGD,-0.5617813,2022-06-16,2022,6,-0.1763021,-0.360366,0.17208429
Belarus,BLR,-0.37838292,2022-06-16,2022,6,-0.5283405,-0.5002695,-0.46601394
Belgium,BEL,-1.2822473,2022-06-16,2022,6,-1.8647063,-1.1856586,-1.192221
Belize,BLZ,1.3812284,2022-06-16,2022,6,1.7868515,1.5863982,1.2958204
Benin,BEN,0.113705315,2022-06-16,2022,6,-0.5031973,-0.19411464,-0.9771893
Bhutan,BTN,0.7932926,2022-06-16,2022,6,0.6152623,0.6398382,0.40379128
Bolivia,BOL,-1.5081615,2022-06-16,2022,6,-1.0904454,-1.1845016,-0.94779134
Bosnia and Herzegovina,BIH,-1.6762227,2022-06-16,2022,6,-1.6903007,-1.1820093,-1.9412065
Botswana,BWA,0.42734838,2022-06-16,2022,6,0.49366933,0.14748292,0.3506398
Brazil,BRA,-0.46779945,2022-06-16,2022,6,-0.31867284,-0.25264028,-0.20711523
Brunei,BRN,0.950765,2022-06-16,2022,6,1.5218451,1.7529852,1.0315973
Bulgaria,BGR,-0.9246959,2022-06-16,2022,6,-1.5548491,-0.6911839,-1.2554771
Burkina Faso,BFA,-0.23379192,2022-06-16,2022,6,-0.722362,-0.4756853,-0.37308165
Burundi,BDI,-1.0139848,2022-06-16,2022,6,-0.59392226,1.1340473,1.3836952
Cabo Verde,CPV,-0.52903587,2022-06-16,2022,6,-0.45989427,-0.6686204,-1.7517191
Cambodia,KHM,-0.16379099,2022-06-16,2022,6,1.0546771,1.5094007,1.7656306
Cameroon,CMR,0.13721727,2022-06-16,2022,6,-0.23710907,-0.6004743,-0.7734477
Canada,CAN,-0.24115022,2022-06-16,2022,6,0.112809524,0.11628175,0.11541355
Cayman Islands,CYM,,2022-06-16,2022,6,,,
Central African Republic,CAF,0.2276614,2022-06-16,2022,6,-0.024883285,-0.57883227,-0.61863095
Chad,TCD,-0.27132657,2022-06-16,2022,6,-0.082145065,0.24661092,0.19586605
Chile,CHL,-0.56167096,2022-06-16,2022,6,-0.2608366,0.07056929,-0.15433629
China,CHN,-0.30250505,2022-06-16,2022,6,-0.5928536,-0.46287113,0.02350117
Colombia,COL,0.9855915,2022-06-16,2022,6,0.46283385,1.0117997,0.6481
Comoros,COM,0.8349938,2022-06-16,2022,6,1.0140983,1.2779434,0.45039895
Costa Rica,CRI,1.2108954,2022-06-16,2022,6,0.61029553,0.34871787,-0.41744488
Croatia,HRV,-1.6928381,2022-06-16,2022,6,-1.6323673,-1.280579,-1.871163
Cuba,CUB,0.50703114,2022-06-16,2022,6,0.09331385,0.23488982,-0.4592336
Cyprus,CYP,-0.8223863,2022-06-16,2022,6,-0.20799004,-0.0076747155,0.8638499
Czechia,CZE,-1.4513699,2022-06-16,2022,6,-1.8422645,-1.5546592,-2.094772
Democratic Republic of the Congo,COD,0.18781778,2022-06-16,2022,6,0.053497694,0.09444724,0.005217466
Denmark,DNK,-1.1128633,2022-06-16,2022,6,-1.700714,-0.096240185,-0.1533135
Djibouti,DJI,-1.4414955,2022-06-16,2022,6,-0.97358066,-0.3802163,-0.78984004
Dominican Republic,DOM,-0.33038712,2022-06-16,2022,6,0.20334505,0.46499696,0.35997516
East Timor,TLS,-1.0671257,2022-06-16,2022,6,-0.7429204,-1.295808,-0.83367354
Ecuador,ECU,0.68201256,2022-06-16,2022,6,0.14731899,0.109294854,-0.55346197
Egypt,EGY,-1.159102,2022-06-16,2022,6,-0.4467092,-0.32416698,0.71712327
El Salvador,SLV,0.18411756,2022-06-16,2022,6,0.24595554,0.22181283,0.12455346
Equatorial Guinea,GNQ,0.42810678,2022-06-16,2022,6,-0.3842091,-0.96665543,-1.0845091
Eritrea,ERI,-0.74578124,2022-06-16,2022,6,-0.7532002,0.07596101,0.15648293
Estonia,EST,-0.6014031,2022-06-16,2022,6,-1.1767337,-0.33894962,0.52864784
Ethiopia,ETH,0.1588421,2022-06-16,2022,6,-0.23708062,0.2222828,-0.28608993
Falkland Islands,FLK,-0.10384427,2022-06-16,2022,6,0.733973,1.2142717,0.73870546
Faroe Islands,FRO,-0.29288122,2022-06-16,2022,6,-0.30183724,-0.1658986,-0.083665974
Fiji,FJI,-0.045495186,2022-06-16,2022,6,0.86934155,1.6091149,2.2836425
Finland,FIN,-0.40759212,2022-06-16,2022,6,-0.5388567,0.74611056,0.8964321
France,-99,-1.2321367,2022-06-16,2022,6,-0.8268489,-0.43260378,-0.04048608
French Polynesia,PYF,-0.22146212,2022-06-16,2022,6,-0.76410675,-1.8607379,-0.62629455
French Southern and Antarctic Lands,ATF,-0.0715857,2022-06-16,2022,6,-1.0734409,-0.5276981,-0.69349635
Gabon,GAB,1.0652919,2022-06-16,2022,6,-0.49275166,-1.3631662,-1.7977026
Gambia,GMB,0.8583303,2022-06-16,2022,6,-0.19306895,-1.1174027,-1.4687911
Georgia,GEO,0.058388248,2022-06-16,2022,6,0.45622218,-0.5015545,0.53891873
Germany,DEU,-1.4509403,2022-06-16,2022,6,-1.7135949,-1.0297241,-1.3197913
Ghana,GHA,0.06509537,2022-06-16,2022,6,-0.33909848,-0.58016926,-1.2764733
Greece,GRC,-1.3882998,2022-06-16,2022,6,-1.5477536,-0.801714,-0.58998144
Greenland,GRL,0.17683738,2022-06-16,2022,6,0.24946684,0.2365231,0.54022145
Guatemala,GTM,1.2955058,2022-06-16,2022,6,1.4275304,0.57626164,0.044177227
Guinea,GIN,0.5967788,2022-06-16,2022,6,0.45767182,0.014651342,0.5645617
Guinea-Bissau,GNB,0.94676024,2022-06-16,2022,6,0.6032961,-1.032713,-1.1894894
Guyana,GUY,0.65299386,2022-06-16,2022,6,1.1933609,1.5210909,1.2061204
Haiti,HTI,-0.3196923,2022-06-16,2022,6,0.73019475,0.87706655,0.82782227
Honduras,HND,0.61211216,2022-06-16,2022,6,0.94711035,0.7380281,0.5256049
Hungary,HUN,-1.8410151,2022-06-16,2022,6,-1.672583,-1.458662,-2.093296
Iceland,ISL,0.80197126,2022-06-16,2022,6,1.6056536,1.6478975,1.8002319
India,IND,0.13072254,2022-06-16,2022,6,-0.3752295,-0.79328257,0.1595741
Indonesia,IDN,-0.0035512964,2022-06-16,2022,6,-0.22989732,0.016962437,-0.0053929253
Iran,IRN,-1.129432,2022-06-16,2022,6,-1.2238567,-1.4869978,-1.2100948
Iraq,IRQ,-1.5301758,2022-06-16,2022,6,-1.0640429,-1.3675072,-0.6859722
Ireland,IRL,-0.022404116,2022-06-16,2022,6,-0.9731247,0.037715964,-0.9276808
Israel,ISR,-0.7856937,2022-06-16,2022,6,-0.14511293,-0.17700376,1.1572034
Italy,ITA,-1.9489021,2022-06-16,2022,6,-1.8572145,-1.614152,-1.6812572
Ivory Coast,CIV,0.020843355,2022-06-16,2022,6,-0.2207918,-0.16972575,-0.26747575
Jamaica,JAM,0.7762865,2022-06-16,2022,6,1.0140123,1.2867507,-1.3115216
Japan,JPN,-0.5924022,2022-06-16,2022,6,-0.8976329,-1.0257512,-0.7069632
Jordan,JOR,-0.7552368,2022-06-16,2022,6,-0.16774154,-0.2283137,1.0615046
Kazakhstan,KAZ,-0.9071431,2022-06-16,2022,6,-0.34289747,-0.90315473,0.4284636
Kenya,KEN,1.1406454,2022-06-16,2022,6,0.7891202,0.72340536,-0.08799656
Kiribati,KIR,,2022-06-16,2022,6,,,
Kosovo,-99,-1.3216046,2022-06-16,2022,6,-1.2321367,-0.8268489,-0.43260378
Kuwait,KWT,-1.6527332,2022-06-16,2022,6,-1.6544921,-1.8328253,-0.62783796
Kyrgyzstan,KGZ,-0.1703472,2022-06-16,2022,6,1.380452,0.40275094,1.520203
Laos,LAO,0.2974758,2022-06-16,2022,6,1.164243,1.9189827,1.834458
Latvia,LVA,-0.07623994,2022-06-16,2022,6,-1.0526805,-0.89604676,-0.07153584
Lebanon,LBN,-1.5021076,2022-06-16,2022,6,-0.2067765,-0.5069351,0.95815593
Lesotho,LSO,1.9043249,2022-06-16,2022,6,1.6443576,1.0107607,-0.5730962
Liberia,LBR,-0.21360706,2022-06-16,2022,6,-0.40477493,-0.4009062,-0.39928183
Libya,LBY,-1.262345,2022-06-16,2022,6,-0.41625223,-0.0048768176,0.79137063
Lithuania,LTU,0.29013005,2022-06-16,2022,6,-0.79949945,-0.77100104,-0.22544898
Luxembourg,LUX,-1.2445858,2022-06-16,2022,6,-1.723245,-0.74539214,-0.7029251
Madagascar,MDG,-0.32847703,2022-06-16,2022,6,0.07655061,-0.035434652,0.4155272
Malawi,MWI,1.0149152,2022-06-16,2022,6,0.46870226,0.8718503,0.48214674
Malaysia,MYS,1.3151486,2022-06-16,2022,6,0.9340427,1.0780118,0.3569512
Mali,MLI,-0.23251763,2022-06-16,2022,6,-0.72071844,-0.93530804,-0.66663957
Mauritania,MRT,-0.69155586,2022-06-16,2022,6,-0.8086153,-0.8747095,-1.0734718
Mauritius,MUS,1.5098044,2022-06-16,2022,6,1.9796188,1.7805015,0.41386983
Mexico,MEX,-0.7153062,2022-06-16,2022,6,-1.390278,-1.0615443,-1.1202798
Moldova,MDA,-1.5703727,2022-06-16,2022,6,-1.4458096,-1.2874283,-1.9010893
Mongolia,MNG,-1.7782491,2022-06-16,2022,6,-1.9165255,-1.3648396,-0.8052685
Montenegro,MNE,-1.4102364,2022-06-16,2022,6,-1.4838142,-1.0241982,-1.6551334
Morocco,MAR,-1.0776281,2022-06-16,2022,6,-0.6584547,-0.5272675,-0.75372976
Mozambique,MOZ,1.225829,2022-06-16,2022,6,0.70726424,0.59067076,0.56609786
Myanmar,MMR,0.79925925,2022-06-16,2022,6,0.9272892,0.99391735,1.0006874
Namibia,NAM,-0.5312745,2022-06-16,2022,6,0.13775545,0.17446163,0.5089887
Nepal,NPL,-0.10555333,2022-06-16,2022,6,-0.24388984,-0.32975405,0.23335376
Netherlands,NLD,-0.84523827,2022-06-16,2022,6,-1.7226528,-0.8266072,-0.9969201
New Caledonia,NCL,-0.208441,2022-06-16,2022,6,0.08234116,1.1980587,1.589763
New Zealand,NZL,0.40606958,2022-06-16,2022,6,-0.74017435,0.24031492,-0.21456781
Nicaragua,NIC,1.5473974,2022-06-16,2022,6,1.1295153,0.2680451,-0.47250217
Niger,NER,-0.7535652,2022-06-16,2022,6,-0.5836041,0.15220305,0.58765453
Nigeria,NGA,-0.29049757,2022-06-16,2022,6,-0.591195,0.13909137,0.12885459
North Korea,PRK,0.86793786,2022-06-16,2022,6,-1.2504436,-0.7337126,0.47071156
North Macedonia,MKD,-0.97477573,2022-06-16,2022,6,-1.7574737,-0.7732906,-0.93387246
Northern Cyprus,-99,-1.134038,2022-06-16,2022,6,-1.3216046,-1.2321367,-0.8268489
Norway,-99,-0.106141955,2022-06-16,2022,6,-1.134038,-1.3216046,-1.2321367
Oman,OMN,-0.3987838,2022-06-16,2022,6,-1.1165745,-0.969283,-0.96468437
Pakistan,PAK,-0.74380726,2022-06-16,2022,6,-2.280154,-2.258005,-1.0270646
Palestine,PSE,-0.78355485,2022-06-16,2022,6,0.021891654,-0.17626822,1.0157362
Panama,PAN,1.1478527,2022-06-16,2022,6,0.7175167,0.9001713,-0.10858889
Papua New Guinea,PNG,-0.19326904,2022-06-16,2022,6,-0.37849554,-0.2967335,-0.15055422
Paraguay,PRY,-0.27244768,2022-06-16,2022,6,-0.13443424,-0.64872533,-1.5315099
Peru,PER,-0.5938469,2022-06-16,2022,6,-0.53825426,-0.3931336,-0.61471355
Philippines,PHL,1.031222,2022-06-16,2022,6,1.5856425,1.5488855,0.81466615
Poland,POL,-1.5387777,2022-06-16,2022,6,-1.7619749,-1.1157727,-1.242849
Portugal,PRT,-1.4383014,2022-06-16,2022,6,-0.29491785,-0.49524054,-0.9731051
Puerto Rico,PRI,-1.0415045,2022-06-16,2022,6,-0.43165186,0.5916552,0.40992522
Qatar,QAT,-1.5815357,2022-06-16,2022,6,-1.5095367,-1.6309525,-0.53125757
Republic of Serbia,SRB,-1.596914,2022-06-16,2022,6,-1.5754385,-1.1593,-1.8303001
Republic of the Congo,COG,1.505345,2022-06-16,2022,6,-0.07216306,-0.93609565,-1.5989938
Romania,ROU,-1.6900166,2022-06-16,2022,6,-1.3800051,-1.3068727,-1.9479324
Russia,RUS,-0.26161695,2022-06-16,2022,6,-0.26072648,-0.06807438,0.084132805
Rwanda,RWA,-0.8559847,2022-06-16,2022,6,-0.54550266,0.9216329,1.2806357
Saint Vincent and the Grenadines,VCT,0.019119482,2022-06-16,2022,6,-0.44116506,0.47930372,-0.04489422
Samoa,WSM,-0.96366584,2022-06-16,2022,6,-1.5545218,-1.0518649,-0.029728033
Saudi Arabia,SAU,-1.5450482,2022-06-16,2022,6,-1.1648942,-1.1911255,-0.26175207
Senegal,SEN,0.7848416,2022-06-16,2022,6,-0.12376129,-1.2208747,-1.5282706
Siachen Glacier,-99,0.8828204,2022-06-16,2022,6,-0.106141955,-1.134038,-1.3216046
Sierra Leone,SLE,-0.09116339,2022-06-16,2022,6,-0.027272642,-0.22521372,-0.33892563
Slovakia,SVK,-1.9005023,2022-06-16,2022,6,-1.8275614,-1.4293255,-2.0061867
Slovenia,SVN,-1.6745838,2022-06-16,2022,6,-1.549556,-1.3943439,-1.6536615
Solomon Islands,SLB,0.034936644,2022-06-16,2022,6,0.002725708,-0.00087223406,0.03714139
Somalia,SOM,0.36043695,2022-06-16,2022,6,0.4736477,0.928995,-0.056102835
Somaliland,-99,-1.1031269,2022-06-16,2022,6,0.8828204,-0.106141955,-1.134038
South Africa,ZAF,0.8470983,2022-06-16,2022,6,0.75784206,0.46592987,0.14280117
South Georgia and the Islands,SGS,-0.94627595,2022-06-16,2022,6,-0.70121187,-0.7521018,-0.8651525
South Korea,KOR,-1.1934279,2022-06-16,2022,6,-1.823555,-0.92885417,-0.63185847
South Sudan,SSD,-0.30381593,2022-06-16,2022,6,-0.3257912,-0.03425946,0.34132245
Spain,ESP,-1.5817502,2022-06-16,2022,6,-0.13203304,0.14987805,-0.531759
Sri Lanka,LKA,1.3923665,2022-06-16,2022,6,1.2441717,1.0728854,-0.01708168
Sudan,SDN,-0.6635843,2022-06-16,2022,6,-0.5245123,0.07561807,0.44381854
Suriname,SUR,0.24924913,2022-06-16,2022,6,0.664198,1.0800481,0.8094518
Sweden,SWE,-0.48166016,2022-06-16,2022,6,-0.6221818,-0.08325718,-0.03204695
Switzerland,CHE,-1.2105515,2022-06-16,2022,6,-1.6023417,-0.96968246,-1.5033531
Syria,SYR,-1.1062015,2022-06-16,2022,6,-0.12863843,-0.93128204,0.28179663
Taiwan,TWN,0.3979901,2022-06-16,2022,6,0.37454224,-0.08569174,0.37635726
Tajikistan,TJK,-0.010979467,2022-06-16,2022,6,0.893856,-0.13040845,0.697125
Thailand,THA,0.74247885,2022-06-16,2022,6,1.4356791,1.654601,1.8092663
The Bahamas,BHS,0.5064158,2022-06-16,2022,6,-0.09176871,-0.13778721,0.5697828
Togo,TGO,0.19532898,2022-06-16,2022,6,-0.37673968,-0.55280447,-1.5756427
Trinidad and Tobago,TTO,1.0471861,2022-06-16,2022,6,0.06819372,1.45268,0.7771332
Tunisia,TUN,-1.756524,2022-06-16,2022,6,-0.95851517,-1.001814,-0.98855704
Turkey,TUR,-0.5513494,2022-06-16,2022,6,-0.6823607,-0.6442084,0.5642626
Turkmenistan,TKM,-0.8337477,2022-06-16,2022,6,-0.10016163,-1.1206557,-0.48609045
Uganda,UGA,-0.36103174,2022-06-16,2022,6,-0.6828186,-0.064988576,0.5624747
Ukraine,UKR,-0.97066724,2022-06-16,2022,6,-0.83408505,-0.66372615,-1.1468996
United Arab Emirates,ARE,-1.1996325,2022-06-16,2022,6,-1.4716568,-1.3668146,-1.3370607
United Kingdom,GBR,-0.6733298,2022-06-16,2022,6,-0.86300457,-0.064026356,-0.7059573
United Republic of Tanzania,TZA,-0.54017895,2022-06-16,2022,6,-0.72917634,0.04970331,0.48930588
United States Virgin Islands,VIR,-1.2364408,2022-06-16,2022,6,-0.9012969,0.77331954,0.13119322
United States of America,USA,-0.57125384,2022-06-16,2022,6,-0.22873282,-0.06096083,-0.20878224
Uruguay,URY,-0.5418944,2022-06-16,2022,6,0.1509515,0.27042428,0.4441547
Uzbekistan,UZB,-0.78623646,2022-06-16,2022,6,0.044182688,-0.9205372,0.20046338
Vanuatu,VUT,0.036318902,2022-06-16,2022,6,-0.0033603115,0.013381009,0.11274115
Venezuela,VEN,0.27088875,2022-06-16,2022,6,0.018278405,0.37377152,0.08268561
Vietnam,VNM,0.6988303,2022-06-16,2022,6,0.94508004,1.1348596,1.277129
Western Sahara,ESH,-1.1750336,2022-06-16,2022,6,-0.82015985,-0.4886415,-0.6395944
Yemen,YEM,-0.24765044,2022-06-16,2022,6,-0.19069053,-0.07014954,-0.21309061
Zambia,ZMB,0.5467478,2022-06-16,2022,6,0.24360922,0.069721565,0.19753705
Zimbabwe,ZWE,0.9599146,2022-06-16,2022,6,0.29028958,-0.15902717,0.07546527
eSwatini,SWZ,2.223289,2022-06-16,2022,6,1.4837692,-0.091282204,-1.5435009
Afghanistan,AFG,-0.32871103,2022-07-16,2022,7,-1.4073628,-1.35981,-1.6974938
Aland,ALA,-0.3394015,2022-07-16,2022,7,-0.5866616,-0.8592596,-0.025145704
Albania,ALB,-1.4980475,2022-07-16,2022,7,-1.3851284,-1.3648405,-0.57042414
Algeria,DZA,-1.4065824,2022-07-16,2022,7,-1.1116109,-0.62245417,-0.18920171
Angola,AGO,-0.109165125,2022-07-16,2022,7,0.18971997,0.1273245,0.08434541
Antarctica,ATA,,2022-07-16,2022,7,,,
Argentina,ARG,-1.02579,2022-07-16,2022,7,-0.79404914,-0.46061295,0.07229723
Armenia,ARM,-0.6115132,2022-07-16,2022,7,-0.65023327,-0.010686294,-1.1158943
Australia,AUS,0.07708339,2022-07-16,2022,7,0.14195871,0.01935253,-0.0922338
Austria,AUT,-1.6506858,2022-07-16,2022,7,-0.98844314,-1.5278455,-1.3597507
Azerbaijan,AZE,0.14462571,2022-07-16,2022,7,-0.28806576,0.5152168,-1.1030859
Bangladesh,BGD,-1.5953009,2022-07-16,2022,7,-0.5617813,-0.1763021,-0.360366
Belarus,BLR,-0.6621103,2022-07-16,2022,7,-0.37838292,-0.5283405,-0.5002695
Belgium,BEL,-1.9977127,2022-07-16,2022,7,-1.2822473,-1.8647063,-1.1856586
Belize,BLZ,0.7448953,2022-07-16,2022,7,1.3812284,1.7868515,1.5863982
Benin,BEN,-0.15872046,2022-07-16,2022,7,0.113705315,-0.5031973,-0.19411464
Bhutan,BTN,-0.7503582,2022-07-16,2022,7,0.7932926,0.6152623,0.6398382
Bolivia,BOL,-1.218589,2022-07-16,2022,7,-1.5081615,-1.0904454,-1.1845016
Bosnia and Herzegovina,BIH,-2.1613314,2022-07-16,2022,7,-1.6762227,-1.6903007,-1.1820093
Botswana,BWA,-0.26264957,2022-07-16,2022,7,0.42734838,0.49366933,0.14748292
Brazil,BRA,-0.59711665,2022-07-16,2022,7,-0.46779945,-0.31867284,-0.25264028
Brunei,BRN,0.45831746,2022-07-16,2022,7,0.950765,1.5218451,1.7529852
Bulgaria,BGR,-1.1521134,2022-07-16,2022,7,-0.9246959,-1.5548491,-0.6911839
Burkina Faso,BFA,0.11363578,2022-07-16,2022,7,-0.23379192,-0.722362,-0.4756853
Burundi,BDI,-1.2058842,2022-07-16,2022,7,-1.0139848,-0.59392226,1.1340473
Cabo Verde,CPV,-0.12311596,2022-07-16,2022,7,-0.52903587,-0.45989427,-0.6686204
Cambodia,KHM,0.11884334,2022-07-16,2022,7,-0.16379099,1.0546771,1.5094007
Cameroon,CMR,0.5001783,2022-07-16,2022,7,0.13721727,-0.23710907,-0.6004743
Canada,CAN,-0.33627728,2022-07-16,2022,7,-0.24115022,0.112809524,0.11628175
Cayman Islands,CYM,,2022-07-16,2022,7,,,
Central African Republic,CAF,0.7999892,2022-07-16,2022,7,0.2276614,-0.024883285,-0.57883227
Chad,TCD,-0.14942545,2022-07-16,2022,7,-0.27132657,-0.082145065,0.24661092
Chile,CHL,-0.4526411,2022-07-16,2022,7,-0.56167096,-0.2608366,0.07056929
China,CHN,-0.30483097,2022-07-16,2022,7,-0.30250505,-0.5928536,-0.46287113
Colombia,COL,0.8822617,2022-07-16,2022,7,0.9855915,0.46283385,1.0117997
Comoros,COM,1.3158844,2022-07-16,2022,7,0.8349938,1.0140983,1.2779434
Costa Rica,CRI,0.5914594,2022-07-16,2022,7,1.2108954,0.61029553,0.34871787
Croatia,HRV,-2.139984,2022-07-16,2022,7,-1.6928381,-1.6323673,-1.280579
Cuba,CUB,-0.053025447,2022-07-16,2022,7,0.50703114,0.09331385,0.23488982
Cyprus,CYP,-0.14723559,2022-07-16,2022,7,-0.8223863,-0.20799004,-0.0076747155
Czechia,CZE,-1.8533167,2022-07-16,2022,7,-1.4513699,-1.8422645,-1.5546592
Democratic Republic of the Congo,COD,0.14215307,2022-07-16,2022,7,0.18781778,0.053497694,0.09444724
Denmark,DNK,-1.3708105,2022-07-16,2022,7,-1.1128633,-1.700714,-0.096240185
Djibouti,DJI,-1.8254244,2022-07-16,2022,7,-1.4414955,-0.97358066,-0.3802163
Dominican Republic,DOM,-0.34043792,2022-07-16,2022,7,-0.33038712,0.20334505,0.46499696
East Timor,TLS,-0.3441477,2022-07-16,2022,7,-1.0671257,-0.7429204,-1.295808
Ecuador,ECU,0.69000053,2022-07-16,2022,7,0.68201256,0.14731899,0.109294854
Egypt,EGY,-0.8078412,2022-07-16,2022,7,-1.159102,-0.4467092,-0.32416698
El Salvador,SLV,0.0238798,2022-07-16,2022,7,0.18411756,0.24595554,0.22181283
Equatorial Guinea,GNQ,0.31120858,2022-07-16,2022,7,0.42810678,-0.3842091,-0.96665543
Eritrea,ERI,-0.275356,2022-07-16,2022,7,-0.74578124,-0.7532002,0.07596101
Estonia,EST,-0.46800777,2022-07-16,2022,7,-0.6014031,-1.1767337,-0.33894962
Ethiopia,ETH,-0.4166426,2022-07-16,2022,7,0.1588421,-0.23708062,0.2222828
Falkland Islands,FLK,-0.34459987,2022-07-16,2022,7,-0.10384427,0.733973,1.2142717
Faroe Islands,FRO,-0.05282913,2022-07-16,2022,7,-0.29288122,-0.30183724,-0.1658986
Fiji,FJI,-0.5215566,2022-07-16,2022,7,-0.045495186,0.86934155,1.6091149
Finland,FIN,0.24386053,2022-07-16,2022,7,-0.40759212,-0.5388567,0.74611056
France,-99,-1.7607876,2022-07-16,2022,7,-1.1031269,0.8828204,-0.106141955
French Polynesia,PYF,-0.08078926,2022-07-16,2022,7,-0.22146212,-0.76410675,-1.8607379
French Southern and Antarctic Lands,ATF,0.14154787,2022-07-16,2022,7,-0.0715857,-1.0734409,-0.5276981
Gabon,GAB,1.2540967,2022-07-16,2022,7,1.0652919,-0.49275166,-1.3631662
Gambia,GMB,1.2788067,2022-07-16,2022,7,0.8583303,-0.19306895,-1.1174027
Georgia,GEO,-0.059740078,2022-07-16,2022,7,0.058388248,0.45622218,-0.5015545
Germany,DEU,-1.9269768,2022-07-16,2022,7,-1.4509403,-1.7135949,-1.0297241
Ghana,GHA,-0.0685821,2022-07-16,2022,7,0.06509537,-0.33909848,-0.58016926
Greece,GRC,-0.8591884,2022-07-16,2022,7,-1.3882998,-1.5477536,-0.801714
Greenland,GRL,0.25596768,2022-07-16,2022,7,0.17683738,0.24946684,0.2365231
Guatemala,GTM,0.47751316,2022-07-16,2022,7,1.2955058,1.4275304,0.57626164
Guinea,GIN,0.43175378,2022-07-16,2022,7,0.5967788,0.45767182,0.014651342
Guinea-Bissau,GNB,0.9334478,2022-07-16,2022,7,0.94676024,0.6032961,-1.032713
Guyana,GUY,1.150805,2022-07-16,2022,7,0.65299386,1.1933609,1.5210909
Haiti,HTI,-0.92005885,2022-07-16,2022,7,-0.3196923,0.73019475,0.87706655
Honduras,HND,0.22850887,2022-07-16,2022,7,0.61211216,0.94711035,0.7380281
Hungary,HUN,-2.3706374,2022-07-16,2022,7,-1.8410151,-1.672583,-1.458662
Iceland,ISL,1.3396834,2022-07-16,2022,7,0.80197126,1.6056536,1.6478975
India,IND,0.83065826,2022-07-16,2022,7,0.13072254,-0.3752295,-0.79328257
Indonesia,IDN,0.38224193,2022-07-16,2022,7,-0.0035512964,-0.22989732,0.016962437
Iran,IRN,-0.8663156,2022-07-16,2022,7,-1.129432,-1.2238567,-1.4869978
Iraq,IRQ,-1.1259515,2022-07-16,2022,7,-1.5301758,-1.0640429,-1.3675072
Ireland,IRL,-0.82543385,2022-07-16,2022,7,-0.022404116,-0.9731247,0.037715964
Israel,ISR,0.09541796,2022-07-16,2022,7,-0.7856937,-0.14511293,-0.17700376
Italy,ITA,-2.1757264,2022-07-16,2022,7,-1.9489021,-1.8572145,-1.614152
Ivory Coast,CIV,0.24510048,2022-07-16,2022,7,0.020843355,-0.2207918,-0.16972575
Jamaica,JAM,-0.3700539,2022-07-16,2022,7,0.7762865,1.0140123,1.2867507
Japan,JPN,0.028026957,2022-07-16,2022,7,-0.5924022,-0.8976329,-1.0257512
Jordan,JOR,-0.0109067205,2022-07-16,2022,7,-0.7552368,-0.16774154,-0.2283137
Kazakhstan,KAZ,-0.54812974,2022-07-16,2022,7,-0.9071431,-0.34289747,-0.90315473
Kenya,KEN,0.55850154,2022-07-16,2022,7,1.1406454,0.7891202,0.72340536
Kiribati,KIR,,2022-07-16,2022,7,,,
Kosovo,-99,-1.8123837,2022-07-16,2022,7,-1.7607876,-1.1031269,0.8828204
Kuwait,KWT,-1.5248317,2022-07-16,2022,7,-1.6527332,-1.6544921,-1.8328253
Kyrgyzstan,KGZ,-0.05104475,2022-07-16,2022,7,-0.1703472,1.380452,0.40275094
Laos,LAO,-0.16853942,2022-07-16,2022,7,0.2974758,1.164243,1.9189827
Latvia,LVA,0.09111251,2022-07-16,2022,7,-0.07623994,-1.0526805,-0.89604676
Lebanon,LBN,-0.24315614,2022-07-16,2022,7,-1.5021076,-0.2067765,-0.5069351
Lesotho,LSO,0.57514703,2022-07-16,2022,7,1.9043249,1.6443576,1.0107607
Liberia,LBR,-0.02190765,2022-07-16,2022,7,-0.21360706,-0.40477493,-0.4009062
Libya,LBY,-1.2885814,2022-07-16,2022,7,-1.262345,-0.41625223,-0.0048768176
Lithuania,LTU,0.4805066,2022-07-16,2022,7,0.29013005,-0.79949945,-0.77100104
Luxembourg,LUX,-2.0409846,2022-07-16,2022,7,-1.2445858,-1.723245,-0.74539214
Madagascar,MDG,-0.9727826,2022-07-16,2022,7,-0.32847703,0.07655061,-0.035434652
Malawi,MWI,-0.00049522903,2022-07-16,2022,7,1.0149152,0.46870226,0.8718503
Malaysia,MYS,0.7815734,2022-07-16,2022,7,1.3151486,0.9340427,1.0780118
Mali,MLI,0.02832587,2022-07-16,2022,7,-0.23251763,-0.72071844,-0.93530804
Mauritania,MRT,-0.36576533,2022-07-16,2022,7,-0.69155586,-0.8086153,-0.8747095
Mauritius,MUS,-1.2994545,2022-07-16,2022,7,1.5098044,1.9796188,1.7805015
Mexico,MEX,-1.0094742,2022-07-16,2022,7,-0.7153062,-1.390278,-1.0615443
Moldova,MDA,-1.9923278,2022-07-16,2022,7,-1.5703727,-1.4458096,-1.2874283
Mongolia,MNG,-1.4745411,2022-07-16,2022,7,-1.7782491,-1.9165255,-1.3648396
Montenegro,MNE,-2.0019329,2022-07-16,2022,7,-1.4102364,-1.4838142,-1.0241982
Morocco,MAR,-1.4135461,2022-07-16,2022,7,-1.0776281,-0.6584547,-0.5272675
Mozambique,MOZ,0.4225828,2022-07-16,2022,7,1.225829,0.70726424,0.59067076
Myanmar,MMR,-0.20793657,2022-07-16,2022,7,0.79925925,0.9272892,0.99391735
Namibia,NAM,-0.7554932,2022-07-16,2022,7,-0.5312745,0.13775545,0.17446163
Nepal,NPL,-0.2329765,2022-07-16,2022,7,-0.10555333,-0.24388984,-0.32975405
Netherlands,NLD,-1.6871744,2022-07-16,2022,7,-0.84523827,-1.7226528,-0.8266072
New Caledonia,NCL,0.7184941,2022-07-16,2022,7,-0.208441,0.08234116,1.1980587
New Zealand,NZL,1.4054723,2022-07-16,2022,7,0.40606958,-0.74017435,0.24031492
Nicaragua,NIC,0.9720442,2022-07-16,2022,7,1.5473974,1.1295153,0.2680451
Niger,NER,-0.4109479,2022-07-16,2022,7,-0.7535652,-0.5836041,0.15220305
Nigeria,NGA,-0.04119424,2022-07-16,2022,7,-0.29049757,-0.591195,0.13909137
North Korea,PRK,1.059302,2022-07-16,2022,7,0.86793786,-1.2504436,-0.7337126
North Macedonia,MKD,-1.0493096,2022-07-16,2022,7,-0.97477573,-1.7574737,-0.7732906
Northern Cyprus,-99,-0.24055731,2022-07-16,2022,7,-1.8123837,-1.7607876,-1.1031269
Norway,-99,0.39810318,2022-07-16,2022,7,-0.24055731,-1.8123837,-1.7607876
Oman,OMN,-0.29328766,2022-07-16,2022,7,-0.3987838,-1.1165745,-0.969283
Pakistan,PAK,1.7966594,2022-07-16,2022,7,-0.74380726,-2.280154,-2.258005
Palestine,PSE,0.07789857,2022-07-16,2022,7,-0.78355485,0.021891654,-0.17626822
Panama,PAN,0.6258471,2022-07-16,2022,7,1.1478527,0.7175167,0.9001713
Papua New Guinea,PNG,-0.05148806,2022-07-16,2022,7,-0.19326904,-0.37849554,-0.2967335
Paraguay,PRY,-0.9714072,2022-07-16,2022,7,-0.27244768,-0.13443424,-0.64872533
Peru,PER,-0.50305986,2022-07-16,2022,7,-0.5938469,-0.53825426,-0.3931336
Philippines,PHL,0.35886535,2022-07-16,2022,7,1.031222,1.5856425,1.5488855
Poland,POL,-1.5597976,2022-07-16,2022,7,-1.5387777,-1.7619749,-1.1157727
Portugal,PRT,-2.084443,2022-07-16,2022,7,-1.4383014,-0.29491785,-0.49524054
Puerto Rico,PRI,-0.49597147,2022-07-16,2022,7,-1.0415045,-0.43165186,0.5916552
Qatar,QAT,-1.5898699,2022-07-16,2022,7,-1.5815357,-1.5095367,-1.6309525
Republic of Serbia,SRB,-2.1497705,2022-07-16,2022,7,-1.596914,-1.5754385,-1.1593
Republic of the Congo,COG,1.4594433,2022-07-16,2022,7,1.505345,-0.07216306,-0.93609565
Romania,ROU,-2.2925277,2022-07-16,2022,7,-1.6900166,-1.3800051,-1.3068727
Russia,RUS,-0.22024195,2022-07-16,2022,7,-0.26161695,-0.26072648,-0.06807438
Rwanda,RWA,-0.6503949,2022-07-16,2022,7,-0.8559847,-0.54550266,0.9216329
Saint Vincent and the Grenadines,VCT,0.28225842,2022-07-16,2022,7,0.019119482,-0.44116506,0.47930372
Samoa,WSM,0.10522864,2022-07-16,2022,7,-0.96366584,-1.5545218,-1.0518649
Saudi Arabia,SAU,-1.0339503,2022-07-16,2022,7,-1.5450482,-1.1648942,-1.1911255
Senegal,SEN,0.8827394,2022-07-16,2022,7,0.7848416,-0.12376129,-1.2208747
Siachen Glacier,-99,1.5143553,2022-07-16,2022,7,0.39810318,-0.24055731,-1.8123837
Sierra Leone,SLE,0.0034704998,2022-07-16,2022,7,-0.09116339,-0.027272642,-0.22521372
Slovakia,SVK,-2.2300773,2022-07-16,2022,7,-1.9005023,-1.8275614,-1.4293255
Slovenia,SVN,-2.098351,2022-07-16,2022,7,-1.6745838,-1.549556,-1.3943439
Solomon Islands,SLB,0.055094816,2022-07-16,2022,7,0.034936644,0.002725708,-0.00087223406
Somalia,SOM,-0.4261156,2022-07-16,2022,7,0.36043695,0.4736477,0.928995
Somaliland,-99,-1.4522167,2022-07-16,2022,7,1.5143553,0.39810318,-0.24055731
South Africa,ZAF,0.1972344,2022-07-16,2022,7,0.8470983,0.75784206,0.46592987
South Georgia and the Islands,SGS,-1.3218113,2022-07-16,2022,7,-0.94627595,-0.70121187,-0.7521018
South Korea,KOR,-0.9097643,2022-07-16,2022,7,-1.1934279,-1.823555,-0.92885417
South Sudan,SSD,-0.10913409,2022-07-16,2022,7,-0.30381593,-0.3257912,-0.03425946
Spain,ESP,-2.296902,2022-07-16,2022,7,-1.5817502,-0.13203304,0.14987805
Sri Lanka,LKA,0.99927384,2022-07-16,2022,7,1.3923665,1.2441717,1.0728854
Sudan,SDN,-0.12579116,2022-07-16,2022,7,-0.6635843,-0.5245123,0.07561807
Suriname,SUR,1.1440353,2022-07-16,2022,7,0.24924913,0.664198,1.0800481
Sweden,SWE,0.0057250652,2022-07-16,2022,7,-0.48166016,-0.6221818,-0.08325718
Switzerland,CHE,-2.095388,2022-07-16,2022,7,-1.2105515,-1.6023417,-0.96968246
Syria,SYR,0.07123883,2022-07-16,2022,7,-1.1062015,-0.12863843,-0.93128204
Taiwan,TWN,0.107344404,2022-07-16,2022,7,0.3979901,0.37454224,-0.08569174
Tajikistan,TJK,0.5386774,2022-07-16,2022,7,-0.010979467,0.893856,-0.13040845
Thailand,THA,1.0465363,2022-07-16,2022,7,0.74247885,1.4356791,1.654601
The Bahamas,BHS,0.37070355,2022-07-16,2022,7,0.5064158,-0.09176871,-0.13778721
Togo,TGO,-0.2168489,2022-07-16,2022,7,0.19532898,-0.37673968,-0.55280447
Trinidad and Tobago,TTO,0.81548727,2022-07-16,2022,7,1.0471861,0.06819372,1.45268
Tunisia,TUN,-1.9351078,2022-07-16,2022,7,-1.756524,-0.95851517,-1.001814
Turkey,TUR,0.30697128,2022-07-16,2022,7,-0.5513494,-0.6823607,-0.6442084
Turkmenistan,TKM,-0.31727648,2022-07-16,2022,7,-0.8337477,-0.10016163,-1.1206557
Uganda,UGA,-0.09115142,2022-07-16,2022,7,-0.36103174,-0.6828186,-0.064988576
Ukraine,UKR,-1.4159477,2022-07-16,2022,7,-0.97066724,-0.83408505,-0.66372615
United Arab Emirates,ARE,-1.1671512,2022-07-16,2022,7,-1.1996325,-1.4716568,-1.3668146
United Kingdom,GBR,-1.2294563,2022-07-16,2022,7,-0.6733298,-0.86300457,-0.064026356
United Republic of Tanzania,TZA,-0.26942983,2022-07-16,2022,7,-0.54017895,-0.72917634,0.04970331
United States Virgin Islands,VIR,-1.0440398,2022-07-16,2022,7,-1.2364408,-0.9012969,0.77331954
United States of America,USA,-0.38696155,2022-07-16,2022,7,-0.57125384,-0.22873282,-0.06096083
Uruguay,URY,-0.78559846,2022-07-16,2022,7,-0.5418944,0.1509515,0.27042428
Uzbekistan,UZB,-0.29955447,2022-07-16,2022,7,-0.78623646,0.044182688,-0.9205372
Vanuatu,VUT,-0.005970571,2022-07-16,2022,7,0.036318902,-0.0033603115,0.013381009
Venezuela,VEN,0.03386188,2022-07-16,2022,7,0.27088875,0.018278405,0.37377152
Vietnam,VNM,0.05988204,2022-07-16,2022,7,0.6988303,0.94508004,1.1348596
Western Sahara,ESH,-1.339899,2022-07-16,2022,7,-1.1750336,-0.82015985,-0.4886415
Yemen,YEM,-0.07114278,2022-07-16,2022,7,-0.24765044,-0.19069053,-0.07014954
Zambia,ZMB,0.5156222,2022-07-16,2022,7,0.5467478,0.24360922,0.069721565
Zimbabwe,ZWE,0.4947248,2022-07-16,2022,7,0.9599146,0.29028958,-0.15902717
eSwatini,SWZ,0.9897295,2022-07-16,2022,7,2.223289,1.4837692,-0.091282204
Afghanistan,AFG,-0.19454226,2022-08-16,2022,8,-0.32871103,-1.4073628,-1.35981
Aland,ALA,-0.74744,2022-08-16,2022,8,-0.3394015,-0.5866616,-0.8592596
Albania,ALB,-0.74546903,2022-08-16,2022,8,-1.4980475,-1.3851284,-1.3648405
Algeria,DZA,-1.2463017,2022-08-16,2022,8,-1.4065824,-1.1116109,-0.62245417
Angola,AGO,-0.2903286,2022-08-16,2022,8,-0.109165125,0.18971997,0.1273245
Antarctica,ATA,,2022-08-16,2022,8,,,
Argentina,ARG,-0.96327233,2022-08-16,2022,8,-1.02579,-0.79404914,-0.46061295
Armenia,ARM,-1.6455917,2022-08-16,2022,8,-0.6115132,-0.65023327,-0.010686294
Australia,AUS,-0.036313932,2022-08-16,2022,8,0.07708339,0.14195871,0.01935253
Austria,AUT,-1.5799928,2022-08-16,2022,8,-1.6506858,-0.98844314,-1.5278455
Azerbaijan,AZE,-1.6396345,2022-08-16,2022,8,0.14462571,-0.28806576,0.5152168
Bangladesh,BGD,-2.4589968,2022-08-16,2022,8,-1.5953009,-0.5617813,-0.1763021
Belarus,BLR,-1.446561,2022-08-16,2022,8,-0.6621103,-0.37838292,-0.5283405
Belgium,BEL,-2.201621,2022-08-16,2022,8,-1.9977127,-1.2822473,-1.8647063
Belize,BLZ,2.0098648,2022-08-16,2022,8,0.7448953,1.3812284,1.7868515
Benin,BEN,0.39662978,2022-08-16,2022,8,-0.15872046,0.113705315,-0.5031973
Bhutan,BTN,-1.7774485,2022-08-16,2022,8,-0.7503582,0.7932926,0.6152623
Bolivia,BOL,-0.7062051,2022-08-16,2022,8,-1.218589,-1.5081615,-1.0904454
Bosnia and Herzegovina,BIH,-1.9838078,2022-08-16,2022,8,-2.1613314,-1.6762227,-1.6903007
Botswana,BWA,-0.49341276,2022-08-16,2022,8,-0.26264957,0.42734838,0.49366933
Brazil,BRA,-0.32314965,2022-08-16,2022,8,-0.59711665,-0.46779945,-0.31867284
Brunei,BRN,1.0243263,2022-08-16,2022,8,0.45831746,0.950765,1.5218451
Bulgaria,BGR,-0.31778377,2022-08-16,2022,8,-1.1521134,-0.9246959,-1.5548491
Burkina Faso,BFA,0.6762563,2022-08-16,2022,8,0.11363578,-0.23379192,-0.722362
Burundi,BDI,1.3153003,2022-08-16,2022,8,-1.2058842,-1.0139848,-0.59392226
Cabo Verde,CPV,-0.1551559,2022-08-16,2022,8,-0.12311596,-0.52903587,-0.45989427
Cambodia,KHM,0.80879563,2022-08-16,2022,8,0.11884334,-0.16379099,1.0546771
Cameroon,CMR,0.55621713,2022-08-16,2022,8,0.5001783,0.13721727,-0.23710907
Canada,CAN,-0.49960575,2022-08-16,2022,8,-0.33627728,-0.24115022,0.112809524
Cayman Islands,CYM,,2022-08-16,2022,8,,,
Central African Republic,CAF,0.383274,2022-08-16,2022,8,0.7999892,0.2276614,-0.024883285
Chad,TCD,-0.03125741,2022-08-16,2022,8,-0.14942545,-0.27132657,-0.082145065
Chile,CHL,-0.5218617,2022-08-16,2022,8,-0.4526411,-0.56167096,-0.2608366
China,CHN,-0.44290212,2022-08-16,2022,8,-0.30483097,-0.30250505,-0.5928536
Colombia,COL,0.98180544,2022-08-16,2022,8,0.8822617,0.9855915,0.46283385
Comoros,COM,1.423784,2022-08-16,2022,8,1.3158844,0.8349938,1.0140983
Costa Rica,CRI,0.051659726,2022-08-16,2022,8,0.5914594,1.2108954,0.61029553
Croatia,HRV,-1.9516517,2022-08-16,2022,8,-2.139984,-1.6928381,-1.6323673
Cuba,CUB,-0.29017165,2022-08-16,2022,8,-0.053025447,0.50703114,0.09331385
Cyprus,CYP,0.14589797,2022-08-16,2022,8,-0.14723559,-0.8223863,-0.20799004
Czechia,CZE,-1.5092013,2022-08-16,2022,8,-1.8533167,-1.4513699,-1.8422645
Democratic Republic of the Congo,COD,0.16278915,2022-08-16,2022,8,0.14215307,0.18781778,0.053497694
Denmark,DNK,-1.7653584,2022-08-16,2022,8,-1.3708105,-1.1128633,-1.700714
Djibouti,DJI,-0.2431288,2022-08-16,2022,8,-1.8254244,-1.4414955,-0.97358066
Dominican Republic,DOM,-0.09582098,2022-08-16,2022,8,-0.34043792,-0.33038712,0.20334505
East Timor,TLS,0.13336654,2022-08-16,2022,8,-0.3441477,-1.0671257,-0.7429204
Ecuador,ECU,0.9856122,2022-08-16,2022,8,0.69000053,0.68201256,0.14731899
Egypt,EGY,-1.1588706,2022-08-16,2022,8,-0.8078412,-1.159102,-0.4467092
El Salvador,SLV,-0.13255616,2022-08-16,2022,8,0.0238798,0.18411756,0.24595554
Equatorial Guinea,GNQ,0.38845855,2022-08-16,2022,8,0.31120858,0.42810678,-0.3842091
Eritrea,ERI,0.81731033,2022-08-16,2022,8,-0.275356,-0.74578124,-0.7532002
Estonia,EST,-0.88894475,2022-08-16,2022,8,-0.46800777,-0.6014031,-1.1767337
Ethiopia,ETH,0.14699616,2022-08-16,2022,8,-0.4166426,0.1588421,-0.23708062
Falkland Islands,FLK,-0.7582308,2022-08-16,2022,8,-0.34459987,-0.10384427,0.733973
Faroe Islands,FRO,-0.24217169,2022-08-16,2022,8,-0.05282913,-0.29288122,-0.30183724
Fiji,FJI,-0.5691471,2022-08-16,2022,8,-0.5215566,-0.045495186,0.86934155
Finland,FIN,-0.07607924,2022-08-16,2022,8,0.24386053,-0.40759212,-0.5388567
France,-99,-1.5561604,2022-08-16,2022,8,-1.4522167,1.5143553,0.39810318
French Polynesia,PYF,1.0464351,2022-08-16,2022,8,-0.08078926,-0.22146212,-0.76410675
French Southern and Antarctic Lands,ATF,0.1431267,2022-08-16,2022,8,0.14154787,-0.0715857,-1.0734409
Gabon,GAB,1.7295053,2022-08-16,2022,8,1.2540967,1.0652919,-0.49275166
Gambia,GMB,0.79626286,2022-08-16,2022,8,1.2788067,0.8583303,-0.19306895
Georgia,GEO,-1.0917962,2022-08-16,2022,8,-0.059740078,0.058388248,0.45622218
Germany,DEU,-1.9975308,2022-08-16,2022,8,-1.9269768,-1.4509403,-1.7135949
Ghana,GHA,0.100251,2022-08-16,2022,8,-0.0685821,0.06509537,-0.33909848
Greece,GRC,0.34399155,2022-08-16,2022,8,-0.8591884,-1.3882998,-1.5477536
Greenland,GRL,0.21317162,2022-08-16,2022,8,0.25596768,0.17683738,0.24946684
Guatemala,GTM,0.11737557,2022-08-16,2022,8,0.47751316,1.2955058,1.4275304
Guinea,GIN,0.4309892,2022-08-16,2022,8,0.43175378,0.5967788,0.45767182
Guinea-Bissau,GNB,0.51719993,2022-08-16,2022,8,0.9334478,0.94676024,0.6032961
Guyana,GUY,0.7569723,2022-08-16,2022,8,1.150805,0.65299386,1.1933609
Haiti,HTI,-1.8026221,2022-08-16,2022,8,-0.92005885,-0.3196923,0.73019475
Honduras,HND,-0.10822904,2022-08-16,2022,8,0.22850887,0.61211216,0.94711035
Hungary,HUN,-1.9987793,2022-08-16,2022,8,-2.3706374,-1.8410151,-1.672583
Iceland,ISL,0.65096444,2022-08-16,2022,8,1.3396834,0.80197126,1.6056536
India,IND,0.62188673,2022-08-16,2022,8,0.83065826,0.13072254,-0.3752295
Indonesia,IDN,1.0497899,2022-08-16,2022,8,0.38224193,-0.0035512964,-0.22989732
Iran,IRN,-1.2480041,2022-08-16,2022,8,-0.8663156,-1.129432,-1.2238567
Iraq,IRQ,-1.8034618,2022-08-16,2022,8,-1.1259515,-1.5301758,-1.0640429
Ireland,IRL,-1.741382,2022-08-16,2022,8,-0.82543385,-0.022404116,-0.9731247
Israel,ISR,-0.25169456,2022-08-16,2022,8,0.09541796,-0.7856937,-0.14511293
Italy,ITA,-1.985986,2022-08-16,2022,8,-2.1757264,-1.9489021,-1.8572145
Ivory Coast,CIV,0.61054945,2022-08-16,2022,8,0.24510048,0.020843355,-0.2207918
Jamaica,JAM,0.18770191,2022-08-16,2022,8,-0.3700539,0.7762865,1.0140123
Japan,JPN,0.63574183,2022-08-16,2022,8,0.028026957,-0.5924022,-0.8976329
Jordan,JOR,-0.49469018,2022-08-16,2022,8,-0.0109067205,-0.7552368,-0.16774154
Kazakhstan,KAZ,-1.0810615,2022-08-16,2022,8,-0.54812974,-0.9071431,-0.34289747
Kenya,KEN,0.9573474,2022-08-16,2022,8,0.55850154,1.1406454,0.7891202
Kiribati,KIR,,2022-08-16,2022,8,,,
Kosovo,-99,-1.3362538,2022-08-16,2022,8,-1.5561604,-1.4522167,1.5143553
Kuwait,KWT,-1.7572747,2022-08-16,2022,8,-1.5248317,-1.6527332,-1.6544921
Kyrgyzstan,KGZ,-1.0057368,2022-08-16,2022,8,-0.05104475,-0.1703472,1.380452
Laos,LAO,0.23282713,2022-08-16,2022,8,-0.16853942,0.2974758,1.164243
Latvia,LVA,-0.73731655,2022-08-16,2022,8,0.09111251,-0.07623994,-1.0526805
Lebanon,LBN,-0.31547254,2022-08-16,2022,8,-0.24315614,-1.5021076,-0.2067765
Lesotho,LSO,0.12071732,2022-08-16,2022,8,0.57514703,1.9043249,1.6443576
Liberia,LBR,0.06168712,2022-08-16,2022,8,-0.02190765,-0.21360706,-0.40477493
Libya,LBY,-1.4370785,2022-08-16,2022,8,-1.2885814,-1.262345,-0.41625223
Lithuania,LTU,-0.6602607,2022-08-16,2022,8,0.4805066,0.29013005,-0.79949945
Luxembourg,LUX,-2.191316,2022-08-16,2022,8,-2.0409846,-1.2445858,-1.723245
Madagascar,MDG,-0.93231875,2022-08-16,2022,8,-0.9727826,-0.32847703,0.07655061
Malawi,MWI,0.8700494,2022-08-16,2022,8,-0.00049522903,1.0149152,0.46870226
Malaysia,MYS,0.6773746,2022-08-16,2022,8,0.7815734,1.3151486,0.9340427
Mali,MLI,0.33220562,2022-08-16,2022,8,0.02832587,-0.23251763,-0.72071844
Mauritania,MRT,-0.07219413,2022-08-16,2022,8,-0.36576533,-0.69155586,-0.8086153
Mauritius,MUS,-1.3002232,2022-08-16,2022,8,-1.2994545,1.5098044,1.9796188
Mexico,MEX,-0.2556674,2022-08-16,2022,8,-1.0094742,-0.7153062,-1.390278
Moldova,MDA,-1.5799397,2022-08-16,2022,8,-1.9923278,-1.5703727,-1.4458096
Mongolia,MNG,-1.0723222,2022-08-16,2022,8,-1.4745411,-1.7782491,-1.9165255
Montenegro,MNE,-1.8183584,2022-08-16,2022,8,-2.0019329,-1.4102364,-1.4838142
Morocco,MAR,-0.66486907,2022-08-16,2022,8,-1.4135461,-1.0776281,-0.6584547
Mozambique,MOZ,0.39048174,2022-08-16,2022,8,0.4225828,1.225829,0.70726424
Myanmar,MMR,-0.7567826,2022-08-16,2022,8,-0.20793657,0.79925925,0.9272892
Namibia,NAM,-0.48594463,2022-08-16,2022,8,-0.7554932,-0.5312745,0.13775545
Nepal,NPL,-0.7160115,2022-08-16,2022,8,-0.2329765,-0.10555333,-0.24388984
Netherlands,NLD,-2.0748408,2022-08-16,2022,8,-1.6871744,-0.84523827,-1.7226528
New Caledonia,NCL,2.2121181,2022-08-16,2022,8,0.7184941,-0.208441,0.08234116
New Zealand,NZL,1.5287448,2022-08-16,2022,8,1.4054723,0.40606958,-0.74017435
Nicaragua,NIC,0.4387496,2022-08-16,2022,8,0.9720442,1.5473974,1.1295153
Niger,NER,0.37338537,2022-08-16,2022,8,-0.4109479,-0.7535652,-0.5836041
Nigeria,NGA,0.73804265,2022-08-16,2022,8,-0.04119424,-0.29049757,-0.591195
North Korea,PRK,1.5018492,2022-08-16,2022,8,1.059302,0.86793786,-1.2504436
North Macedonia,MKD,-0.19683832,2022-08-16,2022,8,-1.0493096,-0.97477573,-1.7574737
Northern Cyprus,-99,0.20794581,2022-08-16,2022,8,-1.3362538,-1.5561604,-1.4522167
Norway,-99,0.18795854,2022-08-16,2022,8,0.20794581,-1.3362538,-1.5561604
Oman,OMN,-0.2128056,2022-08-16,2022,8,-0.29328766,-0.3987838,-1.1165745
Pakistan,PAK,2.1709323,2022-08-16,2022,8,1.7966594,-0.74380726,-2.280154
Palestine,PSE,-0.33505693,2022-08-16,2022,8,0.07789857,-0.78355485,0.021891654
Panama,PAN,0.59561485,2022-08-16,2022,8,0.6258471,1.1478527,0.7175167
Papua New Guinea,PNG,0.059015483,2022-08-16,2022,8,-0.05148806,-0.19326904,-0.37849554
Paraguay,PRY,-1.0607619,2022-08-16,2022,8,-0.9714072,-0.27244768,-0.13443424
Peru,PER,-0.32838556,2022-08-16,2022,8,-0.50305986,-0.5938469,-0.53825426
Philippines,PHL,0.013392944,2022-08-16,2022,8,0.35886535,1.031222,1.5856425
Poland,POL,-1.4651623,2022-08-16,2022,8,-1.5597976,-1.5387777,-1.7619749
Portugal,PRT,-2.0479355,2022-08-16,2022,8,-2.084443,-1.4383014,-0.29491785
Puerto Rico,PRI,0.53613716,2022-08-16,2022,8,-0.49597147,-1.0415045,-0.43165186
Qatar,QAT,-1.7303057,2022-08-16,2022,8,-1.5898699,-1.5815357,-1.5095367
Republic of Serbia,SRB,-1.8785559,2022-08-16,2022,8,-2.1497705,-1.596914,-1.5754385
Republic of the Congo,COG,1.2669045,2022-08-16,2022,8,1.4594433,1.505345,-0.07216306
Romania,ROU,-1.8313557,2022-08-16,2022,8,-2.2925277,-1.6900166,-1.3800051
Russia,RUS,-0.14945267,2022-08-16,2022,8,-0.22024195,-0.26161695,-0.26072648
Rwanda,RWA,2.0693865,2022-08-16,2022,8,-0.6503949,-0.8559847,-0.54550266
Saint Vincent and the Grenadines,VCT,0.8871925,2022-08-16,2022,8,0.28225842,0.019119482,-0.44116506
Samoa,WSM,0.34029993,2022-08-16,2022,8,0.10522864,-0.96366584,-1.5545218
Saudi Arabia,SAU,-1.3397254,2022-08-16,2022,8,-1.0339503,-1.5450482,-1.1648942
Senegal,SEN,0.5812095,2022-08-16,2022,8,0.8827394,0.7848416,-0.12376129
Siachen Glacier,-99,1.7052158,2022-08-16,2022,8,0.18795854,0.20794581,-1.3362538
Sierra Leone,SLE,-0.1139847,2022-08-16,2022,8,0.0034704998,-0.09116339,-0.027272642
Slovakia,SVK,-1.6324028,2022-08-16,2022,8,-2.2300773,-1.9005023,-1.8275614
Slovenia,SVN,-2.005897,2022-08-16,2022,8,-2.098351,-1.6745838,-1.549556
Solomon Islands,SLB,0.037519194,2022-08-16,2022,8,0.055094816,0.034936644,0.002725708
Somalia,SOM,-0.24887286,2022-08-16,2022,8,-0.4261156,0.36043695,0.4736477
Somaliland,-99,-0.77110356,2022-08-16,2022,8,1.7052158,0.18795854,0.20794581
South Africa,ZAF,-0.11392901,2022-08-16,2022,8,0.1972344,0.8470983,0.75784206
South Georgia and the Islands,SGS,-1.429667,2022-08-16,2022,8,-1.3218113,-0.94627595,-0.70121187
South Korea,KOR,0.1768706,2022-08-16,2022,8,-0.9097643,-1.1934279,-1.823555
South Sudan,SSD,0.31620798,2022-08-16,2022,8,-0.10913409,-0.30381593,-0.3257912
Spain,ESP,-1.9628989,2022-08-16,2022,8,-2.296902,-1.5817502,-0.13203304
Sri Lanka,LKA,0.7924475,2022-08-16,2022,8,0.99927384,1.3923665,1.2441717
Sudan,SDN,0.24633762,2022-08-16,2022,8,-0.12579116,-0.6635843,-0.5245123
Suriname,SUR,1.5981567,2022-08-16,2022,8,1.1440353,0.24924913,0.664198
Sweden,SWE,-0.16676056,2022-08-16,2022,8,0.0057250652,-0.48166016,-0.6221818
Switzerland,CHE,-1.7384884,2022-08-16,2022,8,-2.095388,-1.2105515,-1.6023417
Syria,SYR,-1.0469007,2022-08-16,2022,8,0.07123883,-1.1062015,-0.12863843
Taiwan,TWN,-0.8015028,2022-08-16,2022,8,0.107344404,0.3979901,0.37454224
Tajikistan,TJK,-0.40526652,2022-08-16,2022,8,0.5386774,-0.010979467,0.893856
Thailand,THA,0.857555,2022-08-16,2022,8,1.0465363,0.74247885,1.4356791
The Bahamas,BHS,0.06969428,2022-08-16,2022,8,0.37070355,0.5064158,-0.09176871
Togo,TGO,0.24373634,2022-08-16,2022,8,-0.2168489,0.19532898,-0.37673968
Trinidad and Tobago,TTO,1.4376314,2022-08-16,2022,8,0.81548727,1.0471861,0.06819372
Tunisia,TUN,-1.9834768,2022-08-16,2022,8,-1.9351078,-1.756524,-0.95851517
Turkey,TUR,0.4020351,2022-08-16,2022,8,0.30697128,-0.5513494,-0.6823607
Turkmenistan,TKM,-1.7843468,2022-08-16,2022,8,-0.31727648,-0.8337477,-0.10016163
Uganda,UGA,1.7667869,2022-08-16,2022,8,-0.09115142,-0.36103174,-0.6828186
Ukraine,UKR,-1.1830959,2022-08-16,2022,8,-1.4159477,-0.97066724,-0.83408505
United Arab Emirates,ARE,-0.9582005,2022-08-16,2022,8,-1.1671512,-1.1996325,-1.4716568
United Kingdom,GBR,-1.8307226,2022-08-16,2022,8,-1.2294563,-0.6733298,-0.86300457
United Republic of Tanzania,TZA,0.5853051,2022-08-16,2022,8,-0.26942983,-0.54017895,-0.72917634
United States Virgin Islands,VIR,0.26224956,2022-08-16,2022,8,-1.0440398,-1.2364408,-0.9012969
United States of America,USA,-0.22614074,2022-08-16,2022,8,-0.38696155,-0.57125384,-0.22873282
Uruguay,URY,-0.6299245,2022-08-16,2022,8,-0.78559846,-0.5418944,0.1509515
Uzbekistan,UZB,-1.4889064,2022-08-16,2022,8,-0.29955447,-0.78623646,0.044182688
Vanuatu,VUT,-0.052117184,2022-08-16,2022,8,-0.005970571,0.036318902,-0.0033603115
Venezuela,VEN,-0.04211186,2022-08-16,2022,8,0.03386188,0.27088875,0.018278405
Vietnam,VNM,-0.4448648,2022-08-16,2022,8,0.05988204,0.6988303,0.94508004
Western Sahara,ESH,-0.92025673,2022-08-16,2022,8,-1.339899,-1.1750336,-0.82015985
Yemen,YEM,0.12810399,2022-08-16,2022,8,-0.07114278,-0.24765044,-0.19069053
Zambia,ZMB,0.5066612,2022-08-16,2022,8,0.5156222,0.5467478,0.24360922
Zimbabwe,ZWE,0.32613716,2022-08-16,2022,8,0.4947248,0.9599146,0.29028958
eSwatini,SWZ,-0.858709,2022-08-16,2022,8,0.9897295,2.223289,1.4837692
Afghanistan,AFG,-0.5173758,2022-09-16,2022,9,-0.19454226,-0.32871103,-1.4073628
Aland,ALA,-0.766339,2022-09-16,2022,9,-0.74744,-0.3394015,-0.5866616
Albania,ALB,-0.070883,2022-09-16,2022,9,-0.74546903,-1.4980475,-1.3851284
Algeria,DZA,-1.3072402,2022-09-16,2022,9,-1.2463017,-1.4065824,-1.1116109
Angola,AGO,-0.061994515,2022-09-16,2022,9,-0.2903286,-0.109165125,0.18971997
Antarctica,ATA,,2022-09-16,2022,9,,,
Argentina,ARG,-0.85996556,2022-09-16,2022,9,-0.96327233,-1.02579,-0.79404914
Armenia,ARM,-1.5909979,2022-09-16,2022,9,-1.6455917,-0.6115132,-0.65023327
Australia,AUS,0.4401861,2022-09-16,2022,9,-0.036313932,0.07708339,0.14195871
Austria,AUT,-0.94243985,2022-09-16,2022,9,-1.5799928,-1.6506858,-0.98844314
Azerbaijan,AZE,-1.0768611,2022-09-16,2022,9,-1.6396345,0.14462571,-0.28806576
Bangladesh,BGD,-2.1544118,2022-09-16,2022,9,-2.4589968,-1.5953009,-0.5617813
Belarus,BLR,-0.71315145,2022-09-16,2022,9,-1.446561,-0.6621103,-0.37838292
Belgium,BEL,-1.777566,2022-09-16,2022,9,-2.201621,-1.9977127,-1.2822473
Belize,BLZ,2.254896,2022-09-16,2022,9,2.0098648,0.7448953,1.3812284
Benin,BEN,0.3994148,2022-09-16,2022,9,0.39662978,-0.15872046,0.113705315
Bhutan,BTN,-2.174396,2022-09-16,2022,9,-1.7774485,-0.7503582,0.7932926
Bolivia,BOL,-0.9170371,2022-09-16,2022,9,-0.7062051,-1.218589,-1.5081615
Bosnia and Herzegovina,BIH,-0.48420885,2022-09-16,2022,9,-1.9838078,-2.1613314,-1.6762227
Botswana,BWA,-1.073558,2022-09-16,2022,9,-0.49341276,-0.26264957,0.42734838
Brazil,BRA,-0.5127583,2022-09-16,2022,9,-0.32314965,-0.59711665,-0.46779945
Brunei,BRN,0.8118452,2022-09-16,2022,9,1.0243263,0.45831746,0.950765
Bulgaria,BGR,-0.27878907,2022-09-16,2022,9,-0.31778377,-1.1521134,-0.9246959
Burkina Faso,BFA,1.2509121,2022-09-16,2022,9,0.6762563,0.11363578,-0.23379192
Burundi,BDI,1.2361362,2022-09-16,2022,9,1.3153003,-1.2058842,-1.0139848
Cabo Verde,CPV,-0.059399176,2022-09-16,2022,9,-0.1551559,-0.12311596,-0.52903587
Cambodia,KHM,2.1469235,2022-09-16,2022,9,0.80879563,0.11884334,-0.16379099
Cameroon,CMR,0.29876295,2022-09-16,2022,9,0.55621713,0.5001783,0.13721727
Canada,CAN,-0.4167266,2022-09-16,2022,9,-0.49960575,-0.33627728,-0.24115022
Cayman Islands,CYM,,2022-09-16,2022,9,,,
Central African Republic,CAF,0.6476038,2022-09-16,2022,9,0.383274,0.7999892,0.2276614
Chad,TCD,0.12368576,2022-09-16,2022,9,-0.03125741,-0.14942545,-0.27132657
Chile,CHL,-0.46859822,2022-09-16,2022,9,-0.5218617,-0.4526411,-0.56167096
China,CHN,-0.783152,2022-09-16,2022,9,-0.44290212,-0.30483097,-0.30250505
Colombia,COL,0.5278927,2022-09-16,2022,9,0.98180544,0.8822617,0.9855915
Comoros,COM,2.432372,2022-09-16,2022,9,1.423784,1.3158844,0.8349938
Costa Rica,CRI,-0.64173687,2022-09-16,2022,9,0.051659726,0.5914594,1.2108954
Croatia,HRV,-0.5862648,2022-09-16,2022,9,-1.9516517,-2.139984,-1.6928381
Cuba,CUB,-0.83723783,2022-09-16,2022,9,-0.29017165,-0.053025447,0.50703114
Cyprus,CYP,-0.54291576,2022-09-16,2022,9,0.14589797,-0.14723559,-0.8223863
Czechia,CZE,-0.95474094,2022-09-16,2022,9,-1.5092013,-1.8533167,-1.4513699
Democratic Republic of the Congo,COD,0.24807045,2022-09-16,2022,9,0.16278915,0.14215307,0.18781778
Denmark,DNK,-1.196524,2022-09-16,2022,9,-1.7653584,-1.3708105,-1.1128633
Djibouti,DJI,-0.1530706,2022-09-16,2022,9,-0.2431288,-1.8254244,-1.4414955
Dominican Republic,DOM,-0.13480413,2022-09-16,2022,9,-0.09582098,-0.34043792,-0.33038712
East Timor,TLS,0.30504125,2022-09-16,2022,9,0.13336654,-0.3441477,-1.0671257
Ecuador,ECU,-0.050235126,2022-09-16,2022,9,0.9856122,0.69000053,0.68201256
Egypt,EGY,-1.5038356,2022-09-16,2022,9,-1.1588706,-0.8078412,-1.159102
El Salvador,SLV,0.005872548,2022-09-16,2022,9,-0.13255616,0.0238798,0.18411756
Equatorial Guinea,GNQ,-0.39340246,2022-09-16,2022,9,0.38845855,0.31120858,0.42810678
Eritrea,ERI,0.83688605,2022-09-16,2022,9,0.81731033,-0.275356,-0.74578124
Estonia,EST,-0.97855484,2022-09-16,2022,9,-0.88894475,-0.46800777,-0.6014031
Ethiopia,ETH,0.057312664,2022-09-16,2022,9,0.14699616,-0.4166426,0.1588421
Falkland Islands,FLK,-0.971671,2022-09-16,2022,9,-0.7582308,-0.34459987,-0.10384427
Faroe Islands,FRO,-0.16421135,2022-09-16,2022,9,-0.24217169,-0.05282913,-0.29288122
Fiji,FJI,-0.753956,2022-09-16,2022,9,-0.5691471,-0.5215566,-0.045495186
Finland,FIN,-0.13438249,2022-09-16,2022,9,-0.07607924,0.24386053,-0.40759212
France,-99,-1.4016685,2022-09-16,2022,9,-0.77110356,1.7052158,0.18795854
French Polynesia,PYF,1.0929762,2022-09-16,2022,9,1.0464351,-0.08078926,-0.22146212
French Southern and Antarctic Lands,ATF,-0.7070992,2022-09-16,2022,9,0.1431267,0.14154787,-0.0715857
Gabon,GAB,0.079334915,2022-09-16,2022,9,1.7295053,1.2540967,1.0652919
Gambia,GMB,0.9824675,2022-09-16,2022,9,0.79626286,1.2788067,0.8583303
Georgia,GEO,-0.96084505,2022-09-16,2022,9,-1.0917962,-0.059740078,0.058388248
Germany,DEU,-1.3776726,2022-09-16,2022,9,-1.9975308,-1.9269768,-1.4509403
Ghana,GHA,0.5176786,2022-09-16,2022,9,0.100251,-0.0685821,0.06509537
Greece,GRC,0.004119477,2022-09-16,2022,9,0.34399155,-0.8591884,-1.3882998
Greenland,GRL,0.4083162,2022-09-16,2022,9,0.21317162,0.25596768,0.17683738
Guatemala,GTM,0.57418454,2022-09-16,2022,9,0.11737557,0.47751316,1.2955058
Guinea,GIN,0.16204171,2022-09-16,2022,9,0.4309892,0.43175378,0.5967788
Guinea-Bissau,GNB,0.7009237,2022-09-16,2022,9,0.51719993,0.9334478,0.94676024
Guyana,GUY,1.1181246,2022-09-16,2022,9,0.7569723,1.150805,0.65299386
Haiti,HTI,-1.7860953,2022-09-16,2022,9,-1.8026221,-0.92005885,-0.3196923
Honduras,HND,0.04115795,2022-09-16,2022,9,-0.10822904,0.22850887,0.61211216
Hungary,HUN,-0.5570156,2022-09-16,2022,9,-1.9987793,-2.3706374,-1.8410151
Iceland,ISL,0.16733035,2022-09-16,2022,9,0.65096444,1.3396834,0.80197126
India,IND,0.68343633,2022-09-16,2022,9,0.62188673,0.83065826,0.13072254
Indonesia,IDN,1.1856993,2022-09-16,2022,9,1.0497899,0.38224193,-0.0035512964
Iran,IRN,-1.0332136,2022-09-16,2022,9,-1.2480041,-0.8663156,-1.129432
Iraq,IRQ,-1.7284429,2022-09-16,2022,9,-1.8034618,-1.1259515,-1.5301758
Ireland,IRL,-1.2166443,2022-09-16,2022,9,-1.741382,-0.82543385,-0.022404116
Israel,ISR,-0.6384403,2022-09-16,2022,9,-0.25169456,0.09541796,-0.7856937
Italy,ITA,-1.0181046,2022-09-16,2022,9,-1.985986,-2.1757264,-1.9489021
Ivory Coast,CIV,0.71667016,2022-09-16,2022,9,0.61054945,0.24510048,0.020843355
Jamaica,JAM,0.017328465,2022-09-16,2022,9,0.18770191,-0.3700539,0.7762865
Japan,JPN,0.63366634,2022-09-16,2022,9,0.63574183,0.028026957,-0.5924022
Jordan,JOR,-0.7665313,2022-09-16,2022,9,-0.49469018,-0.0109067205,-0.7552368
Kazakhstan,KAZ,-1.3925599,2022-09-16,2022,9,-1.0810615,-0.54812974,-0.9071431
Kenya,KEN,1.7843568,2022-09-16,2022,9,0.9573474,0.55850154,1.1406454
Kiribati,KIR,,2022-09-16,2022,9,,,
Kosovo,-99,-0.035645586,2022-09-16,2022,9,-1.4016685,-0.77110356,1.7052158
Kuwait,KWT,-1.5345896,2022-09-16,2022,9,-1.7572747,-1.5248317,-1.6527332
Kyrgyzstan,KGZ,-1.2180061,2022-09-16,2022,9,-1.0057368,-0.05104475,-0.1703472
Laos,LAO,0.93861985,2022-09-16,2022,9,0.23282713,-0.16853942,0.2974758
Latvia,LVA,-1.0015535,2022-09-16,2022,9,-0.73731655,0.09111251,-0.07623994
Lebanon,LBN,-0.7757416,2022-09-16,2022,9,-0.31547254,-0.24315614,-1.5021076
Lesotho,LSO,-0.70575094,2022-09-16,2022,9,0.12071732,0.57514703,1.9043249
Liberia,LBR,0.0184517,2022-09-16,2022,9,0.06168712,-0.02190765,-0.21360706
Libya,LBY,-1.4155667,2022-09-16,2022,9,-1.4370785,-1.2885814,-1.262345
Lithuania,LTU,-0.83993006,2022-09-16,2022,9,-0.6602607,0.4805066,0.29013005
Luxembourg,LUX,-1.6244737,2022-09-16,2022,9,-2.191316,-2.0409846,-1.2445858
Madagascar,MDG,-0.7112489,2022-09-16,2022,9,-0.93231875,-0.9727826,-0.32847703
Malawi,MWI,0.44605657,2022-09-16,2022,9,0.8700494,-0.00049522903,1.0149152
Malaysia,MYS,0.14889182,2022-09-16,2022,9,0.6773746,0.7815734,1.3151486
Mali,MLI,0.4136589,2022-09-16,2022,9,0.33220562,0.02832587,-0.23251763
Mauritania,MRT,0.15041618,2022-09-16,2022,9,-0.07219413,-0.36576533,-0.69155586
Mauritius,MUS,-1.2764076,2022-09-16,2022,9,-1.3002232,-1.2994545,1.5098044
Mexico,MEX,0.053515546,2022-09-16,2022,9,-0.2556674,-1.0094742,-0.7153062
Moldova,MDA,-0.3073587,2022-09-16,2022,9,-1.5799397,-1.9923278,-1.5703727
Mongolia,MNG,-1.3375282,2022-09-16,2022,9,-1.0723222,-1.4745411,-1.7782491
Montenegro,MNE,-0.02622512,2022-09-16,2022,9,-1.8183584,-2.0019329,-1.4102364
Morocco,MAR,-0.523269,2022-09-16,2022,9,-0.66486907,-1.4135461,-1.0776281
Mozambique,MOZ,-0.27569836,2022-09-16,2022,9,0.39048174,0.4225828,1.225829
Myanmar,MMR,-0.7726423,2022-09-16,2022,9,-0.7567826,-0.20793657,0.79925925
Namibia,NAM,-0.85960674,2022-09-16,2022,9,-0.48594463,-0.7554932,-0.5312745
Nepal,NPL,-0.49193522,2022-09-16,2022,9,-0.7160115,-0.2329765,-0.10555333
Netherlands,NLD,-1.6341832,2022-09-16,2022,9,-2.0748408,-1.6871744,-0.84523827
New Caledonia,NCL,2.3119495,2022-09-16,2022,9,2.2121181,0.7184941,-0.208441
New Zealand,NZL,1.1067729,2022-09-16,2022,9,1.5287448,1.4054723,0.40606958
Nicaragua,NIC,-0.39250433,2022-09-16,2022,9,0.4387496,0.9720442,1.5473974
Niger,NER,0.51725876,2022-09-16,2022,9,0.37338537,-0.4109479,-0.7535652
Nigeria,NGA,0.64061195,2022-09-16,2022,9,0.73804265,-0.04119424,-0.29049757
North Korea,PRK,0.6460431,2022-09-16,2022,9,1.5018492,1.059302,0.86793786
North Macedonia,MKD,-0.11278713,2022-09-16,2022,9,-0.19683832,-1.0493096,-0.97477573
Northern Cyprus,-99,-0.64721084,2022-09-16,2022,9,-0.035645586,-1.4016685,-0.77110356
Norway,-99,-0.04862674,2022-09-16,2022,9,-0.64721084,-0.035645586,-1.4016685
Oman,OMN,-0.53874284,2022-09-16,2022,9,-0.2128056,-0.29328766,-0.3987838
Pakistan,PAK,1.9538058,2022-09-16,2022,9,2.1709323,1.7966594,-0.74380726
Palestine,PSE,-0.61964387,2022-09-16,2022,9,-0.33505693,0.07789857,-0.78355485
Panama,PAN,-0.039752692,2022-09-16,2022,9,0.59561485,0.6258471,1.1478527
Papua New Guinea,PNG,0.5025184,2022-09-16,2022,9,0.059015483,-0.05148806,-0.19326904
Paraguay,PRY,-0.8185253,2022-09-16,2022,9,-1.0607619,-0.9714072,-0.27244768
Peru,PER,-0.8190456,2022-09-16,2022,9,-0.32838556,-0.50305986,-0.5938469
Philippines,PHL,-0.15006627,2022-09-16,2022,9,0.013392944,0.35886535,1.031222
Poland,POL,-0.6561883,2022-09-16,2022,9,-1.4651623,-1.5597976,-1.5387777
Portugal,PRT,-1.586808,2022-09-16,2022,9,-2.0479355,-2.084443,-1.4383014
Puerto Rico,PRI,0.7004519,2022-09-16,2022,9,0.53613716,-0.49597147,-1.0415045
Qatar,QAT,-1.3991655,2022-09-16,2022,9,-1.7303057,-1.5898699,-1.5815357
Republic of Serbia,SRB,-0.28018117,2022-09-16,2022,9,-1.8785559,-2.1497705,-1.596914
Republic of the Congo,COG,0.4171691,2022-09-16,2022,9,1.2669045,1.4594433,1.505345
Romania,ROU,-0.24758582,2022-09-16,2022,9,-1.8313557,-2.2925277,-1.6900166
Russia,RUS,0.00023435395,2022-09-16,2022,9,-0.14945267,-0.22024195,-0.26161695
Rwanda,RWA,1.9101055,2022-09-16,2022,9,2.0693865,-0.6503949,-0.8559847
Saint Vincent and the Grenadines,VCT,0.57729477,2022-09-16,2022,9,0.8871925,0.28225842,0.019119482
Samoa,WSM,0.12294542,2022-09-16,2022,9,0.34029993,0.10522864,-0.96366584
Saudi Arabia,SAU,-1.126333,2022-09-16,2022,9,-1.3397254,-1.0339503,-1.5450482
Senegal,SEN,0.77821076,2022-09-16,2022,9,0.5812095,0.8827394,0.7848416
Siachen Glacier,-99,1.0879434,2022-09-16,2022,9,-0.04862674,-0.64721084,-0.035645586
Sierra Leone,SLE,-0.18233956,2022-09-16,2022,9,-0.1139847,0.0034704998,-0.09116339
Slovakia,SVK,-0.29781768,2022-09-16,2022,9,-1.6324028,-2.2300773,-1.9005023
Slovenia,SVN,-0.6257554,2022-09-16,2022,9,-2.005897,-2.098351,-1.6745838
Solomon Islands,SLB,0.035438646,2022-09-16,2022,9,0.037519194,0.055094816,0.034936644
Somalia,SOM,0.13969918,2022-09-16,2022,9,-0.24887286,-0.4261156,0.36043695
Somaliland,-99,0.06491205,2022-09-16,2022,9,1.0879434,-0.04862674,-0.64721084
South Africa,ZAF,-0.95442015,2022-09-16,2022,9,-0.11392901,0.1972344,0.8470983
South Georgia and the Islands,SGS,-1.53157,2022-09-16,2022,9,-1.429667,-1.3218113,-0.94627595
South Korea,KOR,-0.023153221,2022-09-16,2022,9,0.1768706,-0.9097643,-1.1934279
South Sudan,SSD,0.35902303,2022-09-16,2022,9,0.31620798,-0.10913409,-0.30381593
Spain,ESP,-1.4498595,2022-09-16,2022,9,-1.9628989,-2.296902,-1.5817502
Sri Lanka,LKA,-0.17689005,2022-09-16,2022,9,0.7924475,0.99927384,1.3923665
Sudan,SDN,0.3654968,2022-09-16,2022,9,0.24633762,-0.12579116,-0.6635843
Suriname,SUR,1.2176577,2022-09-16,2022,9,1.5981567,1.1440353,0.24924913
Sweden,SWE,-0.19147955,2022-09-16,2022,9,-0.16676056,0.0057250652,-0.48166016
Switzerland,CHE,-1.2895849,2022-09-16,2022,9,-1.7384884,-2.095388,-1.2105515
Syria,SYR,-1.2997411,2022-09-16,2022,9,-1.0469007,0.07123883,-1.1062015
Taiwan,TWN,-0.9171876,2022-09-16,2022,9,-0.8015028,0.107344404,0.3979901
Tajikistan,TJK,-0.93303674,2022-09-16,2022,9,-0.40526652,0.5386774,-0.010979467
Thailand,THA,1.6886009,2022-09-16,2022,9,0.857555,1.0465363,0.74247885
The Bahamas,BHS,-0.71187115,2022-09-16,2022,9,0.06969428,0.37070355,0.5064158
Togo,TGO,0.44135723,2022-09-16,2022,9,0.24373634,-0.2168489,0.19532898
Trinidad and Tobago,TTO,0.56352764,2022-09-16,2022,9,1.4376314,0.81548727,1.0471861
Tunisia,TUN,-1.8928494,2022-09-16,2022,9,-1.9834768,-1.9351078,-1.756524
Turkey,TUR,-0.6386491,2022-09-16,2022,9,0.4020351,0.30697128,-0.5513494
Turkmenistan,TKM,-1.9669969,2022-09-16,2022,9,-1.7843468,-0.31727648,-0.8337477
Uganda,UGA,1.560442,2022-09-16,2022,9,1.7667869,-0.09115142,-0.36103174
Ukraine,UKR,0.29260126,2022-09-16,2022,9,-1.1830959,-1.4159477,-0.97066724
United Arab Emirates,ARE,0.027385758,2022-09-16,2022,9,-0.9582005,-1.1671512,-1.1996325
United Kingdom,GBR,-1.3775737,2022-09-16,2022,9,-1.8307226,-1.2294563,-0.6733298
United Republic of Tanzania,TZA,0.5505338,2022-09-16,2022,9,0.5853051,-0.26942983,-0.54017895
United States Virgin Islands,VIR,0.33068553,2022-09-16,2022,9,0.26224956,-1.0440398,-1.2364408
United States of America,USA,0.012523782,2022-09-16,2022,9,-0.22614074,-0.38696155,-0.57125384
Uruguay,URY,-0.8286868,2022-09-16,2022,9,-0.6299245,-0.78559846,-0.5418944
Uzbekistan,UZB,-1.8655416,2022-09-16,2022,9,-1.4889064,-0.29955447,-0.78623646
Vanuatu,VUT,0.035295494,2022-09-16,2022,9,-0.052117184,-0.005970571,0.036318902
Venezuela,VEN,-0.14664486,2022-09-16,2022,9,-0.04211186,0.03386188,0.27088875
Vietnam,VNM,0.033653043,2022-09-16,2022,9,-0.4448648,0.05988204,0.6988303
Western Sahara,ESH,-0.59700066,2022-09-16,2022,9,-0.92025673,-1.339899,-1.1750336
Yemen,YEM,0.20593995,2022-09-16,2022,9,0.12810399,-0.07114278,-0.24765044
Zambia,ZMB,-0.045225613,2022-09-16,2022,9,0.5066612,0.5156222,0.5467478
Zimbabwe,ZWE,-0.5029482,2022-09-16,2022,9,0.32613716,0.4947248,0.9599146
eSwatini,SWZ,-0.5091282,2022-09-16,2022,9,-0.858709,0.9897295,2.223289
Afghanistan,AFG,-0.62914985,2022-10-16,2022,10,-0.5173758,-0.19454226,-0.32871103
Aland,ALA,-0.7970281,2022-10-16,2022,10,-0.766339,-0.74744,-0.3394015
Albania,ALB,-0.8184433,2022-10-16,2022,10,-0.070883,-0.74546903,-1.4980475
Algeria,DZA,-1.2473701,2022-10-16,2022,10,-1.3072402,-1.2463017,-1.4065824
Angola,AGO,0.22078562,2022-10-16,2022,10,-0.061994515,-0.2903286,-0.109165125
Antarctica,ATA,,2022-10-16,2022,10,,,
Argentina,ARG,-1.1586682,2022-10-16,2022,10,-0.85996556,-0.96327233,-1.02579
Armenia,ARM,-1.2291186,2022-10-16,2022,10,-1.5909979,-1.6455917,-0.6115132
Australia,AUS,1.0294799,2022-10-16,2022,10,0.4401861,-0.036313932,0.07708339
Austria,AUT,-0.37920272,2022-10-16,2022,10,-0.94243985,-1.5799928,-1.6506858
Azerbaijan,AZE,-0.79061985,2022-10-16,2022,10,-1.0768611,-1.6396345,0.14462571
Bangladesh,BGD,-0.8818627,2022-10-16,2022,10,-2.1544118,-2.4589968,-1.5953009
Belarus,BLR,-0.5870499,2022-10-16,2022,10,-0.71315145,-1.446561,-0.6621103
Belgium,BEL,-1.2296033,2022-10-16,2022,10,-1.777566,-2.201621,-1.9977127
Belize,BLZ,1.679151,2022-10-16,2022,10,2.254896,2.0098648,0.7448953
Benin,BEN,0.773836,2022-10-16,2022,10,0.3994148,0.39662978,-0.15872046
Bhutan,BTN,-1.2647158,2022-10-16,2022,10,-2.174396,-1.7774485,-0.7503582
Bolivia,BOL,-0.60219955,2022-10-16,2022,10,-0.9170371,-0.7062051,-1.218589
Bosnia and Herzegovina,BIH,-0.73141307,2022-10-16,2022,10,-0.48420885,-1.9838078,-2.1613314
Botswana,BWA,-1.0772023,2022-10-16,2022,10,-1.073558,-0.49341276,-0.26264957
Brazil,BRA,-0.36415625,2022-10-16,2022,10,-0.5127583,-0.32314965,-0.59711665
Brunei,BRN,1.4030735,2022-10-16,2022,10,0.8118452,1.0243263,0.45831746
Bulgaria,BGR,-0.77168757,2022-10-16,2022,10,-0.27878907,-0.31778377,-1.1521134
Burkina Faso,BFA,1.2484869,2022-10-16,2022,10,1.2509121,0.6762563,0.11363578
Burundi,BDI,0.50895387,2022-10-16,2022,10,1.2361362,1.3153003,-1.2058842
Cabo Verde,CPV,-0.059454296,2022-10-16,2022,10,-0.059399176,-0.1551559,-0.12311596
Cambodia,KHM,1.658893,2022-10-16,2022,10,2.1469235,0.80879563,0.11884334
Cameroon,CMR,0.31237528,2022-10-16,2022,10,0.29876295,0.55621713,0.5001783
Canada,CAN,-0.4559441,2022-10-16,2022,10,-0.4167266,-0.49960575,-0.33627728
Cayman Islands,CYM,,2022-10-16,2022,10,,,
Central African Republic,CAF,0.20666654,2022-10-16,2022,10,0.6476038,0.383274,0.7999892
Chad,TCD,0.039431002,2022-10-16,2022,10,0.12368576,-0.03125741,-0.14942545
Chile,CHL,-0.9389431,2022-10-16,2022,10,-0.46859822,-0.5218617,-0.4526411
China,CHN,-0.7283038,2022-10-16,2022,10,-0.783152,-0.44290212,-0.30483097
Colombia,COL,0.4922564,2022-10-16,2022,10,0.5278927,0.98180544,0.8822617
Comoros,COM,-0.8035298,2022-10-16,2022,10,2.432372,1.423784,1.3158844
Costa Rica,CRI,-0.70966095,2022-10-16,2022,10,-0.64173687,0.051659726,0.5914594
Croatia,HRV,-0.7170661,2022-10-16,2022,10,-0.5862648,-1.9516517,-2.139984
Cuba,CUB,-0.9549576,2022-10-16,2022,10,-0.83723783,-0.29017165,-0.053025447
Cyprus,CYP,-0.42201638,2022-10-16,2022,10,-0.54291576,0.14589797,-0.14723559
Czechia,CZE,-0.55649424,2022-10-16,2022,10,-0.95474094,-1.5092013,-1.8533167
Democratic Republic of the Congo,COD,0.17196727,2022-10-16,2022,10,0.24807045,0.16278915,0.14215307
Denmark,DNK,-1.0086442,2022-10-16,2022,10,-1.196524,-1.7653584,-1.3708105
Djibouti,DJI,-0.19894168,2022-10-16,2022,10,-0.1530706,-0.2431288,-1.8254244
Dominican Republic,DOM,-0.87041444,2022-10-16,2022,10,-0.13480413,-0.09582098,-0.34043792
East Timor,TLS,-0.06506889,2022-10-16,2022,10,0.30504125,0.13336654,-0.3441477
Ecuador,ECU,-0.3304349,2022-10-16,2022,10,-0.050235126,0.9856122,0.69000053
Egypt,EGY,-1.25099,2022-10-16,2022,10,-1.5038356,-1.1588706,-0.8078412
El Salvador,SLV,0.028602464,2022-10-16,2022,10,0.005872548,-0.13255616,0.0238798
Equatorial Guinea,GNQ,0.7315301,2022-10-16,2022,10,-0.39340246,0.38845855,0.31120858
Eritrea,ERI,0.97476226,2022-10-16,2022,10,0.83688605,0.81731033,-0.275356
Estonia,EST,-1.1280458,2022-10-16,2022,10,-0.97855484,-0.88894475,-0.46800777
Ethiopia,ETH,0.34652558,2022-10-16,2022,10,0.057312664,0.14699616,-0.4166426
Falkland Islands,FLK,-1.6776007,2022-10-16,2022,10,-0.971671,-0.7582308,-0.34459987
Faroe Islands,FRO,-0.036025733,2022-10-16,2022,10,-0.16421135,-0.24217169,-0.05282913
Fiji,FJI,0.7185207,2022-10-16,2022,10,-0.753956,-0.5691471,-0.5215566
Finland,FIN,-0.66359735,2022-10-16,2022,10,-0.13438249,-0.07607924,0.24386053
France,-99,-0.9460417,2022-10-16,2022,10,0.06491205,1.0879434,-0.04862674
French Polynesia,PYF,0.4326915,2022-10-16,2022,10,1.0929762,1.0464351,-0.08078926
French Southern and Antarctic Lands,ATF,-0.9189963,2022-10-16,2022,10,-0.7070992,0.1431267,0.14154787
Gabon,GAB,0.095292695,2022-10-16,2022,10,0.079334915,1.7295053,1.2540967
Gambia,GMB,0.78819436,2022-10-16,2022,10,0.9824675,0.79626286,1.2788067
Georgia,GEO,-0.5546122,2022-10-16,2022,10,-0.96084505,-1.0917962,-0.059740078
Germany,DEU,-0.9352774,2022-10-16,2022,10,-1.3776726,-1.9975308,-1.9269768
Ghana,GHA,0.5809349,2022-10-16,2022,10,0.5176786,0.100251,-0.0685821
Greece,GRC,-0.9128177,2022-10-16,2022,10,0.004119477,0.34399155,-0.8591884
Greenland,GRL,0.7325534,2022-10-16,2022,10,0.4083162,0.21317162,0.25596768
Guatemala,GTM,0.3662803,2022-10-16,2022,10,0.57418454,0.11737557,0.47751316
Guinea,GIN,0.54221725,2022-10-16,2022,10,0.16204171,0.4309892,0.43175378
Guinea-Bissau,GNB,0.9140322,2022-10-16,2022,10,0.7009237,0.51719993,0.9334478
Guyana,GUY,0.9527192,2022-10-16,2022,10,1.1181246,0.7569723,1.150805
Haiti,HTI,-1.8934581,2022-10-16,2022,10,-1.7860953,-1.8026221,-0.92005885
Honduras,HND,-0.1569102,2022-10-16,2022,10,0.04115795,-0.10822904,0.22850887
Hungary,HUN,-0.14048414,2022-10-16,2022,10,-0.5570156,-1.9987793,-2.3706374
Iceland,ISL,0.2002732,2022-10-16,2022,10,0.16733035,0.65096444,1.3396834
India,IND,0.542171,2022-10-16,2022,10,0.68343633,0.62188673,0.83065826
Indonesia,IDN,1.3796443,2022-10-16,2022,10,1.1856993,1.0497899,0.38224193
Iran,IRN,-1.4074943,2022-10-16,2022,10,-1.0332136,-1.2480041,-0.8663156
Iraq,IRQ,-1.8314663,2022-10-16,2022,10,-1.7284429,-1.8034618,-1.1259515
Ireland,IRL,0.1886576,2022-10-16,2022,10,-1.2166443,-1.741382,-0.82543385
Israel,ISR,-0.36693442,2022-10-16,2022,10,-0.6384403,-0.25169456,0.09541796
Italy,ITA,-0.9570026,2022-10-16,2022,10,-1.0181046,-1.985986,-2.1757264
Ivory Coast,CIV,0.49829984,2022-10-16,2022,10,0.71667016,0.61054945,0.24510048
Jamaica,JAM,0.2419075,2022-10-16,2022,10,0.017328465,0.18770191,-0.3700539
Japan,JPN,0.13365299,2022-10-16,2022,10,0.63366634,0.63574183,0.028026957
Jordan,JOR,-0.6447753,2022-10-16,2022,10,-0.7665313,-0.49469018,-0.0109067205
Kazakhstan,KAZ,-1.5992131,2022-10-16,2022,10,-1.3925599,-1.0810615,-0.54812974
Kenya,KEN,1.2844782,2022-10-16,2022,10,1.7843568,0.9573474,0.55850154
Kiribati,KIR,,2022-10-16,2022,10,,,
Kosovo,-99,-0.5081648,2022-10-16,2022,10,-0.9460417,0.06491205,1.0879434
Kuwait,KWT,-1.7288557,2022-10-16,2022,10,-1.5345896,-1.7572747,-1.5248317
Kyrgyzstan,KGZ,0.11929126,2022-10-16,2022,10,-1.2180061,-1.0057368,-0.05104475
Laos,LAO,0.91706306,2022-10-16,2022,10,0.93861985,0.23282713,-0.16853942
Latvia,LVA,-1.3719083,2022-10-16,2022,10,-1.0015535,-0.73731655,0.09111251
Lebanon,LBN,-0.6867352,2022-10-16,2022,10,-0.7757416,-0.31547254,-0.24315614
Lesotho,LSO,-1.1869491,2022-10-16,2022,10,-0.70575094,0.12071732,0.57514703
Liberia,LBR,-0.1427156,2022-10-16,2022,10,0.0184517,0.06168712,-0.02190765
Libya,LBY,-1.284029,2022-10-16,2022,10,-1.4155667,-1.4370785,-1.2885814
Lithuania,LTU,-1.4638809,2022-10-16,2022,10,-0.83993006,-0.6602607,0.4805066
Luxembourg,LUX,-0.80856603,2022-10-16,2022,10,-1.6244737,-2.191316,-2.0409846
Madagascar,MDG,-0.71648026,2022-10-16,2022,10,-0.7112489,-0.93231875,-0.9727826
Malawi,MWI,-0.07767029,2022-10-16,2022,10,0.44605657,0.8700494,-0.00049522903
Malaysia,MYS,0.66777235,2022-10-16,2022,10,0.14889182,0.6773746,0.7815734
Mali,MLI,0.5835691,2022-10-16,2022,10,0.4136589,0.33220562,0.02832587
Mauritania,MRT,0.15197296,2022-10-16,2022,10,0.15041618,-0.07219413,-0.36576533
Mauritius,MUS,-2.0141082,2022-10-16,2022,10,-1.2764076,-1.3002232,-1.2994545
Mexico,MEX,0.40990096,2022-10-16,2022,10,0.053515546,-0.2556674,-1.0094742
Moldova,MDA,-0.13273473,2022-10-16,2022,10,-0.3073587,-1.5799397,-1.9923278
Mongolia,MNG,-1.4561924,2022-10-16,2022,10,-1.3375282,-1.0723222,-1.4745411
Montenegro,MNE,-0.52605146,2022-10-16,2022,10,-0.02622512,-1.8183584,-2.0019329
Morocco,MAR,-0.6931572,2022-10-16,2022,10,-0.523269,-0.66486907,-1.4135461
Mozambique,MOZ,-0.38307348,2022-10-16,2022,10,-0.27569836,0.39048174,0.4225828
Myanmar,MMR,-0.12727691,2022-10-16,2022,10,-0.7726423,-0.7567826,-0.20793657
Namibia,NAM,-0.5449324,2022-10-16,2022,10,-0.85960674,-0.48594463,-0.7554932
Nepal,NPL,-0.21487144,2022-10-16,2022,10,-0.49193522,-0.7160115,-0.2329765
Netherlands,NLD,-1.4882942,2022-10-16,2022,10,-1.6341832,-2.0748408,-1.6871744
New Caledonia,NCL,1.9453646,2022-10-16,2022,10,2.3119495,2.2121181,0.7184941
New Zealand,NZL,0.49136403,2022-10-16,2022,10,1.1067729,1.5287448,1.4054723
Nicaragua,NIC,-0.15644974,2022-10-16,2022,10,-0.39250433,0.4387496,0.9720442
Niger,NER,0.5282561,2022-10-16,2022,10,0.51725876,0.37338537,-0.4109479
Nigeria,NGA,0.6431128,2022-10-16,2022,10,0.64061195,0.73804265,-0.04119424
North Korea,PRK,0.9746581,2022-10-16,2022,10,0.6460431,1.5018492,1.059302
North Macedonia,MKD,-0.7333946,2022-10-16,2022,10,-0.11278713,-0.19683832,-1.0493096
Northern Cyprus,-99,-0.5056864,2022-10-16,2022,10,-0.5081648,-0.9460417,0.06491205
Norway,-99,-0.13513385,2022-10-16,2022,10,-0.5056864,-0.5081648,-0.9460417
Oman,OMN,-0.790489,2022-10-16,2022,10,-0.53874284,-0.2128056,-0.29328766
Pakistan,PAK,1.0574744,2022-10-16,2022,10,1.9538058,2.1709323,1.7966594
Palestine,PSE,-0.19512983,2022-10-16,2022,10,-0.61964387,-0.33505693,0.07789857
Panama,PAN,-0.41305333,2022-10-16,2022,10,-0.039752692,0.59561485,0.6258471
Papua New Guinea,PNG,0.52539474,2022-10-16,2022,10,0.5025184,0.059015483,-0.05148806
Paraguay,PRY,0.51178133,2022-10-16,2022,10,-0.8185253,-1.0607619,-0.9714072
Peru,PER,-1.0617421,2022-10-16,2022,10,-0.8190456,-0.32838556,-0.50305986
Philippines,PHL,0.5871045,2022-10-16,2022,10,-0.15006627,0.013392944,0.35886535
Poland,POL,-0.7759347,2022-10-16,2022,10,-0.6561883,-1.4651623,-1.5597976
Portugal,PRT,-0.5115148,2022-10-16,2022,10,-1.586808,-2.0479355,-2.084443
Puerto Rico,PRI,0.28690603,2022-10-16,2022,10,0.7004519,0.53613716,-0.49597147
Qatar,QAT,-1.4357729,2022-10-16,2022,10,-1.3991655,-1.7303057,-1.5898699
Republic of Serbia,SRB,-0.22208367,2022-10-16,2022,10,-0.28018117,-1.8785559,-2.1497705
Republic of the Congo,COG,-0.08627297,2022-10-16,2022,10,0.4171691,1.2669045,1.4594433
Romania,ROU,0.123456925,2022-10-16,2022,10,-0.24758582,-1.8313557,-2.2925277
Russia,RUS,0.03321751,2022-10-16,2022,10,0.00023435395,-0.14945267,-0.22024195
Rwanda,RWA,1.3459381,2022-10-16,2022,10,1.9101055,2.0693865,-0.6503949
Saint Vincent and the Grenadines,VCT,1.2147121,2022-10-16,2022,10,0.57729477,0.8871925,0.28225842
Samoa,WSM,0.3130701,2022-10-16,2022,10,0.12294542,0.34029993,0.10522864
Saudi Arabia,SAU,-1.2066239,2022-10-16,2022,10,-1.126333,-1.3397254,-1.0339503
Senegal,SEN,0.8514915,2022-10-16,2022,10,0.77821076,0.5812095,0.8827394
Siachen Glacier,-99,0.6529081,2022-10-16,2022,10,-0.13513385,-0.5056864,-0.5081648
Sierra Leone,SLE,-0.17094737,2022-10-16,2022,10,-0.18233956,-0.1139847,0.0034704998
Slovakia,SVK,-0.051417362,2022-10-16,2022,10,-0.29781768,-1.6324028,-2.2300773
Slovenia,SVN,-0.654517,2022-10-16,2022,10,-0.6257554,-2.005897,-2.098351
Solomon Islands,SLB,0.03336261,2022-10-16,2022,10,0.035438646,0.037519194,0.055094816
Somalia,SOM,0.09236493,2022-10-16,2022,10,0.13969918,-0.24887286,-0.4261156
Somaliland,-99,-0.30632633,2022-10-16,2022,10,0.6529081,-0.13513385,-0.5056864
South Africa,ZAF,-1.3137459,2022-10-16,2022,10,-0.95442015,-0.11392901,0.1972344
South Georgia and the Islands,SGS,-1.4468236,2022-10-16,2022,10,-1.53157,-1.429667,-1.3218113
South Korea,KOR,0.59846175,2022-10-16,2022,10,-0.023153221,0.1768706,-0.9097643
South Sudan,SSD,0.47498858,2022-10-16,2022,10,0.35902303,0.31620798,-0.10913409
Spain,ESP,-1.0526133,2022-10-16,2022,10,-1.4498595,-1.9628989,-2.296902
Sri Lanka,LKA,-0.13014896,2022-10-16,2022,10,-0.17689005,0.7924475,0.99927384
Sudan,SDN,0.41693473,2022-10-16,2022,10,0.3654968,0.24633762,-0.12579116
Suriname,SUR,0.2488827,2022-10-16,2022,10,1.2176577,1.5981567,1.1440353
Sweden,SWE,-0.41157603,2022-10-16,2022,10,-0.19147955,-0.16676056,0.0057250652
Switzerland,CHE,-0.12698099,2022-10-16,2022,10,-1.2895849,-1.7384884,-2.095388
Syria,SYR,-1.377175,2022-10-16,2022,10,-1.2997411,-1.0469007,0.07123883
Taiwan,TWN,-0.60561657,2022-10-16,2022,10,-0.9171876,-0.8015028,0.107344404
Tajikistan,TJK,1.0759072,2022-10-16,2022,10,-0.93303674,-0.40526652,0.5386774
Thailand,THA,1.6380814,2022-10-16,2022,10,1.6886009,0.857555,1.0465363
The Bahamas,BHS,-0.9999795,2022-10-16,2022,10,-0.71187115,0.06969428,0.37070355
Togo,TGO,0.86193347,2022-10-16,2022,10,0.44135723,0.24373634,-0.2168489
Trinidad and Tobago,TTO,1.4533765,2022-10-16,2022,10,0.56352764,1.4376314,0.81548727
Tunisia,TUN,-1.9930677,2022-10-16,2022,10,-1.8928494,-1.9834768,-1.9351078
Turkey,TUR,-0.821222,2022-10-16,2022,10,-0.6386491,0.4020351,0.30697128
Turkmenistan,TKM,-1.6672467,2022-10-16,2022,10,-1.9669969,-1.7843468,-0.31727648
Uganda,UGA,1.487063,2022-10-16,2022,10,1.560442,1.7667869,-0.09115142
Ukraine,UKR,0.6518028,2022-10-16,2022,10,0.29260126,-1.1830959,-1.4159477
United Arab Emirates,ARE,-0.29503047,2022-10-16,2022,10,0.027385758,-0.9582005,-1.1671512
United Kingdom,GBR,-0.34800175,2022-10-16,2022,10,-1.3775737,-1.8307226,-1.2294563
United Republic of Tanzania,TZA,-0.49942467,2022-10-16,2022,10,0.5505338,0.5853051,-0.26942983
United States Virgin Islands,VIR,-0.14678732,2022-10-16,2022,10,0.33068553,0.26224956,-1.0440398
United States of America,USA,-0.12874356,2022-10-16,2022,10,0.012523782,-0.22614074,-0.38696155
Uruguay,URY,-1.4180608,2022-10-16,2022,10,-0.8286868,-0.6299245,-0.78559846
Uzbekistan,UZB,-1.1799574,2022-10-16,2022,10,-1.8655416,-1.4889064,-0.29955447
Vanuatu,VUT,0.10346564,2022-10-16,2022,10,0.035295494,-0.052117184,-0.005970571
Venezuela,VEN,0.07941236,2022-10-16,2022,10,-0.14664486,-0.04211186,0.03386188
Vietnam,VNM,0.09570346,2022-10-16,2022,10,0.033653043,-0.4448648,0.05988204
Western Sahara,ESH,-0.582081,2022-10-16,2022,10,-0.59700066,-0.92025673,-1.339899
Yemen,YEM,0.0068426616,2022-10-16,2022,10,0.20593995,0.12810399,-0.07114278
Zambia,ZMB,0.03940403,2022-10-16,2022,10,-0.045225613,0.5066612,0.5156222
Zimbabwe,ZWE,-0.59360224,2022-10-16,2022,10,-0.5029482,0.32613716,0.4947248
eSwatini,SWZ,-0.53126305,2022-10-16,2022,10,-0.5091282,-0.858709,0.9897295
Afghanistan,AFG,-0.37891948,2022-11-16,2022,11,-0.62914985,-0.5173758,-0.19454226
Aland,ALA,-0.6812525,2022-11-16,2022,11,-0.7970281,-0.766339,-0.74744
Albania,ALB,-0.21903813,2022-11-16,2022,11,-0.8184433,-0.070883,-0.74546903
Algeria,DZA,-1.4381301,2022-11-16,2022,11,-1.2473701,-1.3072402,-1.2463017
Angola,AGO,0.24378113,2022-11-16,2022,11,0.22078562,-0.061994515,-0.2903286
Antarctica,ATA,,2022-11-16,2022,11,,,
Argentina,ARG,-1.4600453,2022-11-16,2022,11,-1.1586682,-0.85996556,-0.96327233
Armenia,ARM,-0.758865,2022-11-16,2022,11,-1.2291186,-1.5909979,-1.6455917
Australia,AUS,1.3228681,2022-11-16,2022,11,1.0294799,0.4401861,-0.036313932
Austria,AUT,-0.07970314,2022-11-16,2022,11,-0.37920272,-0.94243985,-1.5799928
Azerbaijan,AZE,-0.33042663,2022-11-16,2022,11,-0.79061985,-1.0768611,-1.6396345
Bangladesh,BGD,-0.075794026,2022-11-16,2022,11,-0.8818627,-2.1544118,-2.4589968
Belarus,BLR,0.8845984,2022-11-16,2022,11,-0.5870499,-0.71315145,-1.446561
Belgium,BEL,0.40225995,2022-11-16,2022,11,-1.2296033,-1.777566,-2.201621
Belize,BLZ,1.2499306,2022-11-16,2022,11,1.679151,2.254896,2.0098648
Benin,BEN,0.6952168,2022-11-16,2022,11,0.773836,0.3994148,0.39662978
Bhutan,BTN,-0.19675401,2022-11-16,2022,11,-1.2647158,-2.174396,-1.7774485
Bolivia,BOL,-1.7843378,2022-11-16,2022,11,-0.60219955,-0.9170371,-0.7062051
Bosnia and Herzegovina,BIH,-0.03967056,2022-11-16,2022,11,-0.73141307,-0.48420885,-1.9838078
Botswana,BWA,-0.6299763,2022-11-16,2022,11,-1.0772023,-1.073558,-0.49341276
Brazil,BRA,-0.07249699,2022-11-16,2022,11,-0.36415625,-0.5127583,-0.32314965
Brunei,BRN,1.2998279,2022-11-16,2022,11,1.4030735,0.8118452,1.0243263
Bulgaria,BGR,-1.2494735,2022-11-16,2022,11,-0.77168757,-0.27878907,-0.31778377
Burkina Faso,BFA,1.3654504,2022-11-16,2022,11,1.2484869,1.2509121,0.6762563
Burundi,BDI,-0.03216188,2022-11-16,2022,11,0.50895387,1.2361362,1.3153003
Cabo Verde,CPV,0.08976084,2022-11-16,2022,11,-0.059454296,-0.059399176,-0.1551559
Cambodia,KHM,1.3414601,2022-11-16,2022,11,1.658893,2.1469235,0.80879563
Cameroon,CMR,-0.08065071,2022-11-16,2022,11,0.31237528,0.29876295,0.55621713
Canada,CAN,-0.34225214,2022-11-16,2022,11,-0.4559441,-0.4167266,-0.49960575
Cayman Islands,CYM,,2022-11-16,2022,11,,,
Central African Republic,CAF,0.15590037,2022-11-16,2022,11,0.20666654,0.6476038,0.383274
Chad,TCD,0.030982325,2022-11-16,2022,11,0.039431002,0.12368576,-0.03125741
Chile,CHL,-1.2237209,2022-11-16,2022,11,-0.9389431,-0.46859822,-0.5218617
China,CHN,-0.6656783,2022-11-16,2022,11,-0.7283038,-0.783152,-0.44290212
Colombia,COL,0.9612981,2022-11-16,2022,11,0.4922564,0.5278927,0.98180544
Comoros,COM,-0.7069952,2022-11-16,2022,11,-0.8035298,2.432372,1.423784
Costa Rica,CRI,-0.41370872,2022-11-16,2022,11,-0.70966095,-0.64173687,0.051659726
Croatia,HRV,-0.35682806,2022-11-16,2022,11,-0.7170661,-0.5862648,-1.9516517
Cuba,CUB,-0.75447965,2022-11-16,2022,11,-0.9549576,-0.83723783,-0.29017165
Cyprus,CYP,-0.37106192,2022-11-16,2022,11,-0.42201638,-0.54291576,0.14589797
Czechia,CZE,-0.3644963,2022-11-16,2022,11,-0.55649424,-0.95474094,-1.5092013
Democratic Republic of the Congo,COD,0.2979435,2022-11-16,2022,11,0.17196727,0.24807045,0.16278915
Denmark,DNK,-0.7734593,2022-11-16,2022,11,-1.0086442,-1.196524,-1.7653584
Djibouti,DJI,-0.5169773,2022-11-16,2022,11,-0.19894168,-0.1530706,-0.2431288
Dominican Republic,DOM,0.09618378,2022-11-16,2022,11,-0.87041444,-0.13480413,-0.09582098
East Timor,TLS,0.07268578,2022-11-16,2022,11,-0.06506889,0.30504125,0.13336654
Ecuador,ECU,-0.525285,2022-11-16,2022,11,-0.3304349,-0.050235126,0.9856122
Egypt,EGY,-0.8633108,2022-11-16,2022,11,-1.25099,-1.5038356,-1.1588706
El Salvador,SLV,0.32158965,2022-11-16,2022,11,0.028602464,0.005872548,-0.13255616
Equatorial Guinea,GNQ,0.41568446,2022-11-16,2022,11,0.7315301,-0.39340246,0.38845855
Eritrea,ERI,0.5374673,2022-11-16,2022,11,0.97476226,0.83688605,0.81731033
Estonia,EST,-0.7772434,2022-11-16,2022,11,-1.1280458,-0.97855484,-0.88894475
Ethiopia,ETH,0.12471849,2022-11-16,2022,11,0.34652558,0.057312664,0.14699616
Falkland Islands,FLK,-1.8787546,2022-11-16,2022,11,-1.6776007,-0.971671,-0.7582308
Faroe Islands,FRO,-0.062241524,2022-11-16,2022,11,-0.036025733,-0.16421135,-0.24217169
Fiji,FJI,0.50301725,2022-11-16,2022,11,0.7185207,-0.753956,-0.5691471
Finland,FIN,-0.55550146,2022-11-16,2022,11,-0.66359735,-0.13438249,-0.07607924
France,-99,0.054653652,2022-11-16,2022,11,-0.30632633,0.6529081,-0.13513385
French Polynesia,PYF,0.8969373,2022-11-16,2022,11,0.4326915,1.0929762,1.0464351
French Southern and Antarctic Lands,ATF,-0.52010477,2022-11-16,2022,11,-0.9189963,-0.7070992,0.1431267
Gabon,GAB,-0.16757104,2022-11-16,2022,11,0.095292695,0.079334915,1.7295053
Gambia,GMB,1.3845041,2022-11-16,2022,11,0.78819436,0.9824675,0.79626286
Georgia,GEO,-0.23344284,2022-11-16,2022,11,-0.5546122,-0.96084505,-1.0917962
Germany,DEU,-0.2557769,2022-11-16,2022,11,-0.9352774,-1.3776726,-1.9975308
Ghana,GHA,0.5193941,2022-11-16,2022,11,0.5809349,0.5176786,0.100251
Greece,GRC,-1.3436083,2022-11-16,2022,11,-0.9128177,0.004119477,0.34399155
Greenland,GRL,0.96284866,2022-11-16,2022,11,0.7325534,0.4083162,0.21317162
Guatemala,GTM,1.2210227,2022-11-16,2022,11,0.3662803,0.57418454,0.11737557
Guinea,GIN,0.79427963,2022-11-16,2022,11,0.54221725,0.16204171,0.4309892
Guinea-Bissau,GNB,1.6535534,2022-11-16,2022,11,0.9140322,0.7009237,0.51719993
Guyana,GUY,1.8337295,2022-11-16,2022,11,0.9527192,1.1181246,0.7569723
Haiti,HTI,-1.327214,2022-11-16,2022,11,-1.8934581,-1.7860953,-1.8026221
Honduras,HND,0.035217844,2022-11-16,2022,11,-0.1569102,0.04115795,-0.10822904
Hungary,HUN,0.16653164,2022-11-16,2022,11,-0.14048414,-0.5570156,-1.9987793
Iceland,ISL,0.123024285,2022-11-16,2022,11,0.2002732,0.16733035,0.65096444
India,IND,0.48248416,2022-11-16,2022,11,0.542171,0.68343633,0.62188673
Indonesia,IDN,1.2040159,2022-11-16,2022,11,1.3796443,1.1856993,1.0497899
Iran,IRN,-1.1604406,2022-11-16,2022,11,-1.4074943,-1.0332136,-1.2480041
Iraq,IRQ,-1.3235512,2022-11-16,2022,11,-1.8314663,-1.7284429,-1.8034618
Ireland,IRL,1.6085017,2022-11-16,2022,11,0.1886576,-1.2166443,-1.741382
Israel,ISR,0.8920551,2022-11-16,2022,11,-0.36693442,-0.6384403,-0.25169456
Italy,ITA,-0.6110904,2022-11-16,2022,11,-0.9570026,-1.0181046,-1.985986
Ivory Coast,CIV,0.18403953,2022-11-16,2022,11,0.49829984,0.71667016,0.61054945
Jamaica,JAM,-0.78740656,2022-11-16,2022,11,0.2419075,0.017328465,0.18770191
Japan,JPN,-0.85401917,2022-11-16,2022,11,0.13365299,0.63366634,0.63574183
Jordan,JOR,0.51032764,2022-11-16,2022,11,-0.6447753,-0.7665313,-0.49469018
Kazakhstan,KAZ,-0.7815336,2022-11-16,2022,11,-1.5992131,-1.3925599,-1.0810615
Kenya,KEN,0.48753312,2022-11-16,2022,11,1.2844782,1.7843568,0.9573474
Kiribati,KIR,,2022-11-16,2022,11,,,
Kosovo,-99,0.07163288,2022-11-16,2022,11,0.054653652,-0.30632633,0.6529081
Kuwait,KWT,-1.4675524,2022-11-16,2022,11,-1.7288557,-1.5345896,-1.7572747
Kyrgyzstan,KGZ,0.717894,2022-11-16,2022,11,0.11929126,-1.2180061,-1.0057368
Laos,LAO,0.56959254,2022-11-16,2022,11,0.91706306,0.93861985,0.23282713
Latvia,LVA,-1.066701,2022-11-16,2022,11,-1.3719083,-1.0015535,-0.73731655
Lebanon,LBN,0.028771784,2022-11-16,2022,11,-0.6867352,-0.7757416,-0.31547254
Lesotho,LSO,-1.0137492,2022-11-16,2022,11,-1.1869491,-0.70575094,0.12071732
Liberia,LBR,-0.32878992,2022-11-16,2022,11,-0.1427156,0.0184517,0.06168712
Libya,LBY,-0.91834855,2022-11-16,2022,11,-1.284029,-1.4155667,-1.4370785
Lithuania,LTU,-1.1224513,2022-11-16,2022,11,-1.4638809,-0.83993006,-0.6602607
Luxembourg,LUX,0.8480335,2022-11-16,2022,11,-0.80856603,-1.6244737,-2.191316
Madagascar,MDG,-0.79848075,2022-11-16,2022,11,-0.71648026,-0.7112489,-0.93231875
Malawi,MWI,0.009299898,2022-11-16,2022,11,-0.07767029,0.44605657,0.8700494
Malaysia,MYS,1.0245638,2022-11-16,2022,11,0.66777235,0.14889182,0.6773746
Mali,MLI,0.6115636,2022-11-16,2022,11,0.5835691,0.4136589,0.33220562
Mauritania,MRT,0.01911603,2022-11-16,2022,11,0.15197296,0.15041618,-0.07219413
Mauritius,MUS,-2.3701937,2022-11-16,2022,11,-2.0141082,-1.2764076,-1.3002232
Mexico,MEX,0.28248242,2022-11-16,2022,11,0.40990096,0.053515546,-0.2556674
Moldova,MDA,0.094892345,2022-11-16,2022,11,-0.13273473,-0.3073587,-1.5799397
Mongolia,MNG,-1.6024843,2022-11-16,2022,11,-1.4561924,-1.3375282,-1.0723222
Montenegro,MNE,0.38246667,2022-11-16,2022,11,-0.52605146,-0.02622512,-1.8183584
Morocco,MAR,-1.4735578,2022-11-16,2022,11,-0.6931572,-0.523269,-0.66486907
Mozambique,MOZ,-0.42569512,2022-11-16,2022,11,-0.38307348,-0.27569836,0.39048174
Myanmar,MMR,-0.16779561,2022-11-16,2022,11,-0.12727691,-0.7726423,-0.7567826
Namibia,NAM,-0.6731192,2022-11-16,2022,11,-0.5449324,-0.85960674,-0.48594463
Nepal,NPL,0.22430123,2022-11-16,2022,11,-0.21487144,-0.49193522,-0.7160115
Netherlands,NLD,0.1255201,2022-11-16,2022,11,-1.4882942,-1.6341832,-2.0748408
New Caledonia,NCL,1.2575221,2022-11-16,2022,11,1.9453646,2.3119495,2.2121181
New Zealand,NZL,0.25063193,2022-11-16,2022,11,0.49136403,1.1067729,1.5287448
Nicaragua,NIC,-0.112182766,2022-11-16,2022,11,-0.15644974,-0.39250433,0.4387496
Niger,NER,0.19637237,2022-11-16,2022,11,0.5282561,0.51725876,0.37338537
Nigeria,NGA,0.096239455,2022-11-16,2022,11,0.6431128,0.64061195,0.73804265
North Korea,PRK,1.2828459,2022-11-16,2022,11,0.9746581,0.6460431,1.5018492
North Macedonia,MKD,-0.7106756,2022-11-16,2022,11,-0.7333946,-0.11278713,-0.19683832
Northern Cyprus,-99,-0.62756765,2022-11-16,2022,11,0.07163288,0.054653652,-0.30632633
Norway,-99,-0.5356901,2022-11-16,2022,11,-0.62756765,0.07163288,0.054653652
Oman,OMN,-1.3666029,2022-11-16,2022,11,-0.790489,-0.53874284,-0.2128056
Pakistan,PAK,-0.48415047,2022-11-16,2022,11,1.0574744,1.9538058,2.1709323
Palestine,PSE,0.8970742,2022-11-16,2022,11,-0.19512983,-0.61964387,-0.33505693
Panama,PAN,-0.64660716,2022-11-16,2022,11,-0.41305333,-0.039752692,0.59561485
Papua New Guinea,PNG,0.30089253,2022-11-16,2022,11,0.52539474,0.5025184,0.059015483
Paraguay,PRY,-0.2556177,2022-11-16,2022,11,0.51178133,-0.8185253,-1.0607619
Peru,PER,-1.2822715,2022-11-16,2022,11,-1.0617421,-0.8190456,-0.32838556
Philippines,PHL,0.41926357,2022-11-16,2022,11,0.5871045,-0.15006627,0.013392944
Poland,POL,-0.6293784,2022-11-16,2022,11,-0.7759347,-0.6561883,-1.4651623
Portugal,PRT,-0.6458835,2022-11-16,2022,11,-0.5115148,-1.586808,-2.0479355
Puerto Rico,PRI,0.09988591,2022-11-16,2022,11,0.28690603,0.7004519,0.53613716
Qatar,QAT,-1.9627005,2022-11-16,2022,11,-1.4357729,-1.3991655,-1.7303057
Republic of Serbia,SRB,0.4801703,2022-11-16,2022,11,-0.22208367,-0.28018117,-1.8785559
Republic of the Congo,COG,0.6488152,2022-11-16,2022,11,-0.08627297,0.4171691,1.2669045
Romania,ROU,0.41292346,2022-11-16,2022,11,0.123456925,-0.24758582,-1.8313557
Russia,RUS,0.26415843,2022-11-16,2022,11,0.03321751,0.00023435395,-0.14945267
Rwanda,RWA,0.10398076,2022-11-16,2022,11,1.3459381,1.9101055,2.0693865
Saint Vincent and the Grenadines,VCT,1.6897539,2022-11-16,2022,11,1.2147121,0.57729477,0.8871925
Samoa,WSM,0.2847933,2022-11-16,2022,11,0.3130701,0.12294542,0.34029993
Saudi Arabia,SAU,-0.806914,2022-11-16,2022,11,-1.2066239,-1.126333,-1.3397254
Senegal,SEN,1.2046974,2022-11-16,2022,11,0.8514915,0.77821076,0.5812095
Siachen Glacier,-99,0.62888724,2022-11-16,2022,11,-0.5356901,-0.62756765,0.07163288
Sierra Leone,SLE,-0.20723923,2022-11-16,2022,11,-0.17094737,-0.18233956,-0.1139847
Slovakia,SVK,-0.029341372,2022-11-16,2022,11,-0.051417362,-0.29781768,-1.6324028
Slovenia,SVN,-0.5383165,2022-11-16,2022,11,-0.654517,-0.6257554,-2.005897
Solomon Islands,SLB,0.05968467,2022-11-16,2022,11,0.03336261,0.035438646,0.037519194
Somalia,SOM,-0.049435332,2022-11-16,2022,11,0.09236493,0.13969918,-0.24887286
Somaliland,-99,-0.7825096,2022-11-16,2022,11,0.62888724,-0.5356901,-0.62756765
South Africa,ZAF,-1.1003873,2022-11-16,2022,11,-1.3137459,-0.95442015,-0.11392901
South Georgia and the Islands,SGS,-2.7101479,2022-11-16,2022,11,-1.4468236,-1.53157,-1.429667
South Korea,KOR,0.4510199,2022-11-16,2022,11,0.59846175,-0.023153221,0.1768706
South Sudan,SSD,0.30503392,2022-11-16,2022,11,0.47498858,0.35902303,0.31620798
Spain,ESP,-0.98963815,2022-11-16,2022,11,-1.0526133,-1.4498595,-1.9628989
Sri Lanka,LKA,-0.7849559,2022-11-16,2022,11,-0.13014896,-0.17689005,0.7924475
Sudan,SDN,0.3090397,2022-11-16,2022,11,0.41693473,0.3654968,0.24633762
Suriname,SUR,1.4124928,2022-11-16,2022,11,0.2488827,1.2176577,1.5981567
Sweden,SWE,-0.38633263,2022-11-16,2022,11,-0.41157603,-0.19147955,-0.16676056
Switzerland,CHE,0.44266286,2022-11-16,2022,11,-0.12698099,-1.2895849,-1.7384884
Syria,SYR,-0.43484852,2022-11-16,2022,11,-1.377175,-1.2997411,-1.0469007
Taiwan,TWN,0.3716003,2022-11-16,2022,11,-0.60561657,-0.9171876,-0.8015028
Tajikistan,TJK,1.1189102,2022-11-16,2022,11,1.0759072,-0.93303674,-0.40526652
Thailand,THA,1.4696687,2022-11-16,2022,11,1.6380814,1.6886009,0.857555
The Bahamas,BHS,-0.3201644,2022-11-16,2022,11,-0.9999795,-0.71187115,0.06969428
Togo,TGO,0.6224032,2022-11-16,2022,11,0.86193347,0.44135723,0.24373634
Trinidad and Tobago,TTO,2.60459,2022-11-16,2022,11,1.4533765,0.56352764,1.4376314
Tunisia,TUN,-1.8275325,2022-11-16,2022,11,-1.9930677,-1.8928494,-1.9834768
Turkey,TUR,-1.0091636,2022-11-16,2022,11,-0.821222,-0.6386491,0.4020351
Turkmenistan,TKM,-0.934771,2022-11-16,2022,11,-1.6672467,-1.9669969,-1.7843468
Uganda,UGA,0.040221877,2022-11-16,2022,11,1.487063,1.560442,1.7667869
Ukraine,UKR,1.2150642,2022-11-16,2022,11,0.6518028,0.29260126,-1.1830959
United Arab Emirates,ARE,-0.83335304,2022-11-16,2022,11,-0.29503047,0.027385758,-0.9582005
United Kingdom,GBR,1.2349339,2022-11-16,2022,11,-0.34800175,-1.3775737,-1.8307226
United Republic of Tanzania,TZA,-0.058060054,2022-11-16,2022,11,-0.49942467,0.5505338,0.5853051
United States Virgin Islands,VIR,-0.24327552,2022-11-16,2022,11,-0.14678732,0.33068553,0.26224956
United States of America,USA,0.044893995,2022-11-16,2022,11,-0.12874356,0.012523782,-0.22614074
Uruguay,URY,-1.9147291,2022-11-16,2022,11,-1.4180608,-0.8286868,-0.6299245
Uzbekistan,UZB,-0.6325481,2022-11-16,2022,11,-1.1799574,-1.8655416,-1.4889064
Vanuatu,VUT,0.105334304,2022-11-16,2022,11,0.10346564,0.035295494,-0.052117184
Venezuela,VEN,0.74878293,2022-11-16,2022,11,0.07941236,-0.14664486,-0.04211186
Vietnam,VNM,0.14400841,2022-11-16,2022,11,0.09570346,0.033653043,-0.4448648
Western Sahara,ESH,-0.9396431,2022-11-16,2022,11,-0.582081,-0.59700066,-0.92025673
Yemen,YEM,-0.50590986,2022-11-16,2022,11,0.0068426616,0.20593995,0.12810399
Zambia,ZMB,0.13842028,2022-11-16,2022,11,0.03940403,-0.045225613,0.5066612
Zimbabwe,ZWE,-0.3311732,2022-11-16,2022,11,-0.59360224,-0.5029482,0.32613716
eSwatini,SWZ,0.10379596,2022-11-16,2022,11,-0.53126305,-0.5091282,-0.858709
Afghanistan,AFG,-0.2257543,2022-12-16,2022,12,-0.37891948,-0.62914985,-0.5173758
Aland,ALA,-0.23698059,2022-12-16,2022,12,-0.6812525,-0.7970281,-0.766339
Albania,ALB,-0.7548345,2022-12-16,2022,12,-0.21903813,-0.8184433,-0.070883
Algeria,DZA,-1.6691022,2022-12-16,2022,12,-1.4381301,-1.2473701,-1.3072402
Angola,AGO,0.11367379,2022-12-16,2022,12,0.24378113,0.22078562,-0.061994515
Antarctica,ATA,,2022-12-16,2022,12,,,
Argentina,ARG,-1.6300675,2022-12-16,2022,12,-1.4600453,-1.1586682,-0.85996556
Armenia,ARM,-1.5138334,2022-12-16,2022,12,-0.758865,-1.2291186,-1.5909979
Australia,AUS,1.0393673,2022-12-16,2022,12,1.3228681,1.0294799,0.4401861
Austria,AUT,-0.6981372,2022-12-16,2022,12,-0.07970314,-0.37920272,-0.94243985
Azerbaijan,AZE,-1.1044816,2022-12-16,2022,12,-0.33042663,-0.79061985,-1.0768611
Bangladesh,BGD,0.041811112,2022-12-16,2022,12,-0.075794026,-0.8818627,-2.1544118
Belarus,BLR,1.1648008,2022-12-16,2022,12,0.8845984,-0.5870499,-0.71315145
Belgium,BEL,-0.22311957,2022-12-16,2022,12,0.40225995,-1.2296033,-1.777566
Belize,BLZ,0.59830624,2022-12-16,2022,12,1.2499306,1.679151,2.254896
Benin,BEN,0.31553063,2022-12-16,2022,12,0.6952168,0.773836,0.3994148
Bhutan,BTN,-0.17656875,2022-12-16,2022,12,-0.19675401,-1.2647158,-2.174396
Bolivia,BOL,-1.517969,2022-12-16,2022,12,-1.7843378,-0.60219955,-0.9170371
Bosnia and Herzegovina,BIH,-0.46494916,2022-12-16,2022,12,-0.03967056,-0.73141307,-0.48420885
Botswana,BWA,-0.47958666,2022-12-16,2022,12,-0.6299763,-1.0772023,-1.073558
Brazil,BRA,0.04200048,2022-12-16,2022,12,-0.07249699,-0.36415625,-0.5127583
Brunei,BRN,1.504345,2022-12-16,2022,12,1.2998279,1.4030735,0.8118452
Bulgaria,BGR,-1.7068008,2022-12-16,2022,12,-1.2494735,-0.77168757,-0.27878907
Burkina Faso,BFA,-0.19210358,2022-12-16,2022,12,1.3654504,1.2484869,1.2509121
Burundi,BDI,0.3346321,2022-12-16,2022,12,-0.03216188,0.50895387,1.2361362
Cabo Verde,CPV,0.02152669,2022-12-16,2022,12,0.08976084,-0.059454296,-0.059399176
Cambodia,KHM,0.36200458,2022-12-16,2022,12,1.3414601,1.658893,2.1469235
Cameroon,CMR,-0.13083607,2022-12-16,2022,12,-0.08065071,0.31237528,0.29876295
Canada,CAN,-0.18193382,2022-12-16,2022,12,-0.34225214,-0.4559441,-0.4167266
Cayman Islands,CYM,,2022-12-16,2022,12,,,
Central African Republic,CAF,-0.53343195,2022-12-16,2022,12,0.15590037,0.20666654,0.6476038
Chad,TCD,-0.8139843,2022-12-16,2022,12,0.030982325,0.039431002,0.12368576
Chile,CHL,-1.374134,2022-12-16,2022,12,-1.2237209,-0.9389431,-0.46859822
China,CHN,-0.19418764,2022-12-16,2022,12,-0.6656783,-0.7283038,-0.783152
Colombia,COL,0.61917746,2022-12-16,2022,12,0.9612981,0.4922564,0.5278927
Comoros,COM,-0.44892332,2022-12-16,2022,12,-0.7069952,-0.8035298,2.432372
Costa Rica,CRI,-0.85449916,2022-12-16,2022,12,-0.41370872,-0.70966095,-0.64173687
Croatia,HRV,-0.7428295,2022-12-16,2022,12,-0.35682806,-0.7170661,-0.5862648
Cuba,CUB,-1.0873097,2022-12-16,2022,12,-0.75447965,-0.9549576,-0.83723783
Cyprus,CYP,-0.8535524,2022-12-16,2022,12,-0.37106192,-0.42201638,-0.54291576
Czechia,CZE,-0.8705017,2022-12-16,2022,12,-0.3644963,-0.55649424,-0.95474094
Democratic Republic of the Congo,COD,0.16178156,2022-12-16,2022,12,0.2979435,0.17196727,0.24807045
Denmark,DNK,-1.1008182,2022-12-16,2022,12,-0.7734593,-1.0086442,-1.196524
Djibouti,DJI,-0.8553255,2022-12-16,2022,12,-0.5169773,-0.19894168,-0.1530706
Dominican Republic,DOM,0.13904281,2022-12-16,2022,12,0.09618378,-0.87041444,-0.13480413
East Timor,TLS,-0.04958908,2022-12-16,2022,12,0.07268578,-0.06506889,0.30504125
Ecuador,ECU,-0.37341303,2022-12-16,2022,12,-0.525285,-0.3304349,-0.050235126
Egypt,EGY,-0.8707518,2022-12-16,2022,12,-0.8633108,-1.25099,-1.5038356
El Salvador,SLV,-0.07545861,2022-12-16,2022,12,0.32158965,0.028602464,0.005872548
Equatorial Guinea,GNQ,0.16705379,2022-12-16,2022,12,0.41568446,0.7315301,-0.39340246
Eritrea,ERI,0.7818387,2022-12-16,2022,12,0.5374673,0.97476226,0.83688605
Estonia,EST,0.00036161946,2022-12-16,2022,12,-0.7772434,-1.1280458,-0.97855484
Ethiopia,ETH,0.20798483,2022-12-16,2022,12,0.12471849,0.34652558,0.057312664
Falkland Islands,FLK,-1.9508917,2022-12-16,2022,12,-1.8787546,-1.6776007,-0.971671
Faroe Islands,FRO,0.054094646,2022-12-16,2022,12,-0.062241524,-0.036025733,-0.16421135
Fiji,FJI,1.3048325,2022-12-16,2022,12,0.50301725,0.7185207,-0.753956
Finland,FIN,0.26679364,2022-12-16,2022,12,-0.55550146,-0.66359735,-0.13438249
France,-99,-0.14990756,2022-12-16,2022,12,-0.7825096,0.62888724,-0.5356901
French Polynesia,PYF,0.33347207,2022-12-16,2022,12,0.8969373,0.4326915,1.0929762
French Southern and Antarctic Lands,ATF,-1.3803414,2022-12-16,2022,12,-0.52010477,-0.9189963,-0.7070992
Gabon,GAB,-0.3963222,2022-12-16,2022,12,-0.16757104,0.095292695,0.079334915
Gambia,GMB,0.89151907,2022-12-16,2022,12,1.3845041,0.78819436,0.9824675
Georgia,GEO,-1.1788825,2022-12-16,2022,12,-0.23344284,-0.5546122,-0.96084505
Germany,DEU,-0.7554014,2022-12-16,2022,12,-0.2557769,-0.9352774,-1.3776726
Ghana,GHA,-0.2178323,2022-12-16,2022,12,0.5193941,0.5809349,0.5176786
Greece,GRC,-1.8076433,2022-12-16,2022,12,-1.3436083,-0.9128177,0.004119477
Greenland,GRL,0.5159564,2022-12-16,2022,12,0.96284866,0.7325534,0.4083162
Guatemala,GTM,0.37887806,2022-12-16,2022,12,1.2210227,0.3662803,0.57418454
Guinea,GIN,0.7358773,2022-12-16,2022,12,0.79427963,0.54221725,0.16204171
Guinea-Bissau,GNB,1.250629,2022-12-16,2022,12,1.6535534,0.9140322,0.7009237
Guyana,GUY,1.9207313,2022-12-16,2022,12,1.8337295,0.9527192,1.1181246
Haiti,HTI,-1.2157259,2022-12-16,2022,12,-1.327214,-1.8934581,-1.7860953
Honduras,HND,-0.19762273,2022-12-16,2022,12,0.035217844,-0.1569102,0.04115795
Hungary,HUN,-0.6215891,2022-12-16,2022,12,0.16653164,-0.14048414,-0.5570156
Iceland,ISL,0.024533408,2022-12-16,2022,12,0.123024285,0.2002732,0.16733035
India,IND,0.37230814,2022-12-16,2022,12,0.48248416,0.542171,0.68343633
Indonesia,IDN,0.89473075,2022-12-16,2022,12,1.2040159,1.3796443,1.1856993
Iran,IRN,-0.69823986,2022-12-16,2022,12,-1.1604406,-1.4074943,-1.0332136
Iraq,IRQ,-1.3769739,2022-12-16,2022,12,-1.3235512,-1.8314663,-1.7284429
Ireland,IRL,1.1264627,2022-12-16,2022,12,1.6085017,0.1886576,-1.2166443
Israel,ISR,0.5907259,2022-12-16,2022,12,0.8920551,-0.36693442,-0.6384403
Italy,ITA,-0.97613317,2022-12-16,2022,12,-0.6110904,-0.9570026,-1.0181046
Ivory Coast,CIV,-0.26862893,2022-12-16,2022,12,0.18403953,0.49829984,0.71667016
Jamaica,JAM,-1.1390673,2022-12-16,2022,12,-0.78740656,0.2419075,0.017328465
Japan,JPN,-0.8442203,2022-12-16,2022,12,-0.85401917,0.13365299,0.63366634
Jordan,JOR,0.3844331,2022-12-16,2022,12,0.51032764,-0.6447753,-0.7665313
Kazakhstan,KAZ,-0.009901441,2022-12-16,2022,12,-0.7815336,-1.5992131,-1.3925599
Kenya,KEN,0.066697545,2022-12-16,2022,12,0.48753312,1.2844782,1.7843568
Kiribati,KIR,,2022-12-16,2022,12,,,
Kosovo,-99,-0.8928427,2022-12-16,2022,12,-0.14990756,-0.7825096,0.62888724
Kuwait,KWT,-0.57570094,2022-12-16,2022,12,-1.4675524,-1.7288557,-1.5345896
Kyrgyzstan,KGZ,1.111816,2022-12-16,2022,12,0.717894,0.11929126,-1.2180061
Laos,LAO,-0.24168128,2022-12-16,2022,12,0.56959254,0.91706306,0.93861985
Latvia,LVA,-0.23349118,2022-12-16,2022,12,-1.066701,-1.3719083,-1.0015535
Lebanon,LBN,-0.8456521,2022-12-16,2022,12,0.028771784,-0.6867352,-0.7757416
Lesotho,LSO,-0.022434393,2022-12-16,2022,12,-1.0137492,-1.1869491,-0.70575094
Liberia,LBR,-0.34034836,2022-12-16,2022,12,-0.32878992,-0.1427156,0.0184517
Libya,LBY,-1.296793,2022-12-16,2022,12,-0.91834855,-1.284029,-1.4155667
Lithuania,LTU,-0.4679044,2022-12-16,2022,12,-1.1224513,-1.4638809,-0.83993006
Luxembourg,LUX,-0.067447126,2022-12-16,2022,12,0.8480335,-0.80856603,-1.6244737
Madagascar,MDG,-0.6561645,2022-12-16,2022,12,-0.79848075,-0.71648026,-0.7112489
Malawi,MWI,0.5715968,2022-12-16,2022,12,0.009299898,-0.07767029,0.44605657
Malaysia,MYS,1.4590819,2022-12-16,2022,12,1.0245638,0.66777235,0.14889182
Mali,MLI,-0.05832213,2022-12-16,2022,12,0.6115636,0.5835691,0.4136589
Mauritania,MRT,-0.9887246,2022-12-16,2022,12,0.01911603,0.15197296,0.15041618
Mauritius,MUS,-2.3809183,2022-12-16,2022,12,-2.3701937,-2.0141082,-1.2764076
Mexico,MEX,-0.119115815,2022-12-16,2022,12,0.28248242,0.40990096,0.053515546
Moldova,MDA,-0.78919923,2022-12-16,2022,12,0.094892345,-0.13273473,-0.3073587
Mongolia,MNG,0.0011959132,2022-12-16,2022,12,-1.6024843,-1.4561924,-1.3375282
Montenegro,MNE,-0.29912627,2022-12-16,2022,12,0.38246667,-0.52605146,-0.02622512
Morocco,MAR,-1.3598132,2022-12-16,2022,12,-1.4735578,-0.6931572,-0.523269
Mozambique,MOZ,0.19715534,2022-12-16,2022,12,-0.42569512,-0.38307348,-0.27569836
Myanmar,MMR,-0.27383897,2022-12-16,2022,12,-0.16779561,-0.12727691,-0.7726423
Namibia,NAM,-0.65073705,2022-12-16,2022,12,-0.6731192,-0.5449324,-0.85960674
Nepal,NPL,0.16166899,2022-12-16,2022,12,0.22430123,-0.21487144,-0.49193522
Netherlands,NLD,-0.5970068,2022-12-16,2022,12,0.1255201,-1.4882942,-1.6341832
New Caledonia,NCL,1.7698684,2022-12-16,2022,12,1.2575221,1.9453646,2.3119495
New Zealand,NZL,0.047851536,2022-12-16,2022,12,0.25063193,0.49136403,1.1067729
Nicaragua,NIC,-0.5194704,2022-12-16,2022,12,-0.112182766,-0.15644974,-0.39250433
Niger,NER,-0.13249852,2022-12-16,2022,12,0.19637237,0.5282561,0.51725876
Nigeria,NGA,0.20333919,2022-12-16,2022,12,0.096239455,0.6431128,0.64061195
North Korea,PRK,1.1454018,2022-12-16,2022,12,1.2828459,0.9746581,0.6460431
North Macedonia,MKD,-1.3489635,2022-12-16,2022,12,-0.7106756,-0.7333946,-0.11278713
Northern Cyprus,-99,-1.3273289,2022-12-16,2022,12,-0.8928427,-0.14990756,-0.7825096
Norway,-99,-0.13483922,2022-12-16,2022,12,-1.3273289,-0.8928427,-0.14990756
Oman,OMN,-1.2679496,2022-12-16,2022,12,-1.3666029,-0.790489,-0.53874284
Pakistan,PAK,-0.6150871,2022-12-16,2022,12,-0.48415047,1.0574744,1.9538058
Palestine,PSE,0.3182198,2022-12-16,2022,12,0.8970742,-0.19512983,-0.61964387
Panama,PAN,-0.97907996,2022-12-16,2022,12,-0.64660716,-0.41305333,-0.039752692
Papua New Guinea,PNG,-0.03970536,2022-12-16,2022,12,0.30089253,0.52539474,0.5025184
Paraguay,PRY,-1.212753,2022-12-16,2022,12,-0.2556177,0.51178133,-0.8185253
Peru,PER,-1.1465347,2022-12-16,2022,12,-1.2822715,-1.0617421,-0.8190456
Philippines,PHL,1.1119809,2022-12-16,2022,12,0.41926357,0.5871045,-0.15006627
Poland,POL,-0.90679395,2022-12-16,2022,12,-0.6293784,-0.7759347,-0.6561883
Portugal,PRT,1.0853728,2022-12-16,2022,12,-0.6458835,-0.5115148,-1.586808
Puerto Rico,PRI,0.110008694,2022-12-16,2022,12,0.09988591,0.28690603,0.7004519
Qatar,QAT,-1.8494148,2022-12-16,2022,12,-1.9627005,-1.4357729,-1.3991655
Republic of Serbia,SRB,-0.5927199,2022-12-16,2022,12,0.4801703,-0.22208367,-0.28018117
Republic of the Congo,COG,0.30773672,2022-12-16,2022,12,0.6488152,-0.08627297,0.4171691
Romania,ROU,-0.73346937,2022-12-16,2022,12,0.41292346,0.123456925,-0.24758582
Russia,RUS,0.24001178,2022-12-16,2022,12,0.26415843,0.03321751,0.00023435395
Rwanda,RWA,0.03784328,2022-12-16,2022,12,0.10398076,1.3459381,1.9101055
Saint Vincent and the Grenadines,VCT,1.2660046,2022-12-16,2022,12,1.6897539,1.2147121,0.57729477
Samoa,WSM,-0.12924571,2022-12-16,2022,12,0.2847933,0.3130701,0.12294542
Saudi Arabia,SAU,-0.76165265,2022-12-16,2022,12,-0.806914,-1.2066239,-1.126333
Senegal,SEN,0.4244102,2022-12-16,2022,12,1.2046974,0.8514915,0.77821076
Siachen Glacier,-99,0.5543491,2022-12-16,2022,12,-0.13483922,-1.3273289,-0.8928427
Sierra Leone,SLE,-0.19488429,2022-12-16,2022,12,-0.20723923,-0.17094737,-0.18233956
Slovakia,SVK,-0.5893457,2022-12-16,2022,12,-0.029341372,-0.051417362,-0.29781768
Slovenia,SVN,-1.031914,2022-12-16,2022,12,-0.5383165,-0.654517,-0.6257554
Solomon Islands,SLB,0.046396106,2022-12-16,2022,12,0.05968467,0.03336261,0.035438646
Somalia,SOM,-0.11633629,2022-12-16,2022,12,-0.049435332,0.09236493,0.13969918
Somaliland,-99,-1.5686152,2022-12-16,2022,12,0.5543491,-0.13483922,-1.3273289
South Africa,ZAF,-0.15161957,2022-12-16,2022,12,-1.1003873,-1.3137459,-0.95442015
South Georgia and the Islands,SGS,-2.9404082,2022-12-16,2022,12,-2.7101479,-1.4468236,-1.53157
South Korea,KOR,0.2751831,2022-12-16,2022,12,0.4510199,0.59846175,-0.023153221
South Sudan,SSD,0.32126677,2022-12-16,2022,12,0.30503392,0.47498858,0.35902303
Spain,ESP,0.03913334,2022-12-16,2022,12,-0.98963815,-1.0526133,-1.4498595
Sri Lanka,LKA,-0.26109684,2022-12-16,2022,12,-0.7849559,-0.13014896,-0.17689005
Sudan,SDN,0.16136797,2022-12-16,2022,12,0.3090397,0.41693473,0.3654968
Suriname,SUR,1.7096694,2022-12-16,2022,12,1.4124928,0.2488827,1.2176577
Sweden,SWE,0.022174586,2022-12-16,2022,12,-0.38633263,-0.41157603,-0.19147955
Switzerland,CHE,0.013295703,2022-12-16,2022,12,0.44266286,-0.12698099,-1.2895849
Syria,SYR,-1.0003891,2022-12-16,2022,12,-0.43484852,-1.377175,-1.2997411
Taiwan,TWN,0.55716395,2022-12-16,2022,12,0.3716003,-0.60561657,-0.9171876
Tajikistan,TJK,0.78187466,2022-12-16,2022,12,1.1189102,1.0759072,-0.93303674
Thailand,THA,0.84590477,2022-12-16,2022,12,1.4696687,1.6380814,1.6886009
The Bahamas,BHS,-0.32490525,2022-12-16,2022,12,-0.3201644,-0.9999795,-0.71187115
Togo,TGO,-0.042236466,2022-12-16,2022,12,0.6224032,0.86193347,0.44135723
Trinidad and Tobago,TTO,1.9000928,2022-12-16,2022,12,2.60459,1.4533765,0.56352764
Tunisia,TUN,-2.2371,2022-12-16,2022,12,-1.8275325,-1.9930677,-1.8928494
Turkey,TUR,-1.570595,2022-12-16,2022,12,-1.0091636,-0.821222,-0.6386491
Turkmenistan,TKM,-0.42044422,2022-12-16,2022,12,-0.934771,-1.6672467,-1.9669969
Uganda,UGA,0.032335967,2022-12-16,2022,12,0.040221877,1.487063,1.560442
Ukraine,UKR,0.7290461,2022-12-16,2022,12,1.2150642,0.6518028,0.29260126
United Arab Emirates,ARE,-0.82918245,2022-12-16,2022,12,-0.83335304,-0.29503047,0.027385758
United Kingdom,GBR,1.1377167,2022-12-16,2022,12,1.2349339,-0.34800175,-1.3775737
United Republic of Tanzania,TZA,0.108308084,2022-12-16,2022,12,-0.058060054,-0.49942467,0.5505338
United States Virgin Islands,VIR,-0.2953397,2022-12-16,2022,12,-0.24327552,-0.14678732,0.33068553
United States of America,USA,0.40275523,2022-12-16,2022,12,0.044893995,-0.12874356,0.012523782
Uruguay,URY,-1.5993018,2022-12-16,2022,12,-1.9147291,-1.4180608,-0.8286868
Uzbekistan,UZB,-0.3495216,2022-12-16,2022,12,-0.6325481,-1.1799574,-1.8655416
Vanuatu,VUT,0.0008540172,2022-12-16,2022,12,0.105334304,0.10346564,0.035295494
Venezuela,VEN,0.37458786,2022-12-16,2022,12,0.74878293,0.07941236,-0.14664486
Vietnam,VNM,-0.076892585,2022-12-16,2022,12,0.14400841,0.09570346,0.033653043
Western Sahara,ESH,-1.4589374,2022-12-16,2022,12,-0.9396431,-0.582081,-0.59700066
Yemen,YEM,-1.2074915,2022-12-16,2022,12,-0.50590986,0.0068426616,0.20593995
Zambia,ZMB,0.08421187,2022-12-16,2022,12,0.13842028,0.03940403,-0.045225613
Zimbabwe,ZWE,-0.16413839,2022-12-16,2022,12,-0.3311732,-0.59360224,-0.5029482
eSwatini,SWZ,0.35353094,2022-12-16,2022,12,0.10379596,-0.53126305,-0.5091282
