spei_iso3,spei,spei_date,year,month
AFG,-0.10182334,2019-01-16,2019,1
ALA,-0.5845547,2019-01-16,2019,1
ALB,-0.22967805,2019-01-16,2019,1
DZA,-1.0814188,2019-01-16,2019,1
AGO,0.09074912,2019-01-16,2019,1
ARG,0.5836947,2019-01-16,2019,1
ARM,1.0363027,2019-01-16,2019,1
AUS,-0.6767873,2019-01-16,2019,1
AUT,0.3997119,2019-01-16,2019,1
AZE,0.42078257,2019-01-16,2019,1
BGD,-0.7984906,2019-01-16,2019,1
BLR,0.0877604,2019-01-16,2019,1
BEL,-0.28694797,2019-01-16,2019,1
BLZ,-0.52690655,2019-01-16,2019,1
BEN,-1.2309334,2019-01-16,2019,1
BTN,-0.5044776,2019-01-16,2019,1
BOL,0.1145545,2019-01-16,2019,1
BIH,-0.74671865,2019-01-16,2019,1
BWA,-0.6016498,2019-01-16,2019,1
BRA,-0.11553618,2019-01-16,2019,1
BRN,-0.77071255,2019-01-16,2019,1
BGR,0.5554903,2019-01-16,2019,1
BFA,-1.4690838,2019-01-16,2019,1
BDI,0.45430762,2019-01-16,2019,1
CPV,-0.40014565,2019-01-16,2019,1
KHM,-0.35742763,2019-01-16,2019,1
CMR,0.0012856253,2019-01-16,2019,1
CAN,0.36701372,2019-01-16,2019,1
CAF,-0.4425374,2019-01-16,2019,1
TCD,-0.4856645,2019-01-16,2019,1
CHL,-0.3061873,2019-01-16,2019,1
CHN,0.2970199,2019-01-16,2019,1
COL,-0.8541299,2019-01-16,2019,1
COM,-0.6904536,2019-01-16,2019,1
CRI,-0.6310586,2019-01-16,2019,1
HRV,-1.0436542,2019-01-16,2019,1
CUB,-0.49769983,2019-01-16,2019,1
CYP,1.5762076,2019-01-16,2019,1
CZE,0.28035554,2019-01-16,2019,1
COD,0.12155283,2019-01-16,2019,1
DNK,-0.7863284,2019-01-16,2019,1
DJI,-0.67593473,2019-01-16,2019,1
DOM,-1.2693185,2019-01-16,2019,1
TLS,-1.4723969,2019-01-16,2019,1
ECU,0.5699204,2019-01-16,2019,1
EGY,-0.27481702,2019-01-16,2019,1
SLV,-1.3473574,2019-01-16,2019,1
GNQ,0.38556275,2019-01-16,2019,1
ERI,-0.40492567,2019-01-16,2019,1
EST,-0.651818,2019-01-16,2019,1
ETH,-0.17721514,2019-01-16,2019,1
FLK,-1.0266868,2019-01-16,2019,1
FRO,-0.37071964,2019-01-16,2019,1
FJI,-0.04864553,2019-01-16,2019,1
FIN,-0.4958804,2019-01-16,2019,1
FRA,-0.30680633,2019-01-16,2019,1
PYF,-0.56714064,2019-01-16,2019,1
ATF,-1.2233441,2019-01-16,2019,1
GAB,0.40726104,2019-01-16,2019,1
GMB,-1.3441417,2019-01-16,2019,1
GEO,-0.08914985,2019-01-16,2019,1
DEU,-0.089692086,2019-01-16,2019,1
GHA,-1.4353242,2019-01-16,2019,1
GRC,0.51346415,2019-01-16,2019,1
GRL,0.61293995,2019-01-16,2019,1
GTM,-0.11933477,2019-01-16,2019,1
GIN,-1.1589417,2019-01-16,2019,1
GNB,-1.5486801,2019-01-16,2019,1
GUY,-1.5020566,2019-01-16,2019,1
HTI,-1.7776701,2019-01-16,2019,1
HND,-1.6594938,2019-01-16,2019,1
HUN,-0.58740914,2019-01-16,2019,1
ISL,1.1498585,2019-01-16,2019,1
IND,-0.16808234,2019-01-16,2019,1
IDN,0.24631798,2019-01-16,2019,1
IRN,0.08598843,2019-01-16,2019,1
IRQ,0.76963055,2019-01-16,2019,1
IRL,0.57323444,2019-01-16,2019,1
ISR,0.42522418,2019-01-16,2019,1
ITA,-0.88803244,2019-01-16,2019,1
CIV,-0.917051,2019-01-16,2019,1
JAM,-0.8658481,2019-01-16,2019,1
JPN,-1.2727046,2019-01-16,2019,1
JOR,0.6421655,2019-01-16,2019,1
KAZ,0.0017879274,2019-01-16,2019,1
KEN,-0.121781096,2019-01-16,2019,1
XKX,-0.21823806,2019-01-16,2019,1
KWT,0.43336987,2019-01-16,2019,1
KGZ,0.3748812,2019-01-16,2019,1
LAO,0.7337365,2019-01-16,2019,1
LVA,-0.36423558,2019-01-16,2019,1
LBN,1.0998397,2019-01-16,2019,1
LSO,-2.041933,2019-01-16,2019,1
LBR,-0.24731897,2019-01-16,2019,1
LBY,-0.1186913,2019-01-16,2019,1
LTU,-0.1278843,2019-01-16,2019,1
LUX,0.16043182,2019-01-16,2019,1
MDG,-0.35585007,2019-01-16,2019,1
MWI,1.0812918,2019-01-16,2019,1
MYS,-0.16647883,2019-01-16,2019,1
MLI,-0.6890494,2019-01-16,2019,1
MRT,-0.46182457,2019-01-16,2019,1
MUS,1.5839245,2019-01-16,2019,1
MEX,0.38025168,2019-01-16,2019,1
MDA,0.94638586,2019-01-16,2019,1
MNG,-1.060161,2019-01-16,2019,1
MNE,-0.19391955,2019-01-16,2019,1
MAR,-1.2413234,2019-01-16,2019,1
MOZ,0.286837,2019-01-16,2019,1
MMR,0.025526252,2019-01-16,2019,1
NAM,-0.29668456,2019-01-16,2019,1
NPL,0.93363285,2019-01-16,2019,1
NLD,-0.67474395,2019-01-16,2019,1
NCL,-0.86467093,2019-01-16,2019,1
NZL,-0.86166203,2019-01-16,2019,1
NIC,-1.7622503,2019-01-16,2019,1
NER,-0.10507703,2019-01-16,2019,1
NGA,-0.09086533,2019-01-16,2019,1
PRK,-0.78325653,2019-01-16,2019,1
MKD,0.03484923,2019-01-16,2019,1
NOR,0.1762639,2019-01-16,2019,1
OMN,-1.3328019,2019-01-16,2019,1
PAK,-0.8878635,2019-01-16,2019,1
PSE,0.40297484,2019-01-16,2019,1
PAN,-0.65598416,2019-01-16,2019,1
PNG,0.17197801,2019-01-16,2019,1
PRY,0.2407671,2019-01-16,2019,1
PER,0.36061656,2019-01-16,2019,1
PHL,-0.19110076,2019-01-16,2019,1
POL,0.07322924,2019-01-16,2019,1
PRT,-0.59805876,2019-01-16,2019,1
PRI,-0.38761613,2019-01-16,2019,1
QAT,-0.21113984,2019-01-16,2019,1
SRB,-0.2798117,2019-01-16,2019,1
COG,0.5139655,2019-01-16,2019,1
ROU,0.949234,2019-01-16,2019,1
RUS,0.1489951,2019-01-16,2019,1
RWA,-0.0013662458,2019-01-16,2019,1
VCT,-1.5584279,2019-01-16,2019,1
WSM,0.33818305,2019-01-16,2019,1
SAU,0.42364115,2019-01-16,2019,1
SEN,-0.9770819,2019-01-16,2019,1
SIA,1.858379,2019-01-16,2019,1
SLE,-0.36724487,2019-01-16,2019,1
SVK,-0.36569637,2019-01-16,2019,1
SVN,-1.119756,2019-01-16,2019,1
SLB,0.07206629,2019-01-16,2019,1
SOM,0.18665783,2019-01-16,2019,1
SOL,-0.18083224,2019-01-16,2019,1
ZAF,-1.810701,2019-01-16,2019,1
SGS,-1.8647346,2019-01-16,2019,1
KOR,-0.64104307,2019-01-16,2019,1
SSD,-0.4472534,2019-01-16,2019,1
ESP,-0.44695657,2019-01-16,2019,1
LKA,-0.91295534,2019-01-16,2019,1
SDN,-0.71291333,2019-01-16,2019,1
SUR,-0.826028,2019-01-16,2019,1
SWE,-0.1838066,2019-01-16,2019,1
CHE,0.06787978,2019-01-16,2019,1
SYR,1.2708364,2019-01-16,2019,1
TWN,0.2390584,2019-01-16,2019,1
TJK,0.6749116,2019-01-16,2019,1
THA,0.1550091,2019-01-16,2019,1
BHS,-0.32459232,2019-01-16,2019,1
TGO,-1.535069,2019-01-16,2019,1
TTO,-2.416236,2019-01-16,2019,1
TUN,-0.8502675,2019-01-16,2019,1
TUR,1.3380558,2019-01-16,2019,1
TKM,0.22854963,2019-01-16,2019,1
UGA,0.29417518,2019-01-16,2019,1
UKR,0.8572409,2019-01-16,2019,1
ARE,0.013769458,2019-01-16,2019,1
GBR,-0.5689841,2019-01-16,2019,1
TZA,0.07342777,2019-01-16,2019,1
VIR,-0.19498008,2019-01-16,2019,1
USA,0.6899689,2019-01-16,2019,1
URY,2.219555,2019-01-16,2019,1
UZB,0.46338657,2019-01-16,2019,1
VUT,-0.021929296,2019-01-16,2019,1
VEN,-0.62917995,2019-01-16,2019,1
VNM,0.24423957,2019-01-16,2019,1
ESH,-0.37241307,2019-01-16,2019,1
YEM,-1.061428,2019-01-16,2019,1
ZMB,0.20863771,2019-01-16,2019,1
ZWE,0.1553532,2019-01-16,2019,1
SWZ,-1.9552495,2019-01-16,2019,1
AFG,0.16538179,2019-02-15,2019,2
ALA,0.28004837,2019-02-15,2019,2
ALB,-0.47016254,2019-02-15,2019,2
DZA,-1.2537508,2019-02-15,2019,2
AGO,0.07559092,2019-02-15,2019,2
ARG,-0.14190923,2019-02-15,2019,2
ARM,1.6398523,2019-02-15,2019,2
AUS,-1.048422,2019-02-15,2019,2
AUT,0.5178075,2019-02-15,2019,2
AZE,0.74617064,2019-02-15,2019,2
BGD,1.1792088,2019-02-15,2019,2
BLR,0.2755166,2019-02-15,2019,2
BEL,0.011934126,2019-02-15,2019,2
BLZ,-0.7078858,2019-02-15,2019,2
BEN,-0.6726852,2019-02-15,2019,2
BTN,0.9822577,2019-02-15,2019,2
BOL,-0.45051655,2019-02-15,2019,2
BIH,-1.0426068,2019-02-15,2019,2
BWA,-0.32629177,2019-02-15,2019,2
BRA,-0.30097842,2019-02-15,2019,2
BRN,-0.9942771,2019-02-15,2019,2
BGR,-0.30531394,2019-02-15,2019,2
BFA,-0.89592314,2019-02-15,2019,2
BDI,-0.036204435,2019-02-15,2019,2
CPV,-0.50758356,2019-02-15,2019,2
KHM,-0.33121607,2019-02-15,2019,2
CMR,0.12727046,2019-02-15,2019,2
CAN,0.32862702,2019-02-15,2019,2
CAF,-0.79600614,2019-02-15,2019,2
TCD,-1.1018106,2019-02-15,2019,2
CHL,-0.6254133,2019-02-15,2019,2
CHN,0.18078808,2019-02-15,2019,2
COL,-1.0076214,2019-02-15,2019,2
COM,-0.8755826,2019-02-15,2019,2
CRI,-0.5823756,2019-02-15,2019,2
HRV,-1.2906017,2019-02-15,2019,2
CUB,-0.18816328,2019-02-15,2019,2
CYP,1.5948972,2019-02-15,2019,2
CZE,0.1154935,2019-02-15,2019,2
COD,0.095151186,2019-02-15,2019,2
DNK,0.02804983,2019-02-15,2019,2
DJI,-0.9962245,2019-02-15,2019,2
DOM,-0.75978637,2019-02-15,2019,2
TLS,-2.233224,2019-02-15,2019,2
ECU,0.5172599,2019-02-15,2019,2
EGY,-0.23068024,2019-02-15,2019,2
SLV,-1.1076462,2019-02-15,2019,2
GNQ,-0.52142924,2019-02-15,2019,2
ERI,-0.79744947,2019-02-15,2019,2
EST,0.5443364,2019-02-15,2019,2
ETH,-0.7854059,2019-02-15,2019,2
FLK,-0.41971844,2019-02-15,2019,2
FRO,-0.14996319,2019-02-15,2019,2
FJI,-0.87695754,2019-02-15,2019,2
FIN,0.78088164,2019-02-15,2019,2
FRA,-0.9086028,2019-02-15,2019,2
PYF,0.09583926,2019-02-15,2019,2
ATF,1.193893,2019-02-15,2019,2
GAB,0.17160751,2019-02-15,2019,2
GMB,-1.2544765,2019-02-15,2019,2
GEO,0.30207598,2019-02-15,2019,2
DEU,0.17633824,2019-02-15,2019,2
GHA,-0.8538937,2019-02-15,2019,2
GRC,0.29170033,2019-02-15,2019,2
GRL,0.46528652,2019-02-15,2019,2
GTM,-0.652537,2019-02-15,2019,2
GIN,-0.56920105,2019-02-15,2019,2
GNB,-1.0288124,2019-02-15,2019,2
GUY,-1.2697829,2019-02-15,2019,2
HTI,-1.48192,2019-02-15,2019,2
HND,-0.71620417,2019-02-15,2019,2
HUN,-0.82422334,2019-02-15,2019,2
ISL,0.85344106,2019-02-15,2019,2
IND,0.34374827,2019-02-15,2019,2
IDN,-0.25214997,2019-02-15,2019,2
IRN,-0.042322237,2019-02-15,2019,2
IRQ,-0.15673073,2019-02-15,2019,2
IRL,-0.24225731,2019-02-15,2019,2
ISR,0.8548709,2019-02-15,2019,2
ITA,-1.0528588,2019-02-15,2019,2
CIV,-0.5452693,2019-02-15,2019,2
JAM,-0.3825291,2019-02-15,2019,2
JPN,-0.95954806,2019-02-15,2019,2
JOR,0.9828677,2019-02-15,2019,2
KAZ,-0.35631996,2019-02-15,2019,2
KEN,0.7116749,2019-02-15,2019,2
XKX,-0.60296124,2019-02-15,2019,2
KWT,-1.4055976,2019-02-15,2019,2
KGZ,0.014502076,2019-02-15,2019,2
LAO,1.1662098,2019-02-15,2019,2
LVA,0.6913871,2019-02-15,2019,2
LBN,1.4308003,2019-02-15,2019,2
LSO,-1.2474147,2019-02-15,2019,2
LBR,-0.10442618,2019-02-15,2019,2
LBY,0.25736454,2019-02-15,2019,2
LTU,0.6251632,2019-02-15,2019,2
LUX,0.47539997,2019-02-15,2019,2
MDG,-0.43492642,2019-02-15,2019,2
MWI,1.293936,2019-02-15,2019,2
MYS,-0.52937025,2019-02-15,2019,2
MLI,-0.47670943,2019-02-15,2019,2
MRT,-0.71726805,2019-02-15,2019,2
MUS,0.39701328,2019-02-15,2019,2
MEX,-0.1330123,2019-02-15,2019,2
MDA,0.24807729,2019-02-15,2019,2
MNG,-0.10573241,2019-02-15,2019,2
MNE,-0.53649086,2019-02-15,2019,2
MAR,-1.7679129,2019-02-15,2019,2
MOZ,0.2528111,2019-02-15,2019,2
MMR,0.86202306,2019-02-15,2019,2
NAM,-0.17457917,2019-02-15,2019,2
NPL,0.98483473,2019-02-15,2019,2
NLD,-0.02963626,2019-02-15,2019,2
NCL,0.15284759,2019-02-15,2019,2
NZL,-0.9886212,2019-02-15,2019,2
NIC,-1.4170235,2019-02-15,2019,2
NER,0.06624038,2019-02-15,2019,2
NGA,0.23790705,2019-02-15,2019,2
PRK,-1.6061883,2019-02-15,2019,2
MKD,-0.59783304,2019-02-15,2019,2
NOR,0.59936374,2019-02-15,2019,2
OMN,-1.2750005,2019-02-15,2019,2
PAK,0.15565403,2019-02-15,2019,2
PSE,0.815114,2019-02-15,2019,2
PAN,-0.80582446,2019-02-15,2019,2
PNG,-0.08012621,2019-02-15,2019,2
PRY,-0.827476,2019-02-15,2019,2
PER,0.30161572,2019-02-15,2019,2
PHL,-0.059102524,2019-02-15,2019,2
POL,0.3337282,2019-02-15,2019,2
PRT,-1.6788759,2019-02-15,2019,2
PRI,-0.5648288,2019-02-15,2019,2
QAT,-0.5994165,2019-02-15,2019,2
SRB,-0.56071955,2019-02-15,2019,2
COG,0.6061161,2019-02-15,2019,2
ROU,0.35160893,2019-02-15,2019,2
RUS,0.27609426,2019-02-15,2019,2
RWA,-0.37216562,2019-02-15,2019,2
VCT,-1.8715507,2019-02-15,2019,2
WSM,1.0100273,2019-02-15,2019,2
SAU,0.084443495,2019-02-15,2019,2
SEN,-0.99121755,2019-02-15,2019,2
SIA,1.3846908,2019-02-15,2019,2
SLE,-0.20552367,2019-02-15,2019,2
SVK,-0.43772846,2019-02-15,2019,2
SVN,-1.1532017,2019-02-15,2019,2
SLB,0.042715006,2019-02-15,2019,2
SOM,-0.66349924,2019-02-15,2019,2
SOL,-0.5381979,2019-02-15,2019,2
ZAF,-1.2204827,2019-02-15,2019,2
SGS,-2.0876002,2019-02-15,2019,2
KOR,-0.85170496,2019-02-15,2019,2
SSD,-0.8052595,2019-02-15,2019,2
ESP,-1.8005579,2019-02-15,2019,2
LKA,-0.5825312,2019-02-15,2019,2
SDN,-0.82791054,2019-02-15,2019,2
SUR,-1.2484992,2019-02-15,2019,2
SWE,0.5225956,2019-02-15,2019,2
CHE,0.36724076,2019-02-15,2019,2
SYR,1.1747768,2019-02-15,2019,2
TWN,-0.20247367,2019-02-15,2019,2
TJK,-0.18633519,2019-02-15,2019,2
THA,0.7094658,2019-02-15,2019,2
BHS,0.45336178,2019-02-15,2019,2
TGO,-0.93800735,2019-02-15,2019,2
TTO,-2.2321162,2019-02-15,2019,2
TUN,-0.6264791,2019-02-15,2019,2
TUR,1.3766396,2019-02-15,2019,2
TKM,0.5402765,2019-02-15,2019,2
UGA,0.8021758,2019-02-15,2019,2
UKR,0.668312,2019-02-15,2019,2
ARE,-0.017916514,2019-02-15,2019,2
GBR,-0.94612706,2019-02-15,2019,2
TZA,-0.021003693,2019-02-15,2019,2
VIR,-0.6187411,2019-02-15,2019,2
USA,1.0032333,2019-02-15,2019,2
URY,1.6878042,2019-02-15,2019,2
UZB,0.09837133,2019-02-15,2019,2
VUT,0.09805446,2019-02-15,2019,2
VEN,-0.6378819,2019-02-15,2019,2
VNM,0.6123382,2019-02-15,2019,2
ESH,-0.88618124,2019-02-15,2019,2
YEM,-1.0053806,2019-02-15,2019,2
ZMB,0.16444872,2019-02-15,2019,2
ZWE,0.13480398,2019-02-15,2019,2
SWZ,-0.9924674,2019-02-15,2019,2
AFG,0.7164733,2019-03-16,2019,3
ALA,1.1596091,2019-03-16,2019,3
ALB,-0.6255829,2019-03-16,2019,3
DZA,-0.5180652,2019-03-16,2019,3
AGO,0.076445304,2019-03-16,2019,3
ARG,0.1667355,2019-03-16,2019,3
ARM,0.771645,2019-03-16,2019,3
AUS,-0.8929997,2019-03-16,2019,3
AUT,-0.28448966,2019-03-16,2019,3
AZE,0.34052488,2019-03-16,2019,3
BGD,1.0899463,2019-03-16,2019,3
BLR,-0.6118637,2019-03-16,2019,3
BEL,-0.04304186,2019-03-16,2019,3
BLZ,-0.864034,2019-03-16,2019,3
BEN,-0.5639366,2019-03-16,2019,3
BTN,0.365998,2019-03-16,2019,3
BOL,-0.8231644,2019-03-16,2019,3
BIH,-1.3798658,2019-03-16,2019,3
BWA,-0.47903395,2019-03-16,2019,3
BRA,-0.34667435,2019-03-16,2019,3
BRN,-1.4311981,2019-03-16,2019,3
BGR,-1.1767316,2019-03-16,2019,3
BFA,-0.20680636,2019-03-16,2019,3
BDI,-1.7624912,2019-03-16,2019,3
CPV,0.26026055,2019-03-16,2019,3
KHM,-0.15672389,2019-03-16,2019,3
CMR,0.1528231,2019-03-16,2019,3
CAN,-0.074866906,2019-03-16,2019,3
CAF,-0.4714316,2019-03-16,2019,3
TCD,-1.1500866,2019-03-16,2019,3
CHL,-0.17724389,2019-03-16,2019,3
CHN,-0.6264081,2019-03-16,2019,3
COL,-0.3220051,2019-03-16,2019,3
COM,-1.9016781,2019-03-16,2019,3
CRI,-0.17386988,2019-03-16,2019,3
HRV,-1.3726158,2019-03-16,2019,3
CUB,0.08285605,2019-03-16,2019,3
CYP,1.2688282,2019-03-16,2019,3
CZE,-0.9569414,2019-03-16,2019,3
COD,-0.17670408,2019-03-16,2019,3
DNK,0.9920071,2019-03-16,2019,3
DJI,-0.7716484,2019-03-16,2019,3
DOM,-0.70591426,2019-03-16,2019,3
TLS,-2.1198945,2019-03-16,2019,3
ECU,0.73207134,2019-03-16,2019,3
EGY,-0.07987475,2019-03-16,2019,3
SLV,-0.97784334,2019-03-16,2019,3
GNQ,0.37692326,2019-03-16,2019,3
ERI,-0.8974956,2019-03-16,2019,3
EST,1.4263796,2019-03-16,2019,3
ETH,-0.62635434,2019-03-16,2019,3
FLK,0.61734265,2019-03-16,2019,3
FRO,0.048404835,2019-03-16,2019,3
FJI,-0.5398555,2019-03-16,2019,3
FIN,1.5658314,2019-03-16,2019,3
FRA,-1.4240361,2019-03-16,2019,3
PYF,0.7244219,2019-03-16,2019,3
ATF,1.8758461,2019-03-16,2019,3
GAB,0.17446771,2019-03-16,2019,3
GMB,-0.33259964,2019-03-16,2019,3
GEO,0.09197848,2019-03-16,2019,3
DEU,-0.23375395,2019-03-16,2019,3
GHA,-0.20543222,2019-03-16,2019,3
GRC,-0.023193186,2019-03-16,2019,3
GRL,0.34193188,2019-03-16,2019,3
GTM,-1.1343383,2019-03-16,2019,3
GIN,0.53872275,2019-03-16,2019,3
GNB,-0.433097,2019-03-16,2019,3
GUY,-1.3501827,2019-03-16,2019,3
HTI,-1.3521142,2019-03-16,2019,3
HND,-0.39124647,2019-03-16,2019,3
HUN,-1.5986915,2019-03-16,2019,3
ISL,0.9568302,2019-03-16,2019,3
IND,-0.039683968,2019-03-16,2019,3
IDN,-0.4389686,2019-03-16,2019,3
IRN,0.7797846,2019-03-16,2019,3
IRQ,0.22494309,2019-03-16,2019,3
IRL,0.04194855,2019-03-16,2019,3
ISR,0.72451866,2019-03-16,2019,3
ITA,-1.1487827,2019-03-16,2019,3
CIV,-0.14479698,2019-03-16,2019,3
JAM,-0.06444986,2019-03-16,2019,3
JPN,-1.4229342,2019-03-16,2019,3
JOR,1.0299802,2019-03-16,2019,3
KAZ,-0.7536264,2019-03-16,2019,3
KEN,0.9780663,2019-03-16,2019,3
XKX,-1.2681562,2019-03-16,2019,3
KWT,-0.7300821,2019-03-16,2019,3
KGZ,-0.5034579,2019-03-16,2019,3
LAO,-0.3104166,2019-03-16,2019,3
LVA,1.0848883,2019-03-16,2019,3
LBN,1.2495143,2019-03-16,2019,3
LSO,-0.5929006,2019-03-16,2019,3
LBR,-0.1633273,2019-03-16,2019,3
LBY,0.28246558,2019-03-16,2019,3
LTU,0.29911274,2019-03-16,2019,3
LUX,0.018899245,2019-03-16,2019,3
MDG,0.27526978,2019-03-16,2019,3
MWI,1.3802443,2019-03-16,2019,3
MYS,-1.2588993,2019-03-16,2019,3
MLI,-0.034489404,2019-03-16,2019,3
MRT,-0.21682292,2019-03-16,2019,3
MUS,-0.5717622,2019-03-16,2019,3
MEX,-0.23289314,2019-03-16,2019,3
MDA,-1.0045575,2019-03-16,2019,3
MNG,-1.357212,2019-03-16,2019,3
MNE,-1.0234196,2019-03-16,2019,3
MAR,-1.4043089,2019-03-16,2019,3
MOZ,0.4609419,2019-03-16,2019,3
MMR,0.20066267,2019-03-16,2019,3
NAM,-0.124262266,2019-03-16,2019,3
NPL,0.77887774,2019-03-16,2019,3
NLD,0.3848436,2019-03-16,2019,3
NCL,-0.35668468,2019-03-16,2019,3
NZL,-0.2718719,2019-03-16,2019,3
NIC,-0.9117751,2019-03-16,2019,3
NER,-0.27368075,2019-03-16,2019,3
NGA,-0.37537774,2019-03-16,2019,3
PRK,-1.870666,2019-03-16,2019,3
MKD,-1.1573206,2019-03-16,2019,3
NOR,0.9556221,2019-03-16,2019,3
OMN,-1.192142,2019-03-16,2019,3
PAK,1.1450487,2019-03-16,2019,3
PSE,0.7713537,2019-03-16,2019,3
PAN,-0.6725188,2019-03-16,2019,3
PNG,0.24022289,2019-03-16,2019,3
PRY,0.5913198,2019-03-16,2019,3
PER,0.18557903,2019-03-16,2019,3
PHL,-0.8374859,2019-03-16,2019,3
POL,-0.5131874,2019-03-16,2019,3
PRT,-1.6203494,2019-03-16,2019,3
PRI,-0.6742499,2019-03-16,2019,3
QAT,1.2948674,2019-03-16,2019,3
SRB,-1.4625406,2019-03-16,2019,3
COG,-0.39973325,2019-03-16,2019,3
ROU,-1.0944289,2019-03-16,2019,3
RUS,0.21387047,2019-03-16,2019,3
RWA,-1.9202694,2019-03-16,2019,3
VCT,-1.8145012,2019-03-16,2019,3
WSM,0.6315718,2019-03-16,2019,3
SAU,0.4133262,2019-03-16,2019,3
SEN,-0.15659201,2019-03-16,2019,3
SIA,1.3029143,2019-03-16,2019,3
SLE,-0.06540632,2019-03-16,2019,3
SVK,-1.2579615,2019-03-16,2019,3
SVN,-1.0160362,2019-03-16,2019,3
SLB,0.03714139,2019-03-16,2019,3
SOM,-0.6616624,2019-03-16,2019,3
SOL,-0.56484663,2019-03-16,2019,3
ZAF,-1.0118772,2019-03-16,2019,3
SGS,-0.3491294,2019-03-16,2019,3
KOR,-1.3795905,2019-03-16,2019,3
SSD,-0.74655014,2019-03-16,2019,3
ESP,-1.881451,2019-03-16,2019,3
LKA,-0.65940374,2019-03-16,2019,3
SDN,-0.876637,2019-03-16,2019,3
SUR,-1.6227682,2019-03-16,2019,3
SWE,1.1972731,2019-03-16,2019,3
CHE,-0.54945123,2019-03-16,2019,3
SYR,1.0282696,2019-03-16,2019,3
TWN,0.11541506,2019-03-16,2019,3
TJK,-0.31931865,2019-03-16,2019,3
THA,-0.35465062,2019-03-16,2019,3
BHS,0.33836165,2019-03-16,2019,3
TGO,-0.47104067,2019-03-16,2019,3
TTO,-1.3468213,2019-03-16,2019,3
TUN,0.402025,2019-03-16,2019,3
TUR,0.20799471,2019-03-16,2019,3
TKM,0.5823409,2019-03-16,2019,3
UGA,0.6231801,2019-03-16,2019,3
UKR,-0.83192086,2019-03-16,2019,3
ARE,0.4909988,2019-03-16,2019,3
GBR,-0.63381034,2019-03-16,2019,3
TZA,-0.14335771,2019-03-16,2019,3
VIR,-0.88199407,2019-03-16,2019,3
USA,0.82962084,2019-03-16,2019,3
URY,0.97007674,2019-03-16,2019,3
UZB,-0.18761468,2019-03-16,2019,3
VUT,0.08408911,2019-03-16,2019,3
VEN,-0.61151236,2019-03-16,2019,3
VNM,0.23435311,2019-03-16,2019,3
ESH,-0.685942,2019-03-16,2019,3
YEM,-0.5689314,2019-03-16,2019,3
ZMB,0.064616434,2019-03-16,2019,3
ZWE,0.19868824,2019-03-16,2019,3
SWZ,-0.10614137,2019-03-16,2019,3
AFG,1.1403052,2019-04-16,2019,4
ALA,-0.62008643,2019-04-16,2019,4
ALB,-1.2396582,2019-04-16,2019,4
DZA,-0.49394283,2019-04-16,2019,4
AGO,0.093374446,2019-04-16,2019,4
ARG,-0.19251855,2019-04-16,2019,4
ARM,0.8288189,2019-04-16,2019,4
AUS,-0.7102595,2019-04-16,2019,4
AUT,-1.3368754,2019-04-16,2019,4
AZE,0.49205315,2019-04-16,2019,4
BGD,1.0980076,2019-04-16,2019,4
BLR,-2.2732158,2019-04-16,2019,4
BEL,-0.5803948,2019-04-16,2019,4
BLZ,0.2445876,2019-04-16,2019,4
BEN,-0.11917389,2019-04-16,2019,4
BTN,0.42338437,2019-04-16,2019,4
BOL,-0.595699,2019-04-16,2019,4
BIH,-1.2567276,2019-04-16,2019,4
BWA,-0.28774974,2019-04-16,2019,4
BRA,-0.018939193,2019-04-16,2019,4
BRN,-1.3997929,2019-04-16,2019,4
BGR,-1.1252776,2019-04-16,2019,4
BFA,0.08057756,2019-04-16,2019,4
BDI,-2.8133492,2019-04-16,2019,4
CPV,0.30310446,2019-04-16,2019,4
KHM,-0.19808765,2019-04-16,2019,4
CMR,-0.17546996,2019-04-16,2019,4
CAN,-0.20842145,2019-04-16,2019,4
CAF,-0.3556529,2019-04-16,2019,4
TCD,-0.88440424,2019-04-16,2019,4
CHL,-0.1007794,2019-04-16,2019,4
CHN,-0.753716,2019-04-16,2019,4
COL,-0.3917174,2019-04-16,2019,4
COM,0.009760522,2019-04-16,2019,4
CRI,0.3622593,2019-04-16,2019,4
HRV,-1.1425192,2019-04-16,2019,4
CUB,0.0536824,2019-04-16,2019,4
CYP,0.82427853,2019-04-16,2019,4
CZE,-1.8572505,2019-04-16,2019,4
COD,-0.14715447,2019-04-16,2019,4
DNK,-0.33583838,2019-04-16,2019,4
DJI,-0.1807503,2019-04-16,2019,4
DOM,-0.36661,2019-04-16,2019,4
TLS,-1.9887096,2019-04-16,2019,4
ECU,0.21522468,2019-04-16,2019,4
EGY,0.12763377,2019-04-16,2019,4
SLV,-0.6888695,2019-04-16,2019,4
GNQ,0.42445076,2019-04-16,2019,4
ERI,-0.7627932,2019-04-16,2019,4
EST,-1.0085584,2019-04-16,2019,4
ETH,0.036303457,2019-04-16,2019,4
FLK,0.43515304,2019-04-16,2019,4
FRO,-0.102332,2019-04-16,2019,4
FJI,-0.03152899,2019-04-16,2019,4
FIN,0.3824153,2019-04-16,2019,4
FRA,-1.2849857,2019-04-16,2019,4
PYF,0.053491082,2019-04-16,2019,4
ATF,1.5130484,2019-04-16,2019,4
GAB,0.21857564,2019-04-16,2019,4
GMB,-0.0046028197,2019-04-16,2019,4
GEO,0.2265504,2019-04-16,2019,4
DEU,-1.3457615,2019-04-16,2019,4
GHA,-0.01939842,2019-04-16,2019,4
GRC,-0.67198735,2019-04-16,2019,4
GRL,0.119246714,2019-04-16,2019,4
GTM,-1.0084139,2019-04-16,2019,4
GIN,0.40669027,2019-04-16,2019,4
GNB,-0.18253794,2019-04-16,2019,4
GUY,-1.5128418,2019-04-16,2019,4
HTI,-1.1967894,2019-04-16,2019,4
HND,-0.49519002,2019-04-16,2019,4
HUN,-1.8404639,2019-04-16,2019,4
ISL,0.5201673,2019-04-16,2019,4
IND,-0.24271579,2019-04-16,2019,4
IDN,-0.3864542,2019-04-16,2019,4
IRN,1.277201,2019-04-16,2019,4
IRQ,0.8592354,2019-04-16,2019,4
IRL,1.0144067,2019-04-16,2019,4
ISR,1.0140634,2019-04-16,2019,4
ITA,-1.2212169,2019-04-16,2019,4
CIV,-0.025284842,2019-04-16,2019,4
JAM,0.4131349,2019-04-16,2019,4
JPN,-1.2110718,2019-04-16,2019,4
JOR,1.0642065,2019-04-16,2019,4
KAZ,-0.42945752,2019-04-16,2019,4
KEN,0.55996144,2019-04-16,2019,4
XKX,-1.639514,2019-04-16,2019,4
KWT,0.10588521,2019-04-16,2019,4
KGZ,0.6826799,2019-04-16,2019,4
LAO,-1.0256128,2019-04-16,2019,4
LVA,-1.6959068,2019-04-16,2019,4
LBN,1.1517702,2019-04-16,2019,4
LSO,0.83126956,2019-04-16,2019,4
LBR,-0.04113333,2019-04-16,2019,4
LBY,0.38496068,2019-04-16,2019,4
LTU,-2.0452268,2019-04-16,2019,4
LUX,-0.5583329,2019-04-16,2019,4
MDG,0.33826625,2019-04-16,2019,4
MWI,1.324824,2019-04-16,2019,4
MYS,-1.3769717,2019-04-16,2019,4
MLI,0.17655404,2019-04-16,2019,4
MRT,-0.113098584,2019-04-16,2019,4
MUS,-1.784072,2019-04-16,2019,4
MEX,-0.5538309,2019-04-16,2019,4
MDA,-1.599718,2019-04-16,2019,4
MNG,-1.6666334,2019-04-16,2019,4
MNE,-1.4832503,2019-04-16,2019,4
MAR,-1.1882982,2019-04-16,2019,4
MOZ,0.61086756,2019-04-16,2019,4
MMR,-0.8862015,2019-04-16,2019,4
NAM,-0.12586293,2019-04-16,2019,4
NPL,0.92106897,2019-04-16,2019,4
NLD,-0.50858897,2019-04-16,2019,4
NCL,0.3877841,2019-04-16,2019,4
NZL,0.72270685,2019-04-16,2019,4
NIC,-0.84660345,2019-04-16,2019,4
NER,-0.023008352,2019-04-16,2019,4
NGA,-0.5347143,2019-04-16,2019,4
PRK,-1.6710972,2019-04-16,2019,4
MKD,-1.56419,2019-04-16,2019,4
NOR,0.33670995,2019-04-16,2019,4
OMN,-0.5906896,2019-04-16,2019,4
PAK,1.2421991,2019-04-16,2019,4
PSE,0.9864387,2019-04-16,2019,4
PAN,-0.4588743,2019-04-16,2019,4
PNG,0.15693828,2019-04-16,2019,4
PRY,1.3169261,2019-04-16,2019,4
PER,0.017697928,2019-04-16,2019,4
PHL,-0.8868007,2019-04-16,2019,4
POL,-1.9434049,2019-04-16,2019,4
PRT,-1.4207039,2019-04-16,2019,4
PRI,-0.39084005,2019-04-16,2019,4
QAT,1.8541485,2019-04-16,2019,4
SRB,-1.5906447,2019-04-16,2019,4
COG,-0.21439411,2019-04-16,2019,4
ROU,-1.4494097,2019-04-16,2019,4
RUS,-0.1459789,2019-04-16,2019,4
RWA,-2.9745266,2019-04-16,2019,4
VCT,-1.3446182,2019-04-16,2019,4
WSM,1.0136188,2019-04-16,2019,4
SAU,0.25792086,2019-04-16,2019,4
SEN,0.09004161,2019-04-16,2019,4
SIA,0.33459347,2019-04-16,2019,4
SLE,0.008615388,2019-04-16,2019,4
SVK,-1.7881604,2019-04-16,2019,4
SVN,-0.68840265,2019-04-16,2019,4
SLB,-0.00087223406,2019-04-16,2019,4
SOM,-0.4720305,2019-04-16,2019,4
SOL,-0.1918253,2019-04-16,2019,4
ZAF,-0.50793475,2019-04-16,2019,4
SGS,-0.5185107,2019-04-16,2019,4
KOR,-0.8908161,2019-04-16,2019,4
SSD,-0.4228242,2019-04-16,2019,4
ESP,-1.3364875,2019-04-16,2019,4
LKA,-0.3300726,2019-04-16,2019,4
SDN,-0.58497494,2019-04-16,2019,4
SUR,-1.4166504,2019-04-16,2019,4
SWE,0.20240115,2019-04-16,2019,4
CHE,-0.98995477,2019-04-16,2019,4
SYR,1.3470592,2019-04-16,2019,4
TWN,0.21977392,2019-04-16,2019,4
TJK,0.6396139,2019-04-16,2019,4
THA,-1.3380516,2019-04-16,2019,4
BHS,-0.067853875,2019-04-16,2019,4
TGO,-0.1374068,2019-04-16,2019,4
TTO,-0.2565789,2019-04-16,2019,4
TUN,0.34563363,2019-04-16,2019,4
TUR,0.1369722,2019-04-16,2019,4
TKM,1.4648619,2019-04-16,2019,4
UGA,0.11748196,2019-04-16,2019,4
UKR,-1.6852638,2019-04-16,2019,4
ARE,0.7970002,2019-04-16,2019,4
GBR,-0.18901628,2019-04-16,2019,4
TZA,-0.010629939,2019-04-16,2019,4
VIR,-0.5176307,2019-04-16,2019,4
USA,0.8239999,2019-04-16,2019,4
URY,-0.65546745,2019-04-16,2019,4
UZB,0.4508373,2019-04-16,2019,4
VUT,0.027518546,2019-04-16,2019,4
VEN,-0.46414462,2019-04-16,2019,4
VNM,-0.1376876,2019-04-16,2019,4
ESH,-0.78524417,2019-04-16,2019,4
YEM,-0.41787204,2019-04-16,2019,4
ZMB,0.13193083,2019-04-16,2019,4
ZWE,0.10388845,2019-04-16,2019,4
SWZ,0.3892866,2019-04-16,2019,4
AFG,0.903288,2019-05-16,2019,5
ALA,-0.4103405,2019-05-16,2019,5
ALB,0.2931752,2019-05-16,2019,5
DZA,-0.7388746,2019-05-16,2019,5
AGO,0.11706918,2019-05-16,2019,5
ARG,0.3334605,2019-05-16,2019,5
ARM,-0.09610747,2019-05-16,2019,5
AUS,-0.46610346,2019-05-16,2019,5
AUT,0.90199846,2019-05-16,2019,5
AZE,-0.28148362,2019-05-16,2019,5
BGD,0.014514138,2019-05-16,2019,5
BLR,-1.1599407,2019-05-16,2019,5
BEL,-0.26380697,2019-05-16,2019,5
BLZ,-0.41169262,2019-05-16,2019,5
BEN,-0.13514158,2019-05-16,2019,5
BTN,0.12342659,2019-05-16,2019,5
BOL,-0.52495617,2019-05-16,2019,5
BIH,1.1022447,2019-05-16,2019,5
BWA,-0.3920546,2019-05-16,2019,5
BRA,0.15938053,2019-05-16,2019,5
BRN,-1.564087,2019-05-16,2019,5
BGR,-0.5681485,2019-05-16,2019,5
BFA,-0.08536396,2019-05-16,2019,5
BDI,-2.0309825,2019-05-16,2019,5
CPV,0.37930438,2019-05-16,2019,5
KHM,-0.40130287,2019-05-16,2019,5
CMR,-0.17429166,2019-05-16,2019,5
CAN,-0.48840302,2019-05-16,2019,5
CAF,-0.36218402,2019-05-16,2019,5
TCD,-0.52468026,2019-05-16,2019,5
CHL,-0.046162177,2019-05-16,2019,5
CHN,-0.56686944,2019-05-16,2019,5
COL,0.008682205,2019-05-16,2019,5
COM,1.141891,2019-05-16,2019,5
CRI,1.1053927,2019-05-16,2019,5
HRV,1.0259206,2019-05-16,2019,5
CUB,0.048941858,2019-05-16,2019,5
CYP,0.5078801,2019-05-16,2019,5
CZE,0.033066522,2019-05-16,2019,5
COD,-0.079665415,2019-05-16,2019,5
DNK,0.36469004,2019-05-16,2019,5
DJI,0.021846816,2019-05-16,2019,5
DOM,-0.04776545,2019-05-16,2019,5
TLS,-1.6370245,2019-05-16,2019,5
ECU,0.8247212,2019-05-16,2019,5
EGY,-0.2759986,2019-05-16,2019,5
SLV,-0.39183918,2019-05-16,2019,5
GNQ,0.4393447,2019-05-16,2019,5
ERI,-0.5958621,2019-05-16,2019,5
EST,-0.29241166,2019-05-16,2019,5
ETH,0.23437102,2019-05-16,2019,5
FLK,-0.08043559,2019-05-16,2019,5
FRO,-0.33720964,2019-05-16,2019,5
FJI,0.39881226,2019-05-16,2019,5
FIN,0.6636586,2019-05-16,2019,5
FRA,-0.7492424,2019-05-16,2019,5
PYF,-0.25401178,2019-05-16,2019,5
ATF,1.1110919,2019-05-16,2019,5
GAB,0.19161645,2019-05-16,2019,5
GMB,0.07632227,2019-05-16,2019,5
GEO,-0.46212167,2019-05-16,2019,5
DEU,-0.31831524,2019-05-16,2019,5
GHA,-0.05858512,2019-05-16,2019,5
GRC,-0.49155608,2019-05-16,2019,5
GRL,-0.052129295,2019-05-16,2019,5
GTM,0.108636096,2019-05-16,2019,5
GIN,0.2472579,2019-05-16,2019,5
GNB,0.1307684,2019-05-16,2019,5
GUY,-0.84803164,2019-05-16,2019,5
HTI,0.82162696,2019-05-16,2019,5
HND,-0.6077969,2019-05-16,2019,5
HUN,0.3265254,2019-05-16,2019,5
ISL,-0.21888337,2019-05-16,2019,5
IND,-0.49171236,2019-05-16,2019,5
IDN,-0.4620285,2019-05-16,2019,5
IRN,1.2445346,2019-05-16,2019,5
IRQ,0.6074119,2019-05-16,2019,5
IRL,0.7560346,2019-05-16,2019,5
ISR,0.16165261,2019-05-16,2019,5
ITA,0.25855318,2019-05-16,2019,5
CIV,-0.18613172,2019-05-16,2019,5
JAM,0.5241133,2019-05-16,2019,5
JPN,-1.6127573,2019-05-16,2019,5
JOR,-0.04902092,2019-05-16,2019,5
KAZ,-0.8097599,2019-05-16,2019,5
KEN,0.41762906,2019-05-16,2019,5
XKX,0.27829167,2019-05-16,2019,5
KWT,0.19276887,2019-05-16,2019,5
KGZ,-0.12165744,2019-05-16,2019,5
LAO,-1.1484251,2019-05-16,2019,5
LVA,-0.9725931,2019-05-16,2019,5
LBN,0.6797156,2019-05-16,2019,5
LSO,0.6045332,2019-05-16,2019,5
LBR,-0.102466784,2019-05-16,2019,5
LBY,0.06674164,2019-05-16,2019,5
LTU,-1.3005577,2019-05-16,2019,5
LUX,0.044913866,2019-05-16,2019,5
MDG,0.5912939,2019-05-16,2019,5
MWI,1.086643,2019-05-16,2019,5
MYS,-1.2126362,2019-05-16,2019,5
MLI,0.09427881,2019-05-16,2019,5
MRT,-0.23810276,2019-05-16,2019,5
MUS,-1.3682191,2019-05-16,2019,5
MEX,-0.42226505,2019-05-16,2019,5
MDA,-0.80704314,2019-05-16,2019,5
MNG,-1.4892505,2019-05-16,2019,5
MNE,0.8423229,2019-05-16,2019,5
MAR,-1.1905854,2019-05-16,2019,5
MOZ,0.75695604,2019-05-16,2019,5
MMR,-1.3397493,2019-05-16,2019,5
NAM,-0.22526267,2019-05-16,2019,5
NPL,0.102908775,2019-05-16,2019,5
NLD,-0.1951815,2019-05-16,2019,5
NCL,-0.91608053,2019-05-16,2019,5
NZL,1.1480132,2019-05-16,2019,5
NIC,0.13642173,2019-05-16,2019,5
NER,0.014046897,2019-05-16,2019,5
NGA,-0.56340796,2019-05-16,2019,5
PRK,-1.9584236,2019-05-16,2019,5
MKD,-0.3803009,2019-05-16,2019,5
NOR,0.26482847,2019-05-16,2019,5
OMN,-0.7314788,2019-05-16,2019,5
PAK,1.0781782,2019-05-16,2019,5
PSE,0.34240565,2019-05-16,2019,5
PAN,0.44706646,2019-05-16,2019,5
PNG,0.2672351,2019-05-16,2019,5
PRY,1.8607128,2019-05-16,2019,5
PER,0.062347464,2019-05-16,2019,5
PHL,-0.40083662,2019-05-16,2019,5
POL,-0.4377371,2019-05-16,2019,5
PRT,-1.5803558,2019-05-16,2019,5
PRI,-0.7594187,2019-05-16,2019,5
QAT,1.906535,2019-05-16,2019,5
SRB,0.69439095,2019-05-16,2019,5
COG,-0.24376935,2019-05-16,2019,5
ROU,0.40285033,2019-05-16,2019,5
RUS,-0.37251395,2019-05-16,2019,5
RWA,-1.9160877,2019-05-16,2019,5
VCT,-1.1594462,2019-05-16,2019,5
WSM,0.36671746,2019-05-16,2019,5
SAU,0.058919206,2019-05-16,2019,5
SEN,0.1845994,2019-05-16,2019,5
SIA,-0.11075283,2019-05-16,2019,5
SLE,0.01341145,2019-05-16,2019,5
SVK,0.31643778,2019-05-16,2019,5
SVN,1.1385081,2019-05-16,2019,5
SLB,0.002725708,2019-05-16,2019,5
SOM,-0.22252019,2019-05-16,2019,5
SOL,0.10075481,2019-05-16,2019,5
ZAF,-0.7009334,2019-05-16,2019,5
SGS,0.16891283,2019-05-16,2019,5
KOR,-1.6717342,2019-05-16,2019,5
SSD,-0.3171265,2019-05-16,2019,5
ESP,-1.3862104,2019-05-16,2019,5
LKA,-1.8628701,2019-05-16,2019,5
SDN,-0.64442337,2019-05-16,2019,5
SUR,-0.8761246,2019-05-16,2019,5
SWE,0.4437344,2019-05-16,2019,5
CHE,0.27148885,2019-05-16,2019,5
SYR,0.7625949,2019-05-16,2019,5
TWN,0.35725367,2019-05-16,2019,5
TJK,0.5784267,2019-05-16,2019,5
THA,-1.2075586,2019-05-16,2019,5
BHS,0.22412151,2019-05-16,2019,5
TGO,-0.11589249,2019-05-16,2019,5
TTO,-0.977528,2019-05-16,2019,5
TUN,0.5676849,2019-05-16,2019,5
TUR,-0.24139829,2019-05-16,2019,5
TKM,0.8384344,2019-05-16,2019,5
UGA,0.12767446,2019-05-16,2019,5
UKR,-0.294584,2019-05-16,2019,5
ARE,0.58089715,2019-05-16,2019,5
GBR,0.09297968,2019-05-16,2019,5
TZA,0.52580297,2019-05-16,2019,5
VIR,-1.0579804,2019-05-16,2019,5
USA,0.7364165,2019-05-16,2019,5
URY,0.09775699,2019-05-16,2019,5
UZB,-0.026223928,2019-05-16,2019,5
VUT,0.008577898,2019-05-16,2019,5
VEN,-0.33753383,2019-05-16,2019,5
VNM,-0.36875987,2019-05-16,2019,5
ESH,-1.2230504,2019-05-16,2019,5
YEM,-0.21132177,2019-05-16,2019,5
ZMB,0.1700552,2019-05-16,2019,5
ZWE,0.22818093,2019-05-16,2019,5
SWZ,-0.2999305,2019-05-16,2019,5
AFG,0.76488924,2019-06-16,2019,6
ALA,-1.5549352,2019-06-16,2019,6
ALB,1.1068038,2019-06-16,2019,6
DZA,-1.1169595,2019-06-16,2019,6
AGO,0.13126524,2019-06-16,2019,6
ARG,0.23479155,2019-06-16,2019,6
ARM,-1.1948647,2019-06-16,2019,6
AUS,-0.42287087,2019-06-16,2019,6
AUT,-0.13673091,2019-06-16,2019,6
AZE,-1.2500118,2019-06-16,2019,6
BGD,-1.3119745,2019-06-16,2019,6
BLR,-1.7484145,2019-06-16,2019,6
BEL,-1.0032673,2019-06-16,2019,6
BLZ,-0.61440927,2019-06-16,2019,6
BEN,-0.036636703,2019-06-16,2019,6
BTN,-1.1361831,2019-06-16,2019,6
BOL,-1.0440158,2019-06-16,2019,6
BIH,1.3138211,2019-06-16,2019,6
BWA,-0.27854574,2019-06-16,2019,6
BRA,0.02880949,2019-06-16,2019,6
BRN,-0.2670861,2019-06-16,2019,6
BGR,0.071790695,2019-06-16,2019,6
BFA,-0.27052373,2019-06-16,2019,6
BDI,-1.1911416,2019-06-16,2019,6
CPV,0.27106884,2019-06-16,2019,6
KHM,-0.5119546,2019-06-16,2019,6
CMR,-0.021880712,2019-06-16,2019,6
CAN,-0.14576906,2019-06-16,2019,6
CAF,-0.06345743,2019-06-16,2019,6
TCD,-0.38518634,2019-06-16,2019,6
CHL,-0.25469208,2019-06-16,2019,6
CHN,-0.15891193,2019-06-16,2019,6
COL,-0.22693048,2019-06-16,2019,6
COM,1.5814356,2019-06-16,2019,6
CRI,1.3124231,2019-06-16,2019,6
HRV,1.0544027,2019-06-16,2019,6
CUB,-0.5933052,2019-06-16,2019,6
CYP,0.08166964,2019-06-16,2019,6
CZE,-0.9014536,2019-06-16,2019,6
COD,0.08112283,2019-06-16,2019,6
DNK,-1.0493944,2019-06-16,2019,6
DJI,0.38610324,2019-06-16,2019,6
DOM,-0.8937149,2019-06-16,2019,6
TLS,-0.9053225,2019-06-16,2019,6
ECU,0.35615185,2019-06-16,2019,6
EGY,-1.0481324,2019-06-16,2019,6
SLV,-1.0455357,2019-06-16,2019,6
GNQ,0.07715373,2019-06-16,2019,6
ERI,-0.09468653,2019-06-16,2019,6
EST,-1.6724081,2019-06-16,2019,6
ETH,0.79414976,2019-06-16,2019,6
FLK,-0.39400333,2019-06-16,2019,6
FRO,-0.6979969,2019-06-16,2019,6
FJI,0.63168865,2019-06-16,2019,6
FIN,-0.24113548,2019-06-16,2019,6
FRA,-0.6189857,2019-06-16,2019,6
PYF,-0.4380031,2019-06-16,2019,6
ATF,0.64569527,2019-06-16,2019,6
GAB,0.049459815,2019-06-16,2019,6
GMB,-0.059370585,2019-06-16,2019,6
GEO,-1.1797348,2019-06-16,2019,6
DEU,-1.2689617,2019-06-16,2019,6
GHA,-0.09451566,2019-06-16,2019,6
GRC,0.66179925,2019-06-16,2019,6
GRL,-0.6358847,2019-06-16,2019,6
GTM,-0.2078168,2019-06-16,2019,6
GIN,-0.09168282,2019-06-16,2019,6
GNB,-0.104052134,2019-06-16,2019,6
GUY,-0.19934326,2019-06-16,2019,6
HTI,0.07488067,2019-06-16,2019,6
HND,-1.2305506,2019-06-16,2019,6
HUN,0.15729316,2019-06-16,2019,6
ISL,-1.3856928,2019-06-16,2019,6
IND,-0.63216007,2019-06-16,2019,6
IDN,0.056081302,2019-06-16,2019,6
IRN,0.5272683,2019-06-16,2019,6
IRQ,-0.56034553,2019-06-16,2019,6
IRL,0.16460636,2019-06-16,2019,6
ISR,-0.324713,2019-06-16,2019,6
ITA,0.088321775,2019-06-16,2019,6
CIV,-0.14024815,2019-06-16,2019,6
JAM,-0.10883959,2019-06-16,2019,6
JPN,-1.1642962,2019-06-16,2019,6
JOR,-0.6256859,2019-06-16,2019,6
KAZ,-0.46202093,2019-06-16,2019,6
KEN,0.16704449,2019-06-16,2019,6
XKX,1.2300084,2019-06-16,2019,6
KWT,-0.84509563,2019-06-16,2019,6
KGZ,0.31188133,2019-06-16,2019,6
LAO,-1.250576,2019-06-16,2019,6
LVA,-1.9934272,2019-06-16,2019,6
LBN,-0.23012392,2019-06-16,2019,6
LSO,1.2084283,2019-06-16,2019,6
LBR,-0.02910684,2019-06-16,2019,6
LBY,-0.5725206,2019-06-16,2019,6
LTU,-2.1405485,2019-06-16,2019,6
LUX,-0.9776482,2019-06-16,2019,6
MDG,0.11652515,2019-06-16,2019,6
MWI,0.0837366,2019-06-16,2019,6
MYS,0.09626964,2019-06-16,2019,6
MLI,-0.0425264,2019-06-16,2019,6
MRT,-0.29705167,2019-06-16,2019,6
MUS,0.44724163,2019-06-16,2019,6
MEX,-0.56580347,2019-06-16,2019,6
MDA,-0.53651345,2019-06-16,2019,6
MNG,-0.97591203,2019-06-16,2019,6
MNE,1.6588049,2019-06-16,2019,6
MAR,-1.0405376,2019-06-16,2019,6
MOZ,0.49816802,2019-06-16,2019,6
MMR,-1.5305035,2019-06-16,2019,6
NAM,-0.33326244,2019-06-16,2019,6
NPL,-0.2620171,2019-06-16,2019,6
NLD,-1.0329374,2019-06-16,2019,6
NCL,-0.45607188,2019-06-16,2019,6
NZL,0.55752933,2019-06-16,2019,6
NIC,-0.58576757,2019-06-16,2019,6
NER,0.122744545,2019-06-16,2019,6
NGA,0.0023136025,2019-06-16,2019,6
PRK,-1.3229753,2019-06-16,2019,6
MKD,0.57586634,2019-06-16,2019,6
NOR,-0.065700606,2019-06-16,2019,6
OMN,-1.0702326,2019-06-16,2019,6
PAK,0.36231604,2019-06-16,2019,6
PSE,-0.297315,2019-06-16,2019,6
PAN,0.5874404,2019-06-16,2019,6
PNG,0.12391931,2019-06-16,2019,6
PRY,0.6533834,2019-06-16,2019,6
PER,0.21708563,2019-06-16,2019,6
PHL,-0.38492748,2019-06-16,2019,6
POL,-1.3363631,2019-06-16,2019,6
PRT,-1.1324677,2019-06-16,2019,6
PRI,-0.9082033,2019-06-16,2019,6
QAT,-0.32159084,2019-06-16,2019,6
SRB,1.2312655,2019-06-16,2019,6
COG,0.03076581,2019-06-16,2019,6
ROU,0.32577482,2019-06-16,2019,6
RUS,-0.6649747,2019-06-16,2019,6
RWA,-0.8037655,2019-06-16,2019,6
VCT,-1.2940999,2019-06-16,2019,6
WSM,0.19035242,2019-06-16,2019,6
SAU,-0.6206828,2019-06-16,2019,6
SEN,-0.05447709,2019-06-16,2019,6
SIA,1.1733614,2019-06-16,2019,6
SLE,-0.06226546,2019-06-16,2019,6
SVK,-0.38181138,2019-06-16,2019,6
SVN,0.78152746,2019-06-16,2019,6
SLB,0.034936644,2019-06-16,2019,6
SOM,-0.22900757,2019-06-16,2019,6
SOL,0.21115325,2019-06-16,2019,6
ZAF,-0.58506596,2019-06-16,2019,6
SGS,0.08366314,2019-06-16,2019,6
KOR,-1.0161312,2019-06-16,2019,6
SSD,0.019169655,2019-06-16,2019,6
ESP,-1.246883,2019-06-16,2019,6
LKA,-1.5001987,2019-06-16,2019,6
SDN,-0.3373035,2019-06-16,2019,6
SUR,-0.47580895,2019-06-16,2019,6
SWE,-0.058385216,2019-06-16,2019,6
CHE,-0.3244454,2019-06-16,2019,6
SYR,-0.0906269,2019-06-16,2019,6
TWN,0.10148464,2019-06-16,2019,6
TJK,1.4141177,2019-06-16,2019,6
THA,-1.1418093,2019-06-16,2019,6
BHS,0.2037638,2019-06-16,2019,6
TGO,-0.07873485,2019-06-16,2019,6
TTO,-1.1838872,2019-06-16,2019,6
TUN,-0.7233723,2019-06-16,2019,6
TUR,0.3430403,2019-06-16,2019,6
TKM,0.6073138,2019-06-16,2019,6
UGA,0.17707996,2019-06-16,2019,6
UKR,-0.6352065,2019-06-16,2019,6
ARE,-0.4462964,2019-06-16,2019,6
GBR,0.3720433,2019-06-16,2019,6
TZA,0.6910505,2019-06-16,2019,6
VIR,-1.2023846,2019-06-16,2019,6
USA,0.43751407,2019-06-16,2019,6
URY,0.7364236,2019-06-16,2019,6
UZB,0.045052223,2019-06-16,2019,6
VUT,0.07585614,2019-06-16,2019,6
VEN,-0.01752383,2019-06-16,2019,6
VNM,-0.83882326,2019-06-16,2019,6
ESH,-1.1291717,2019-06-16,2019,6
YEM,-0.41417015,2019-06-16,2019,6
ZMB,0.3324576,2019-06-16,2019,6
ZWE,0.0013963272,2019-06-16,2019,6
SWZ,-1.1406715,2019-06-16,2019,6
AFG,-0.41057253,2019-07-16,2019,7
ALA,-0.5380595,2019-07-16,2019,7
ALB,1.2491119,2019-07-16,2019,7
DZA,-1.083365,2019-07-16,2019,7
AGO,-0.08654367,2019-07-16,2019,7
ARG,0.20455673,2019-07-16,2019,7
ARM,-1.6945583,2019-07-16,2019,7
AUS,-0.6803636,2019-07-16,2019,7
AUT,-0.0014595649,2019-07-16,2019,7
AZE,-1.8059797,2019-07-16,2019,7
BGD,-1.1324,2019-07-16,2019,7
BLR,-0.37246016,2019-07-16,2019,7
BEL,-1.029892,2019-07-16,2019,7
BLZ,-1.9729513,2019-07-16,2019,7
BEN,0.27493635,2019-07-16,2019,7
BTN,-0.37605545,2019-07-16,2019,7
BOL,-0.68260556,2019-07-16,2019,7
BIH,1.6100751,2019-07-16,2019,7
BWA,-1.8765881,2019-07-16,2019,7
BRA,-0.2301173,2019-07-16,2019,7
BRN,-0.35838154,2019-07-16,2019,7
BGR,-0.2465117,2019-07-16,2019,7
BFA,-0.07744583,2019-07-16,2019,7
BDI,0.14867663,2019-07-16,2019,7
CPV,1.8378015,2019-07-16,2019,7
KHM,-0.6328827,2019-07-16,2019,7
CMR,0.12240683,2019-07-16,2019,7
CAN,-0.09660549,2019-07-16,2019,7
CAF,0.17073834,2019-07-16,2019,7
TCD,-0.13493146,2019-07-16,2019,7
CHL,-0.32518724,2019-07-16,2019,7
CHN,0.10194406,2019-07-16,2019,7
COL,-0.53189266,2019-07-16,2019,7
COM,-0.083649404,2019-07-16,2019,7
CRI,1.149291,2019-07-16,2019,7
HRV,1.1057045,2019-07-16,2019,7
CUB,-0.47022164,2019-07-16,2019,7
CYP,-0.43816876,2019-07-16,2019,7
CZE,-0.82201684,2019-07-16,2019,7
COD,0.15211312,2019-07-16,2019,7
DNK,-0.33067706,2019-07-16,2019,7
DJI,0.14093716,2019-07-16,2019,7
DOM,-0.8417629,2019-07-16,2019,7
TLS,-0.3325157,2019-07-16,2019,7
ECU,0.70776635,2019-07-16,2019,7
EGY,-1.734059,2019-07-16,2019,7
SLV,-1.115834,2019-07-16,2019,7
GNQ,-0.05889735,2019-07-16,2019,7
ERI,-0.11250553,2019-07-16,2019,7
EST,-0.42681828,2019-07-16,2019,7
ETH,0.41315892,2019-07-16,2019,7
FLK,-0.6440854,2019-07-16,2019,7
FRO,-0.18539295,2019-07-16,2019,7
FJI,-0.983181,2019-07-16,2019,7
FIN,0.09409899,2019-07-16,2019,7
FRA,-1.0498464,2019-07-16,2019,7
PYF,-0.8060001,2019-07-16,2019,7
ATF,1.1376005,2019-07-16,2019,7
GAB,0.10966009,2019-07-16,2019,7
GMB,-1.3741615,2019-07-16,2019,7
GEO,-1.2580613,2019-07-16,2019,7
DEU,-1.0875647,2019-07-16,2019,7
GHA,0.63787603,2019-07-16,2019,7
GRC,0.18162338,2019-07-16,2019,7
GRL,-0.90835357,2019-07-16,2019,7
GTM,-1.1697677,2019-07-16,2019,7
GIN,-0.35262394,2019-07-16,2019,7
GNB,-0.99485373,2019-07-16,2019,7
GUY,0.7638961,2019-07-16,2019,7
HTI,0.75362766,2019-07-16,2019,7
HND,-1.4237337,2019-07-16,2019,7
HUN,0.16903655,2019-07-16,2019,7
ISL,-0.54708165,2019-07-16,2019,7
IND,-0.15839352,2019-07-16,2019,7
IDN,-0.1386789,2019-07-16,2019,7
IRN,-0.6740706,2019-07-16,2019,7
IRQ,-1.7863237,2019-07-16,2019,7
IRL,-0.57275206,2019-07-16,2019,7
ISR,-1.1380317,2019-07-16,2019,7
ITA,0.33893692,2019-07-16,2019,7
CIV,0.389785,2019-07-16,2019,7
JAM,-0.4772011,2019-07-16,2019,7
JPN,-0.5334673,2019-07-16,2019,7
JOR,-1.3607427,2019-07-16,2019,7
KAZ,-1.1260092,2019-07-16,2019,7
KEN,0.2606779,2019-07-16,2019,7
XKX,1.4353589,2019-07-16,2019,7
KWT,-1.7504654,2019-07-16,2019,7
KGZ,-0.87383854,2019-07-16,2019,7
LAO,-1.288466,2019-07-16,2019,7
LVA,-0.6621955,2019-07-16,2019,7
LBN,-1.1147158,2019-07-16,2019,7
LSO,-1.0010269,2019-07-16,2019,7
LBR,-0.010272232,2019-07-16,2019,7
LBY,-1.1304992,2019-07-16,2019,7
LTU,-0.89597243,2019-07-16,2019,7
LUX,-1.3113983,2019-07-16,2019,7
MDG,-0.49633336,2019-07-16,2019,7
MWI,-0.4643289,2019-07-16,2019,7
MYS,0.076783486,2019-07-16,2019,7
MLI,-0.33565044,2019-07-16,2019,7
MRT,-0.7388101,2019-07-16,2019,7
MUS,-0.6840867,2019-07-16,2019,7
MEX,-0.85764277,2019-07-16,2019,7
MDA,-0.6703641,2019-07-16,2019,7
MNG,-0.45710772,2019-07-16,2019,7
MNE,2.1100035,2019-07-16,2019,7
MAR,-1.0716492,2019-07-16,2019,7
MOZ,-0.60310113,2019-07-16,2019,7
MMR,-1.5620617,2019-07-16,2019,7
NAM,-0.7144937,2019-07-16,2019,7
NPL,0.06430791,2019-07-16,2019,7
NLD,-0.9966446,2019-07-16,2019,7
NCL,-1.3495569,2019-07-16,2019,7
NZL,0.8143849,2019-07-16,2019,7
NIC,-0.856058,2019-07-16,2019,7
NER,-0.007119238,2019-07-16,2019,7
NGA,0.24182262,2019-07-16,2019,7
PRK,-1.26272,2019-07-16,2019,7
MKD,0.6606696,2019-07-16,2019,7
NOR,0.13659176,2019-07-16,2019,7
OMN,-1.4278634,2019-07-16,2019,7
PAK,0.1323682,2019-07-16,2019,7
PSE,-1.1668744,2019-07-16,2019,7
PAN,0.5506644,2019-07-16,2019,7
PNG,0.2048516,2019-07-16,2019,7
PRY,0.47171962,2019-07-16,2019,7
PER,0.33288506,2019-07-16,2019,7
PHL,-0.15020183,2019-07-16,2019,7
POL,-0.91870826,2019-07-16,2019,7
PRT,-1.5940225,2019-07-16,2019,7
PRI,-0.38707235,2019-07-16,2019,7
QAT,-1.853872,2019-07-16,2019,7
SRB,1.1738673,2019-07-16,2019,7
COG,0.406061,2019-07-16,2019,7
ROU,-0.055463236,2019-07-16,2019,7
RUS,-0.37478477,2019-07-16,2019,7
RWA,0.49194235,2019-07-16,2019,7
VCT,-1.327984,2019-07-16,2019,7
WSM,1.5882692,2019-07-16,2019,7
SAU,-1.1120704,2019-07-16,2019,7
SEN,-1.304878,2019-07-16,2019,7
SIA,1.1892606,2019-07-16,2019,7
SLE,-0.79074216,2019-07-16,2019,7
SVK,-0.28021514,2019-07-16,2019,7
SVN,0.58752507,2019-07-16,2019,7
SLB,0.055094816,2019-07-16,2019,7
SOM,-0.08200464,2019-07-16,2019,7
SOL,-0.14464152,2019-07-16,2019,7
ZAF,-1.6834229,2019-07-16,2019,7
SGS,0.37889126,2019-07-16,2019,7
KOR,-0.710145,2019-07-16,2019,7
SSD,0.18751374,2019-07-16,2019,7
ESP,-1.7178311,2019-07-16,2019,7
LKA,-1.3266382,2019-07-16,2019,7
SDN,-0.6786829,2019-07-16,2019,7
SUR,-0.20578752,2019-07-16,2019,7
SWE,0.0041821944,2019-07-16,2019,7
CHE,-0.4831326,2019-07-16,2019,7
SYR,-1.4762968,2019-07-16,2019,7
TWN,0.3265503,2019-07-16,2019,7
TJK,-0.18872476,2019-07-16,2019,7
THA,-1.2402471,2019-07-16,2019,7
BHS,0.9974313,2019-07-16,2019,7
TGO,0.39548016,2019-07-16,2019,7
TTO,-1.787041,2019-07-16,2019,7
TUN,-1.2345719,2019-07-16,2019,7
TUR,-0.0632378,2019-07-16,2019,7
TKM,-1.09522,2019-07-16,2019,7
UGA,0.6463509,2019-07-16,2019,7
UKR,-0.43443826,2019-07-16,2019,7
ARE,-1.2415932,2019-07-16,2019,7
GBR,0.5086363,2019-07-16,2019,7
TZA,0.8484521,2019-07-16,2019,7
VIR,-0.15833288,2019-07-16,2019,7
USA,0.32308316,2019-07-16,2019,7
URY,0.90677977,2019-07-16,2019,7
UZB,-1.2612383,2019-07-16,2019,7
VUT,0.044496913,2019-07-16,2019,7
VEN,-0.08777547,2019-07-16,2019,7
VNM,-0.7163486,2019-07-16,2019,7
ESH,-1.0159905,2019-07-16,2019,7
YEM,-0.5984464,2019-07-16,2019,7
ZMB,-0.578568,2019-07-16,2019,7
ZWE,-1.1725394,2019-07-16,2019,7
SWZ,-2.2526329,2019-07-16,2019,7
AFG,-0.60044515,2019-08-16,2019,8
ALA,-1.0250193,2019-08-16,2019,8
ALB,-0.24372227,2019-08-16,2019,8
DZA,-0.6394391,2019-08-16,2019,8
AGO,-0.5726644,2019-08-16,2019,8
ARG,-0.4717549,2019-08-16,2019,8
ARM,-1.8325088,2019-08-16,2019,8
AUS,-0.6982558,2019-08-16,2019,8
AUT,-1.5049149,2019-08-16,2019,8
AZE,-1.6961689,2019-08-16,2019,8
BGD,-1.4347694,2019-08-16,2019,8
BLR,-0.9100485,2019-08-16,2019,8
BEL,-1.4302307,2019-08-16,2019,8
BLZ,-2.1007206,2019-08-16,2019,8
BEN,0.19710141,2019-08-16,2019,8
BTN,-1.1110188,2019-08-16,2019,8
BOL,-1.1049345,2019-08-16,2019,8
BIH,-0.2813616,2019-08-16,2019,8
BWA,-2.1026802,2019-08-16,2019,8
BRA,-0.7633419,2019-08-16,2019,8
BRN,-0.19204587,2019-08-16,2019,8
BGR,-0.68126875,2019-08-16,2019,8
BFA,0.2743228,2019-08-16,2019,8
BDI,-0.48293638,2019-08-16,2019,8
CPV,0.6913631,2019-08-16,2019,8
KHM,-0.62194866,2019-08-16,2019,8
CMR,0.10850451,2019-08-16,2019,8
CAN,0.13461626,2019-08-16,2019,8
CAF,-0.04856427,2019-08-16,2019,8
TCD,0.19969141,2019-08-16,2019,8
CHL,-0.49346107,2019-08-16,2019,8
CHN,0.024035309,2019-08-16,2019,8
COL,-1.0770541,2019-08-16,2019,8
COM,-1.6317177,2019-08-16,2019,8
CRI,0.4603986,2019-08-16,2019,8
HRV,-0.76293576,2019-08-16,2019,8
CUB,-0.37834787,2019-08-16,2019,8
CYP,0.4121463,2019-08-16,2019,8
CZE,-1.7880237,2019-08-16,2019,8
COD,-0.10228306,2019-08-16,2019,8
DNK,-0.6594205,2019-08-16,2019,8
DJI,0.19814576,2019-08-16,2019,8
DOM,-2.7519507,2019-08-16,2019,8
TLS,0.11568459,2019-08-16,2019,8
ECU,-0.37075254,2019-08-16,2019,8
EGY,-1.7260798,2019-08-16,2019,8
SLV,-1.7755473,2019-08-16,2019,8
GNQ,0.09456416,2019-08-16,2019,8
ERI,0.46197596,2019-08-16,2019,8
EST,-0.90385574,2019-08-16,2019,8
ETH,0.07791491,2019-08-16,2019,8
FLK,-0.012127673,2019-08-16,2019,8
FRO,-0.18288958,2019-08-16,2019,8
FJI,-0.45146644,2019-08-16,2019,8
FIN,-0.51879054,2019-08-16,2019,8
FRA,-1.4098278,2019-08-16,2019,8
PYF,-1.476219,2019-08-16,2019,8
ATF,1.924056,2019-08-16,2019,8
GAB,-0.13825901,2019-08-16,2019,8
GMB,-0.948956,2019-08-16,2019,8
GEO,-1.0553502,2019-08-16,2019,8
DEU,-1.6088078,2019-08-16,2019,8
GHA,0.8725915,2019-08-16,2019,8
GRC,-0.23534687,2019-08-16,2019,8
GRL,-0.9462279,2019-08-16,2019,8
GTM,-1.8159679,2019-08-16,2019,8
GIN,-0.27773932,2019-08-16,2019,8
GNB,-0.7969011,2019-08-16,2019,8
GUY,0.8456348,2019-08-16,2019,8
HTI,-1.8793354,2019-08-16,2019,8
HND,-1.9670008,2019-08-16,2019,8
HUN,-1.2868502,2019-08-16,2019,8
ISL,0.19444011,2019-08-16,2019,8
IND,0.1917301,2019-08-16,2019,8
IDN,-0.45167217,2019-08-16,2019,8
IRN,-1.3168564,2019-08-16,2019,8
IRQ,-1.7675103,2019-08-16,2019,8
IRL,0.55365604,2019-08-16,2019,8
ISR,-0.79707074,2019-08-16,2019,8
ITA,-1.0816432,2019-08-16,2019,8
CIV,0.5565774,2019-08-16,2019,8
JAM,-0.59366566,2019-08-16,2019,8
JPN,0.49591398,2019-08-16,2019,8
JOR,-0.85860604,2019-08-16,2019,8
KAZ,-1.0286951,2019-08-16,2019,8
KEN,-0.40704653,2019-08-16,2019,8
XKX,-0.26256132,2019-08-16,2019,8
KWT,-1.8705627,2019-08-16,2019,8
KGZ,-0.15284969,2019-08-16,2019,8
LAO,-0.9004896,2019-08-16,2019,8
LVA,-0.99559414,2019-08-16,2019,8
LBN,-0.31613296,2019-08-16,2019,8
LSO,-1.4888388,2019-08-16,2019,8
LBR,0.03140389,2019-08-16,2019,8
LBY,-1.3118514,2019-08-16,2019,8
LTU,-1.1400497,2019-08-16,2019,8
LUX,-1.6311723,2019-08-16,2019,8
MDG,-1.181723,2019-08-16,2019,8
MWI,-0.032929324,2019-08-16,2019,8
MYS,-0.4391933,2019-08-16,2019,8
MLI,-0.12676258,2019-08-16,2019,8
MRT,-0.5294201,2019-08-16,2019,8
MUS,-0.10261109,2019-08-16,2019,8
MEX,-1.1006781,2019-08-16,2019,8
MDA,-1.5449796,2019-08-16,2019,8
MNG,-0.6870012,2019-08-16,2019,8
MNE,0.051785257,2019-08-16,2019,8
MAR,-0.6638308,2019-08-16,2019,8
MOZ,-1.2083498,2019-08-16,2019,8
MMR,-0.8956005,2019-08-16,2019,8
NAM,-0.73535186,2019-08-16,2019,8
NPL,-0.3866748,2019-08-16,2019,8
NLD,-1.3326757,2019-08-16,2019,8
NCL,-1.219029,2019-08-16,2019,8
NZL,0.68463075,2019-08-16,2019,8
NIC,-1.5044525,2019-08-16,2019,8
NER,0.3359726,2019-08-16,2019,8
NGA,0.49021596,2019-08-16,2019,8
PRK,-0.7743879,2019-08-16,2019,8
MKD,-0.3097093,2019-08-16,2019,8
NOR,-0.112103105,2019-08-16,2019,8
OMN,-1.5618114,2019-08-16,2019,8
PAK,0.0012068079,2019-08-16,2019,8
PSE,-0.70588493,2019-08-16,2019,8
PAN,-0.12252706,2019-08-16,2019,8
PNG,0.15980087,2019-08-16,2019,8
PRY,-0.9574864,2019-08-16,2019,8
PER,0.24129327,2019-08-16,2019,8
PHL,0.3423105,2019-08-16,2019,8
POL,-1.7331824,2019-08-16,2019,8
PRT,-0.8894979,2019-08-16,2019,8
PRI,-0.036429603,2019-08-16,2019,8
QAT,-2.0953932,2019-08-16,2019,8
SRB,-0.577596,2019-08-16,2019,8
COG,-0.24049413,2019-08-16,2019,8
ROU,-1.4292678,2019-08-16,2019,8
RUS,-0.49303535,2019-08-16,2019,8
RWA,0.36316368,2019-08-16,2019,8
VCT,-1.2296135,2019-08-16,2019,8
WSM,1.3618338,2019-08-16,2019,8
SAU,-1.4110727,2019-08-16,2019,8
SEN,-0.93751585,2019-08-16,2019,8
SIA,1.3928864,2019-08-16,2019,8
SLE,-1.0569242,2019-08-16,2019,8
SVK,-1.3943292,2019-08-16,2019,8
SVN,-1.1065366,2019-08-16,2019,8
SLB,0.037519194,2019-08-16,2019,8
SOM,-0.46373197,2019-08-16,2019,8
SOL,-0.25063238,2019-08-16,2019,8
ZAF,-2.0988605,2019-08-16,2019,8
SGS,0.07634589,2019-08-16,2019,8
KOR,-0.4945283,2019-08-16,2019,8
SSD,0.3732308,2019-08-16,2019,8
ESP,-1.2156136,2019-08-16,2019,8
LKA,0.38794792,2019-08-16,2019,8
SDN,0.011104047,2019-08-16,2019,8
SUR,-0.67089456,2019-08-16,2019,8
SWE,-0.47961926,2019-08-16,2019,8
CHE,-1.0413473,2019-08-16,2019,8
SYR,-0.9499451,2019-08-16,2019,8
TWN,0.26517794,2019-08-16,2019,8
TJK,0.17876358,2019-08-16,2019,8
THA,-0.82378376,2019-08-16,2019,8
BHS,1.1213474,2019-08-16,2019,8
TGO,0.5441985,2019-08-16,2019,8
TTO,-1.7240683,2019-08-16,2019,8
TUN,-1.7547615,2019-08-16,2019,8
TUR,0.53091085,2019-08-16,2019,8
TKM,-1.1333051,2019-08-16,2019,8
UGA,0.48665392,2019-08-16,2019,8
UKR,-1.5432962,2019-08-16,2019,8
ARE,-1.5965812,2019-08-16,2019,8
GBR,0.6548572,2019-08-16,2019,8
TZA,-0.7024502,2019-08-16,2019,8
VIR,0.7748192,2019-08-16,2019,8
USA,-0.08581958,2019-08-16,2019,8
URY,0.64954245,2019-08-16,2019,8
UZB,-1.1012335,2019-08-16,2019,8
VUT,-0.009058254,2019-08-16,2019,8
VEN,-0.1028645,2019-08-16,2019,8
VNM,-0.68584555,2019-08-16,2019,8
ESH,-0.2687836,2019-08-16,2019,8
YEM,-0.94540495,2019-08-16,2019,8
ZMB,-1.0958705,2019-08-16,2019,8
ZWE,-1.4146156,2019-08-16,2019,8
SWZ,-1.6575178,2019-08-16,2019,8
AFG,-1.2702013,2019-09-16,2019,9
ALA,-0.16253787,2019-09-16,2019,9
ALB,-0.77875274,2019-09-16,2019,9
DZA,-0.6473956,2019-09-16,2019,9
AGO,-0.22482093,2019-09-16,2019,9
ARG,-1.0246619,2019-09-16,2019,9
ARM,-0.84158045,2019-09-16,2019,9
AUS,-1.1253601,2019-09-16,2019,9
AUT,-0.5282931,2019-09-16,2019,9
AZE,-0.6802565,2019-09-16,2019,9
BGD,-0.35111958,2019-09-16,2019,9
BLR,-0.29784563,2019-09-16,2019,9
BEL,-1.3024421,2019-09-16,2019,9
BLZ,-2.7966843,2019-09-16,2019,9
BEN,0.16388206,2019-09-16,2019,9
BTN,0.18146941,2019-09-16,2019,9
BOL,-1.1251823,2019-09-16,2019,9
BIH,0.10466006,2019-09-16,2019,9
BWA,-1.8122737,2019-09-16,2019,9
BRA,-0.8720906,2019-09-16,2019,9
BRN,-1.5605545,2019-09-16,2019,9
BGR,-1.0632852,2019-09-16,2019,9
BFA,4.5098794e-05,2019-09-16,2019,9
BDI,-0.11130841,2019-09-16,2019,9
CPV,0.42581242,2019-09-16,2019,9
KHM,0.7282241,2019-09-16,2019,9
CMR,-0.040194847,2019-09-16,2019,9
CAN,0.102326274,2019-09-16,2019,9
CAF,-0.3272979,2019-09-16,2019,9
TCD,0.08432722,2019-09-16,2019,9
CHL,-0.6002651,2019-09-16,2019,9
CHN,-0.18538722,2019-09-16,2019,9
COL,-0.8301442,2019-09-16,2019,9
COM,-2.1974192,2019-09-16,2019,9
CRI,0.010124773,2019-09-16,2019,9
HRV,0.01409624,2019-09-16,2019,9
CUB,-0.06297008,2019-09-16,2019,9
CYP,0.026657462,2019-09-16,2019,9
CZE,-1.201129,2019-09-16,2019,9
COD,0.1034986,2019-09-16,2019,9
DNK,0.16075145,2019-09-16,2019,9
DJI,-0.15118715,2019-09-16,2019,9
DOM,-1.3125983,2019-09-16,2019,9
TLS,0.29809362,2019-09-16,2019,9
ECU,0.16686374,2019-09-16,2019,9
EGY,-1.3265483,2019-09-16,2019,9
SLV,-1.3915058,2019-09-16,2019,9
GNQ,0.08525509,2019-09-16,2019,9
ERI,0.36870947,2019-09-16,2019,9
EST,-0.043086436,2019-09-16,2019,9
ETH,-0.25117776,2019-09-16,2019,9
FLK,0.4043084,2019-09-16,2019,9
FRO,-0.0076427883,2019-09-16,2019,9
FJI,-0.42944112,2019-09-16,2019,9
FIN,-0.21590848,2019-09-16,2019,9
FRA,-1.5088136,2019-09-16,2019,9
PYF,-1.7761513,2019-09-16,2019,9
ATF,2.3630652,2019-09-16,2019,9
GAB,0.6362413,2019-09-16,2019,9
GMB,-0.9015392,2019-09-16,2019,9
GEO,-0.28241014,2019-09-16,2019,9
DEU,-1.1392902,2019-09-16,2019,9
GHA,0.86206365,2019-09-16,2019,9
GRC,-1.0091606,2019-09-16,2019,9
GRL,-0.34592947,2019-09-16,2019,9
GTM,-1.9928089,2019-09-16,2019,9
GIN,-0.31740323,2019-09-16,2019,9
GNB,-0.6973515,2019-09-16,2019,9
GUY,1.209265,2019-09-16,2019,9
HTI,0.3817598,2019-09-16,2019,9
HND,-1.8102968,2019-09-16,2019,9
HUN,-1.080279,2019-09-16,2019,9
ISL,1.239019,2019-09-16,2019,9
IND,0.9138262,2019-09-16,2019,9
IDN,-1.2401853,2019-09-16,2019,9
IRN,-1.3808755,2019-09-16,2019,9
IRQ,-1.4854512,2019-09-16,2019,9
IRL,0.6074389,2019-09-16,2019,9
ISR,-0.5007379,2019-09-16,2019,9
ITA,-0.59949934,2019-09-16,2019,9
CIV,0.6541243,2019-09-16,2019,9
JAM,-0.30213028,2019-09-16,2019,9
JPN,-0.07818265,2019-09-16,2019,9
JOR,-0.5569113,2019-09-16,2019,9
KAZ,-1.0223181,2019-09-16,2019,9
KEN,-0.487038,2019-09-16,2019,9
XKX,-0.76693463,2019-09-16,2019,9
KWT,-1.596582,2019-09-16,2019,9
KGZ,-0.21983896,2019-09-16,2019,9
LAO,-0.7767044,2019-09-16,2019,9
LVA,-0.20276026,2019-09-16,2019,9
LBN,-0.20514895,2019-09-16,2019,9
LSO,-2.0811853,2019-09-16,2019,9
LBR,-0.027359394,2019-09-16,2019,9
LBY,-1.1128426,2019-09-16,2019,9
LTU,-0.3516944,2019-09-16,2019,9
LUX,-1.395578,2019-09-16,2019,9
MDG,-0.94927716,2019-09-16,2019,9
MWI,-0.33446088,2019-09-16,2019,9
MYS,-1.6933508,2019-09-16,2019,9
MLI,-0.31030735,2019-09-16,2019,9
MRT,-0.65860426,2019-09-16,2019,9
MUS,-0.34476116,2019-09-16,2019,9
MEX,-0.78253305,2019-09-16,2019,9
MDA,-1.6573782,2019-09-16,2019,9
MNG,-1.1065598,2019-09-16,2019,9
MNE,-0.15270211,2019-09-16,2019,9
MAR,-0.4962092,2019-09-16,2019,9
MOZ,-1.3803431,2019-09-16,2019,9
MMR,-0.22430404,2019-09-16,2019,9
NAM,-0.77725255,2019-09-16,2019,9
NPL,-0.7661643,2019-09-16,2019,9
NLD,-1.0354197,2019-09-16,2019,9
NCL,-1.1599888,2019-09-16,2019,9
NZL,1.1207494,2019-09-16,2019,9
NIC,-1.4813687,2019-09-16,2019,9
NER,-0.062430177,2019-09-16,2019,9
NGA,0.23434354,2019-09-16,2019,9
PRK,-0.84970355,2019-09-16,2019,9
MKD,-0.92762953,2019-09-16,2019,9
NOR,-0.12361142,2019-09-16,2019,9
OMN,-1.5973108,2019-09-16,2019,9
PAK,-0.33524793,2019-09-16,2019,9
PSE,-0.35572505,2019-09-16,2019,9
PAN,-0.38060948,2019-09-16,2019,9
PNG,0.0683553,2019-09-16,2019,9
PRY,-1.0748111,2019-09-16,2019,9
PER,-0.0068866936,2019-09-16,2019,9
PHL,0.10093458,2019-09-16,2019,9
POL,-1.1154622,2019-09-16,2019,9
PRT,-0.93008494,2019-09-16,2019,9
PRI,1.0678066,2019-09-16,2019,9
QAT,-2.0015013,2019-09-16,2019,9
SRB,-0.88599217,2019-09-16,2019,9
COG,0.72686946,2019-09-16,2019,9
ROU,-1.5445573,2019-09-16,2019,9
RUS,-0.20610492,2019-09-16,2019,9
RWA,0.2827673,2019-09-16,2019,9
VCT,-1.0678596,2019-09-16,2019,9
WSM,1.1646365,2019-09-16,2019,9
SAU,-1.2010334,2019-09-16,2019,9
SEN,-0.97741437,2019-09-16,2019,9
SIA,-0.2008665,2019-09-16,2019,9
SLE,-0.9650116,2019-09-16,2019,9
SVK,-0.7859485,2019-09-16,2019,9
SVN,0.17791627,2019-09-16,2019,9
SLB,0.035438646,2019-09-16,2019,9
SOM,-0.2814439,2019-09-16,2019,9
SOL,-0.42631316,2019-09-16,2019,9
ZAF,-2.0915074,2019-09-16,2019,9
SGS,0.30947882,2019-09-16,2019,9
KOR,-0.012130802,2019-09-16,2019,9
SSD,0.24806039,2019-09-16,2019,9
ESP,-0.5452023,2019-09-16,2019,9
LKA,1.5884799,2019-09-16,2019,9
SDN,-0.01408237,2019-09-16,2019,9
SUR,-0.42875633,2019-09-16,2019,9
SWE,-0.30558994,2019-09-16,2019,9
CHE,-0.9299245,2019-09-16,2019,9
SYR,-0.7997272,2019-09-16,2019,9
TWN,0.333914,2019-09-16,2019,9
TJK,-1.3296403,2019-09-16,2019,9
THA,-0.70637554,2019-09-16,2019,9
BHS,1.2582632,2019-09-16,2019,9
TGO,0.5931635,2019-09-16,2019,9
TTO,-1.6960745,2019-09-16,2019,9
TUN,-0.775497,2019-09-16,2019,9
TUR,-0.041163754,2019-09-16,2019,9
TKM,-0.68817395,2019-09-16,2019,9
UGA,-0.20754637,2019-09-16,2019,9
UKR,-1.2835675,2019-09-16,2019,9
ARE,-1.8411455,2019-09-16,2019,9
GBR,0.47208065,2019-09-16,2019,9
TZA,-0.79329777,2019-09-16,2019,9
VIR,1.2988266,2019-09-16,2019,9
USA,0.109604344,2019-09-16,2019,9
URY,-0.12834157,2019-09-16,2019,9
UZB,-1.249152,2019-09-16,2019,9
VUT,0.017624492,2019-09-16,2019,9
VEN,-0.13378912,2019-09-16,2019,9
VNM,-0.38449782,2019-09-16,2019,9
ESH,-0.49637324,2019-09-16,2019,9
YEM,-0.75057083,2019-09-16,2019,9
ZMB,-1.0831926,2019-09-16,2019,9
ZWE,-1.0775019,2019-09-16,2019,9
SWZ,-1.381315,2019-09-16,2019,9
AFG,-0.47809267,2019-10-16,2019,10
ALA,0.31538785,2019-10-16,2019,10
ALB,-2.0324714,2019-10-16,2019,10
DZA,-0.77196306,2019-10-16,2019,10
AGO,0.03175658,2019-10-16,2019,10
ARG,-0.91322416,2019-10-16,2019,10
ARM,-1.1562283,2019-10-16,2019,10
AUS,-1.2310421,2019-10-16,2019,10
AUT,-0.2890909,2019-10-16,2019,10
AZE,-1.4015563,2019-10-16,2019,10
BGD,-0.54388,2019-10-16,2019,10
BLR,-0.882107,2019-10-16,2019,10
BEL,-0.4677596,2019-10-16,2019,10
BLZ,-1.8930969,2019-10-16,2019,10
BEN,0.9409309,2019-10-16,2019,10
BTN,-0.25079253,2019-10-16,2019,10
BOL,-1.4654989,2019-10-16,2019,10
BIH,-1.6283379,2019-10-16,2019,10
BWA,-1.4791112,2019-10-16,2019,10
BRA,-0.91602874,2019-10-16,2019,10
BRN,-1.3052089,2019-10-16,2019,10
BGR,-1.4460192,2019-10-16,2019,10
BFA,0.7951835,2019-10-16,2019,10
BDI,1.6776701,2019-10-16,2019,10
CPV,-0.059454296,2019-10-16,2019,10
KHM,0.0057227346,2019-10-16,2019,10
CMR,0.50573504,2019-10-16,2019,10
CAN,0.09282715,2019-10-16,2019,10
CAF,-0.10871215,2019-10-16,2019,10
TCD,0.052663974,2019-10-16,2019,10
CHL,-0.92746615,2019-10-16,2019,10
CHN,-0.19213803,2019-10-16,2019,10
COL,-0.45667753,2019-10-16,2019,10
COM,-2.1220775,2019-10-16,2019,10
CRI,-0.009451073,2019-10-16,2019,10
HRV,-1.1307136,2019-10-16,2019,10
CUB,-0.63117015,2019-10-16,2019,10
CYP,-0.00865132,2019-10-16,2019,10
CZE,-0.8373348,2019-10-16,2019,10
COD,0.231314,2019-10-16,2019,10
DNK,0.9362546,2019-10-16,2019,10
DJI,0.052099597,2019-10-16,2019,10
DOM,-1.3334669,2019-10-16,2019,10
TLS,-0.32000676,2019-10-16,2019,10
ECU,0.1654479,2019-10-16,2019,10
EGY,-1.0337218,2019-10-16,2019,10
SLV,-1.6302471,2019-10-16,2019,10
GNQ,0.43291667,2019-10-16,2019,10
ERI,0.91817445,2019-10-16,2019,10
EST,0.25359556,2019-10-16,2019,10
ETH,0.69840175,2019-10-16,2019,10
FLK,0.71990585,2019-10-16,2019,10
FRO,-0.05834813,2019-10-16,2019,10
FJI,-0.19873093,2019-10-16,2019,10
FIN,0.3008023,2019-10-16,2019,10
FRA,-0.61377513,2019-10-16,2019,10
PYF,-2.0984442,2019-10-16,2019,10
ATF,2.2542686,2019-10-16,2019,10
GAB,1.5118881,2019-10-16,2019,10
GMB,0.0021669175,2019-10-16,2019,10
GEO,-1.0659305,2019-10-16,2019,10
DEU,-0.41245103,2019-10-16,2019,10
GHA,1.357249,2019-10-16,2019,10
GRC,-1.7024636,2019-10-16,2019,10
GRL,-0.12975435,2019-10-16,2019,10
GTM,-0.77932197,2019-10-16,2019,10
GIN,-0.13047577,2019-10-16,2019,10
GNB,-0.045015875,2019-10-16,2019,10
GUY,0.9647858,2019-10-16,2019,10
HTI,-0.4948754,2019-10-16,2019,10
HND,-2.0430274,2019-10-16,2019,10
HUN,-1.3106581,2019-10-16,2019,10
ISL,1.0773284,2019-10-16,2019,10
IND,1.0737569,2019-10-16,2019,10
IDN,-0.9713625,2019-10-16,2019,10
IRN,-1.1657236,2019-10-16,2019,10
IRQ,-1.4412671,2019-10-16,2019,10
IRL,1.134504,2019-10-16,2019,10
ISR,-0.026151162,2019-10-16,2019,10
ITA,-0.962975,2019-10-16,2019,10
CIV,0.6158783,2019-10-16,2019,10
JAM,-0.9429974,2019-10-16,2019,10
JPN,0.1887731,2019-10-16,2019,10
JOR,-0.29615983,2019-10-16,2019,10
KAZ,-0.77404326,2019-10-16,2019,10
KEN,1.8735539,2019-10-16,2019,10
XKX,-2.1020167,2019-10-16,2019,10
KWT,-1.3965846,2019-10-16,2019,10
KGZ,0.16431631,2019-10-16,2019,10
LAO,-1.0527028,2019-10-16,2019,10
LVA,-0.02072601,2019-10-16,2019,10
LBN,-0.055075843,2019-10-16,2019,10
LSO,-2.445013,2019-10-16,2019,10
LBR,-0.15598755,2019-10-16,2019,10
LBY,-0.82531273,2019-10-16,2019,10
LTU,-0.53010386,2019-10-16,2019,10
LUX,-0.5510186,2019-10-16,2019,10
MDG,-1.0602334,2019-10-16,2019,10
MWI,0.49936476,2019-10-16,2019,10
MYS,-1.4411587,2019-10-16,2019,10
MLI,0.018887265,2019-10-16,2019,10
MRT,-0.44585803,2019-10-16,2019,10
MUS,0.7770178,2019-10-16,2019,10
MEX,-0.008992134,2019-10-16,2019,10
MDA,-1.6049837,2019-10-16,2019,10
MNG,-1.380289,2019-10-16,2019,10
MNE,-2.0126622,2019-10-16,2019,10
MAR,-0.56163204,2019-10-16,2019,10
MOZ,-0.75267947,2019-10-16,2019,10
MMR,0.0783235,2019-10-16,2019,10
NAM,-0.60464245,2019-10-16,2019,10
NPL,-1.4623809,2019-10-16,2019,10
NLD,-0.12166009,2019-10-16,2019,10
NCL,-1.2808572,2019-10-16,2019,10
NZL,0.7163071,2019-10-16,2019,10
NIC,-1.560147,2019-10-16,2019,10
NER,0.24213786,2019-10-16,2019,10
NGA,0.9419086,2019-10-16,2019,10
PRK,-0.5369552,2019-10-16,2019,10
MKD,-1.9436647,2019-10-16,2019,10
NOR,0.20213388,2019-10-16,2019,10
OMN,-1.8307128,2019-10-16,2019,10
PAK,-0.0047843843,2019-10-16,2019,10
PSE,0.2422282,2019-10-16,2019,10
PAN,-0.33985454,2019-10-16,2019,10
PNG,0.33474186,2019-10-16,2019,10
PRY,-1.7856996,2019-10-16,2019,10
PER,-0.107501134,2019-10-16,2019,10
PHL,-0.62518084,2019-10-16,2019,10
POL,-0.96255744,2019-10-16,2019,10
PRT,-0.91075957,2019-10-16,2019,10
PRI,0.35300207,2019-10-16,2019,10
QAT,-1.8639814,2019-10-16,2019,10
SRB,-1.7734513,2019-10-16,2019,10
COG,1.2496252,2019-10-16,2019,10
ROU,-1.5916163,2019-10-16,2019,10
RUS,-0.111034624,2019-10-16,2019,10
RWA,1.973978,2019-10-16,2019,10
VCT,-0.37641376,2019-10-16,2019,10
WSM,0.10021894,2019-10-16,2019,10
SAU,-0.9366097,2019-10-16,2019,10
SEN,0.13134712,2019-10-16,2019,10
SIA,0.031558413,2019-10-16,2019,10
SLE,-0.2871002,2019-10-16,2019,10
SVK,-0.80633825,2019-10-16,2019,10
SVN,-0.6137328,2019-10-16,2019,10
SLB,0.03336261,2019-10-16,2019,10
SOM,0.3800374,2019-10-16,2019,10
SOL,-0.05672023,2019-10-16,2019,10
ZAF,-2.1009867,2019-10-16,2019,10
SGS,0.71046793,2019-10-16,2019,10
KOR,0.47491676,2019-10-16,2019,10
SSD,0.5702614,2019-10-16,2019,10
ESP,-0.40403092,2019-10-16,2019,10
LKA,2.005365,2019-10-16,2019,10
SDN,0.578384,2019-10-16,2019,10
SUR,-0.057598095,2019-10-16,2019,10
SWE,0.4347275,2019-10-16,2019,10
CHE,-0.14465085,2019-10-16,2019,10
SYR,-0.88805556,2019-10-16,2019,10
TWN,-0.25733277,2019-10-16,2019,10
TJK,-0.5319338,2019-10-16,2019,10
THA,-0.89055306,2019-10-16,2019,10
BHS,-0.20311518,2019-10-16,2019,10
TGO,1.502363,2019-10-16,2019,10
TTO,-1.4199301,2019-10-16,2019,10
TUN,0.19047523,2019-10-16,2019,10
TUR,-0.9334335,2019-10-16,2019,10
TKM,-1.0010778,2019-10-16,2019,10
UGA,1.3402416,2019-10-16,2019,10
UKR,-1.3593533,2019-10-16,2019,10
ARE,-1.6248484,2019-10-16,2019,10
GBR,0.88934183,2019-10-16,2019,10
TZA,0.2521984,2019-10-16,2019,10
VIR,0.33289865,2019-10-16,2019,10
USA,0.5803904,2019-10-16,2019,10
URY,1.1766727,2019-10-16,2019,10
UZB,-1.1537055,2019-10-16,2019,10
VUT,0.080608726,2019-10-16,2019,10
VEN,0.101972185,2019-10-16,2019,10
VNM,-0.9790293,2019-10-16,2019,10
ESH,-0.6039735,2019-10-16,2019,10
YEM,-0.8530328,2019-10-16,2019,10
ZMB,-0.5339253,2019-10-16,2019,10
ZWE,-0.9648459,2019-10-16,2019,10
SWZ,-1.1949251,2019-10-16,2019,10
AFG,0.6069136,2019-11-16,2019,11
ALA,1.3158286,2019-11-16,2019,11
ALB,0.27353466,2019-11-16,2019,11
DZA,-1.0413972,2019-11-16,2019,11
AGO,0.08222322,2019-11-16,2019,11
ARG,-0.49255383,2019-11-16,2019,11
ARM,-1.2459499,2019-11-16,2019,11
AUS,-1.5082918,2019-11-16,2019,11
AUT,0.42420176,2019-11-16,2019,11
AZE,-1.3023146,2019-11-16,2019,11
BGD,0.3924369,2019-11-16,2019,11
BLR,-0.84986687,2019-11-16,2019,11
BEL,0.44127297,2019-11-16,2019,11
BLZ,-1.5109825,2019-11-16,2019,11
BEN,1.3840955,2019-11-16,2019,11
BTN,1.008431,2019-11-16,2019,11
BOL,-0.5822887,2019-11-16,2019,11
BIH,-0.057281114,2019-11-16,2019,11
BWA,-1.3390806,2019-11-16,2019,11
BRA,-0.7721525,2019-11-16,2019,11
BRN,-0.5442252,2019-11-16,2019,11
BGR,-1.5001934,2019-11-16,2019,11
BFA,0.45688418,2019-11-16,2019,11
BDI,2.0318317,2019-11-16,2019,11
CPV,-0.033901554,2019-11-16,2019,11
KHM,-0.22675034,2019-11-16,2019,11
CMR,0.42932668,2019-11-16,2019,11
CAN,-0.09536923,2019-11-16,2019,11
CAF,0.026024405,2019-11-16,2019,11
TCD,-0.22924104,2019-11-16,2019,11
CHL,-0.46879104,2019-11-16,2019,11
CHN,-0.36022335,2019-11-16,2019,11
COL,-0.058768544,2019-11-16,2019,11
COM,-1.2187434,2019-11-16,2019,11
CRI,0.6272114,2019-11-16,2019,11
HRV,0.45661405,2019-11-16,2019,11
CUB,-0.90310305,2019-11-16,2019,11
CYP,-1.1381502,2019-11-16,2019,11
CZE,-0.21712707,2019-11-16,2019,11
COD,0.28255916,2019-11-16,2019,11
DNK,1.5266862,2019-11-16,2019,11
DJI,0.7207302,2019-11-16,2019,11
DOM,-0.7564028,2019-11-16,2019,11
TLS,-0.17902125,2019-11-16,2019,11
ECU,1.2640543,2019-11-16,2019,11
EGY,-1.3870442,2019-11-16,2019,11
SLV,-0.9953214,2019-11-16,2019,11
GNQ,0.40106997,2019-11-16,2019,11
ERI,0.92973775,2019-11-16,2019,11
EST,0.99690384,2019-11-16,2019,11
ETH,1.2714312,2019-11-16,2019,11
FLK,0.702197,2019-11-16,2019,11
FRO,-0.10132866,2019-11-16,2019,11
FJI,-0.37661684,2019-11-16,2019,11
FIN,0.96513796,2019-11-16,2019,11
FRA,0.58794695,2019-11-16,2019,11
PYF,-1.7500318,2019-11-16,2019,11
ATF,2.2969718,2019-11-16,2019,11
GAB,1.5532179,2019-11-16,2019,11
GMB,0.09672667,2019-11-16,2019,11
GEO,-1.2848998,2019-11-16,2019,11
DEU,0.11394284,2019-11-16,2019,11
GHA,1.3694972,2019-11-16,2019,11
GRC,-0.41767275,2019-11-16,2019,11
GRL,0.34156057,2019-11-16,2019,11
GTM,-0.66287196,2019-11-16,2019,11
GIN,-0.2447807,2019-11-16,2019,11
GNB,-0.15174061,2019-11-16,2019,11
GUY,1.0896573,2019-11-16,2019,11
HTI,0.39439282,2019-11-16,2019,11
HND,-1.4332942,2019-11-16,2019,11
HUN,-0.41507754,2019-11-16,2019,11
ISL,0.17605838,2019-11-16,2019,11
IND,1.116738,2019-11-16,2019,11
IDN,-1.0390015,2019-11-16,2019,11
IRN,-0.5673654,2019-11-16,2019,11
IRQ,-0.9288809,2019-11-16,2019,11
IRL,1.1667753,2019-11-16,2019,11
ISR,-1.0529698,2019-11-16,2019,11
ITA,0.74825454,2019-11-16,2019,11
CIV,0.3849158,2019-11-16,2019,11
JAM,-1.518935,2019-11-16,2019,11
JPN,-0.9106929,2019-11-16,2019,11
JOR,-0.8755064,2019-11-16,2019,11
KAZ,-0.41523615,2019-11-16,2019,11
KEN,1.9248381,2019-11-16,2019,11
XKX,-0.8972976,2019-11-16,2019,11
KWT,-0.5002483,2019-11-16,2019,11
KGZ,0.16306867,2019-11-16,2019,11
LAO,-1.5756049,2019-11-16,2019,11
LVA,0.55245113,2019-11-16,2019,11
LBN,-1.3286533,2019-11-16,2019,11
LSO,-2.3101633,2019-11-16,2019,11
LBR,-0.35029754,2019-11-16,2019,11
LBY,-0.94625527,2019-11-16,2019,11
LTU,-0.3720904,2019-11-16,2019,11
LUX,0.17655393,2019-11-16,2019,11
MDG,0.65529925,2019-11-16,2019,11
MWI,0.9130241,2019-11-16,2019,11
MYS,-1.3597451,2019-11-16,2019,11
MLI,-0.2632991,2019-11-16,2019,11
MRT,-0.44406793,2019-11-16,2019,11
MUS,0.152089,2019-11-16,2019,11
MEX,0.6316508,2019-11-16,2019,11
MDA,-1.4827335,2019-11-16,2019,11
MNG,-1.5678504,2019-11-16,2019,11
MNE,-0.05120982,2019-11-16,2019,11
MAR,-0.48758093,2019-11-16,2019,11
MOZ,0.03973441,2019-11-16,2019,11
MMR,-0.025551569,2019-11-16,2019,11
NAM,-0.5419405,2019-11-16,2019,11
NPL,-0.7914688,2019-11-16,2019,11
NLD,0.8016932,2019-11-16,2019,11
NCL,-1.469967,2019-11-16,2019,11
NZL,0.20744468,2019-11-16,2019,11
NIC,-1.0570508,2019-11-16,2019,11
NER,-0.25156894,2019-11-16,2019,11
NGA,1.0185075,2019-11-16,2019,11
PRK,-0.4417977,2019-11-16,2019,11
MKD,-0.74643826,2019-11-16,2019,11
NOR,0.11186586,2019-11-16,2019,11
OMN,-0.8819898,2019-11-16,2019,11
PAK,0.54986435,2019-11-16,2019,11
PSE,-1.0999514,2019-11-16,2019,11
PAN,0.15925068,2019-11-16,2019,11
PNG,0.26492706,2019-11-16,2019,11
PRY,-1.2599946,2019-11-16,2019,11
PER,0.036571775,2019-11-16,2019,11
PHL,-0.48103696,2019-11-16,2019,11
POL,-0.43799835,2019-11-16,2019,11
PRT,-0.42728463,2019-11-16,2019,11
PRI,-0.050466403,2019-11-16,2019,11
QAT,0.364796,2019-11-16,2019,11
SRB,-1.1457298,2019-11-16,2019,11
COG,1.4976926,2019-11-16,2019,11
ROU,-1.4132797,2019-11-16,2019,11
RUS,0.4280783,2019-11-16,2019,11
RWA,2.061602,2019-11-16,2019,11
VCT,-0.26456392,2019-11-16,2019,11
WSM,-0.51637256,2019-11-16,2019,11
SAU,-0.38195083,2019-11-16,2019,11
SEN,0.2948537,2019-11-16,2019,11
SIA,0.0738382,2019-11-16,2019,11
SLE,-0.23681092,2019-11-16,2019,11
SVK,0.0024738782,2019-11-16,2019,11
SVN,1.0565947,2019-11-16,2019,11
SLB,0.05968467,2019-11-16,2019,11
SOM,0.51106745,2019-11-16,2019,11
SOL,0.09685196,2019-11-16,2019,11
ZAF,-1.9644512,2019-11-16,2019,11
SGS,0.2637821,2019-11-16,2019,11
KOR,1.2120106,2019-11-16,2019,11
SSD,0.68126744,2019-11-16,2019,11
ESP,0.00093289523,2019-11-16,2019,11
LKA,1.6108013,2019-11-16,2019,11
SDN,0.38161415,2019-11-16,2019,11
SUR,-0.24007961,2019-11-16,2019,11
SWE,0.8025293,2019-11-16,2019,11
CHE,-0.037074495,2019-11-16,2019,11
SYR,-1.4921608,2019-11-16,2019,11
TWN,-0.69694936,2019-11-16,2019,11
TJK,0.36884558,2019-11-16,2019,11
THA,-1.4127294,2019-11-16,2019,11
BHS,-0.7385387,2019-11-16,2019,11
TGO,1.7900698,2019-11-16,2019,11
TTO,-1.4064385,2019-11-16,2019,11
TUN,0.35967895,2019-11-16,2019,11
TUR,-1.7631652,2019-11-16,2019,11
TKM,-1.0146801,2019-11-16,2019,11
UGA,1.6729354,2019-11-16,2019,11
UKR,-1.2418911,2019-11-16,2019,11
ARE,-0.16440667,2019-11-16,2019,11
GBR,1.0742207,2019-11-16,2019,11
TZA,0.66568226,2019-11-16,2019,11
VIR,-0.8740123,2019-11-16,2019,11
USA,0.8221382,2019-11-16,2019,11
URY,0.93125063,2019-11-16,2019,11
UZB,-1.058177,2019-11-16,2019,11
VUT,0.0908731,2019-11-16,2019,11
VEN,0.041738156,2019-11-16,2019,11
VNM,-1.0764655,2019-11-16,2019,11
ESH,-0.5754311,2019-11-16,2019,11
YEM,-0.72160804,2019-11-16,2019,11
ZMB,-0.39858487,2019-11-16,2019,11
ZWE,-0.64700675,2019-11-16,2019,11
SWZ,-0.417661,2019-11-16,2019,11
AFG,0.45152715,2019-12-16,2019,12
ALA,1.1684433,2019-12-16,2019,12
ALB,0.8949906,2019-12-16,2019,12
DZA,-0.9232134,2019-12-16,2019,12
AGO,-0.051530298,2019-12-16,2019,12
ARG,-0.32406804,2019-12-16,2019,12
ARM,-1.8089061,2019-12-16,2019,12
AUS,-1.7314721,2019-12-16,2019,12
AUT,0.46620613,2019-12-16,2019,12
AZE,-2.060649,2019-12-16,2019,12
BGD,0.47800925,2019-12-16,2019,12
BLR,-0.3796273,2019-12-16,2019,12
BEL,0.62848675,2019-12-16,2019,12
BLZ,-0.55528885,2019-12-16,2019,12
BEN,1.9611175,2019-12-16,2019,12
BTN,0.6953469,2019-12-16,2019,12
BOL,-0.24160706,2019-12-16,2019,12
BIH,0.010624883,2019-12-16,2019,12
BWA,-0.9385897,2019-12-16,2019,12
BRA,-0.6541879,2019-12-16,2019,12
BRN,1.4511627,2019-12-16,2019,12
BGR,-1.3942481,2019-12-16,2019,12
BFA,1.3917762,2019-12-16,2019,12
BDI,2.544403,2019-12-16,2019,12
CPV,-0.16630538,2019-12-16,2019,12
KHM,-1.6047968,2019-12-16,2019,12
CMR,0.6276067,2019-12-16,2019,12
CAN,-0.09014911,2019-12-16,2019,12
CAF,0.31724104,2019-12-16,2019,12
TCD,-0.47642985,2019-12-16,2019,12
CHL,-0.5163856,2019-12-16,2019,12
CHN,-0.024114884,2019-12-16,2019,12
COL,-0.24702775,2019-12-16,2019,12
COM,0.7576792,2019-12-16,2019,12
CRI,0.5893394,2019-12-16,2019,12
HRV,0.52382845,2019-12-16,2019,12
CUB,-0.6507269,2019-12-16,2019,12
CYP,0.8468292,2019-12-16,2019,12
CZE,-0.220024,2019-12-16,2019,12
COD,0.39071938,2019-12-16,2019,12
DNK,0.8883022,2019-12-16,2019,12
DJI,0.89603627,2019-12-16,2019,12
DOM,-1.0337721,2019-12-16,2019,12
TLS,-0.46403584,2019-12-16,2019,12
ECU,1.0636756,2019-12-16,2019,12
EGY,-1.4661198,2019-12-16,2019,12
SLV,-1.2075895,2019-12-16,2019,12
GNQ,0.7815807,2019-12-16,2019,12
ERI,0.84730464,2019-12-16,2019,12
EST,1.4889331,2019-12-16,2019,12
ETH,1.3552772,2019-12-16,2019,12
FLK,0.19150081,2019-12-16,2019,12
FRO,-0.11282946,2019-12-16,2019,12
FJI,-0.2115098,2019-12-16,2019,12
FIN,1.422516,2019-12-16,2019,12
FRA,1.2666914,2019-12-16,2019,12
PYF,-1.1650184,2019-12-16,2019,12
ATF,2.6642299,2019-12-16,2019,12
GAB,1.5581083,2019-12-16,2019,12
GMB,0.15609762,2019-12-16,2019,12
GEO,-1.8165516,2019-12-16,2019,12
DEU,-0.17251655,2019-12-16,2019,12
GHA,1.4978577,2019-12-16,2019,12
GRC,0.5923225,2019-12-16,2019,12
GRL,0.29239166,2019-12-16,2019,12
GTM,-0.2357991,2019-12-16,2019,12
GIN,-0.33435318,2019-12-16,2019,12
GNB,-0.27965242,2019-12-16,2019,12
GUY,0.84902734,2019-12-16,2019,12
HTI,-0.84239703,2019-12-16,2019,12
HND,-1.2062205,2019-12-16,2019,12
HUN,-0.07492202,2019-12-16,2019,12
ISL,-0.61392087,2019-12-16,2019,12
IND,0.9561724,2019-12-16,2019,12
IDN,-0.75678766,2019-12-16,2019,12
IRN,-0.32032198,2019-12-16,2019,12
IRQ,-0.6809813,2019-12-16,2019,12
IRL,0.7498762,2019-12-16,2019,12
ISR,-0.6582606,2019-12-16,2019,12
ITA,0.96725297,2019-12-16,2019,12
CIV,0.33500466,2019-12-16,2019,12
JAM,-1.5605586,2019-12-16,2019,12
JPN,0.117024705,2019-12-16,2019,12
JOR,-0.8464324,2019-12-16,2019,12
KAZ,-0.77531505,2019-12-16,2019,12
KEN,2.113274,2019-12-16,2019,12
XKX,-0.33156535,2019-12-16,2019,12
KWT,0.0853973,2019-12-16,2019,12
KGZ,-0.3580901,2019-12-16,2019,12
LAO,-1.6446906,2019-12-16,2019,12
LVA,0.976034,2019-12-16,2019,12
LBN,0.17490359,2019-12-16,2019,12
LSO,-1.4599657,2019-12-16,2019,12
LBR,-0.3598472,2019-12-16,2019,12
LBY,-0.95177716,2019-12-16,2019,12
LTU,-0.18424594,2019-12-16,2019,12
LUX,0.46322197,2019-12-16,2019,12
MDG,0.33887467,2019-12-16,2019,12
MWI,1.1408901,2019-12-16,2019,12
MYS,-0.038995925,2019-12-16,2019,12
MLI,-0.26936617,2019-12-16,2019,12
MRT,-0.67864776,2019-12-16,2019,12
MUS,-0.03252464,2019-12-16,2019,12
MEX,0.5498388,2019-12-16,2019,12
MDA,-1.3622684,2019-12-16,2019,12
MNG,-0.29999208,2019-12-16,2019,12
MNE,0.20940821,2019-12-16,2019,12
MAR,-0.62036705,2019-12-16,2019,12
MOZ,0.15396485,2019-12-16,2019,12
MMR,-0.19222993,2019-12-16,2019,12
NAM,-0.36528426,2019-12-16,2019,12
NPL,0.8313877,2019-12-16,2019,12
NLD,0.3373264,2019-12-16,2019,12
NCL,-1.4415312,2019-12-16,2019,12
NZL,0.34820864,2019-12-16,2019,12
NIC,-0.92232734,2019-12-16,2019,12
NER,0.2432324,2019-12-16,2019,12
NGA,1.5564977,2019-12-16,2019,12
PRK,-0.27288815,2019-12-16,2019,12
MKD,0.13716216,2019-12-16,2019,12
NOR,0.24582478,2019-12-16,2019,12
OMN,-0.6950905,2019-12-16,2019,12
PAK,0.90444654,2019-12-16,2019,12
PSE,-0.46851602,2019-12-16,2019,12
PAN,0.14780216,2019-12-16,2019,12
PNG,0.16531709,2019-12-16,2019,12
PRY,-0.45841056,2019-12-16,2019,12
PER,0.23729648,2019-12-16,2019,12
PHL,-0.020547412,2019-12-16,2019,12
POL,-0.684917,2019-12-16,2019,12
PRT,0.23424082,2019-12-16,2019,12
PRI,-0.5364108,2019-12-16,2019,12
QAT,0.74495524,2019-12-16,2019,12
SRB,-0.9508375,2019-12-16,2019,12
COG,1.7912624,2019-12-16,2019,12
ROU,-1.3353281,2019-12-16,2019,12
RUS,0.56725556,2019-12-16,2019,12
RWA,2.4270616,2019-12-16,2019,12
VCT,-0.010010014,2019-12-16,2019,12
WSM,-0.082550734,2019-12-16,2019,12
SAU,-0.4335823,2019-12-16,2019,12
SEN,0.66816515,2019-12-16,2019,12
SIA,0.44965428,2019-12-16,2019,12
SLE,-0.4070042,2019-12-16,2019,12
SVK,0.3004576,2019-12-16,2019,12
SVN,0.9870616,2019-12-16,2019,12
SLB,0.046396106,2019-12-16,2019,12
SOM,0.42322406,2019-12-16,2019,12
SOL,-0.02161835,2019-12-16,2019,12
ZAF,-1.2097515,2019-12-16,2019,12
SGS,0.14177088,2019-12-16,2019,12
KOR,0.734357,2019-12-16,2019,12
SSD,0.701746,2019-12-16,2019,12
ESP,0.50266093,2019-12-16,2019,12
LKA,1.2580338,2019-12-16,2019,12
SDN,0.4165447,2019-12-16,2019,12
SUR,0.2754997,2019-12-16,2019,12
SWE,0.84274364,2019-12-16,2019,12
CHE,0.5858007,2019-12-16,2019,12
SYR,-0.40430057,2019-12-16,2019,12
TWN,-0.89035356,2019-12-16,2019,12
TJK,-0.07728578,2019-12-16,2019,12
THA,-1.5452535,2019-12-16,2019,12
BHS,-0.3161825,2019-12-16,2019,12
TGO,2.0982525,2019-12-16,2019,12
TTO,-1.3896618,2019-12-16,2019,12
TUN,0.057786625,2019-12-16,2019,12
TUR,-1.0614167,2019-12-16,2019,12
TKM,-1.6184199,2019-12-16,2019,12
UGA,1.9746989,2019-12-16,2019,12
UKR,-0.92792004,2019-12-16,2019,12
ARE,0.9842567,2019-12-16,2019,12
GBR,0.8490625,2019-12-16,2019,12
TZA,1.134434,2019-12-16,2019,12
VIR,-0.5418912,2019-12-16,2019,12
USA,0.92101866,2019-12-16,2019,12
URY,0.89844406,2019-12-16,2019,12
UZB,-1.4120935,2019-12-16,2019,12
VUT,0.028981788,2019-12-16,2019,12
VEN,-0.111671634,2019-12-16,2019,12
VNM,-1.0373707,2019-12-16,2019,12
ESH,-0.5749534,2019-12-16,2019,12
YEM,-1.3678614,2019-12-16,2019,12
ZMB,-0.29764578,2019-12-16,2019,12
ZWE,-0.70013994,2019-12-16,2019,12
SWZ,-0.35397857,2019-12-16,2019,12
AFG,1.1333348,2020-01-16,2020,1
ALA,1.0987445,2020-01-16,2020,1
ALB,0.53428847,2020-01-16,2020,1
DZA,-1.0036061,2020-01-16,2020,1
AGO,0.0016043858,2020-01-16,2020,1
ARG,-0.29700398,2020-01-16,2020,1
ARM,-1.505974,2020-01-16,2020,1
AUS,-0.9454541,2020-01-16,2020,1
AUT,0.11922268,2020-01-16,2020,1
AZE,-1.4079818,2020-01-16,2020,1
BGD,1.2163575,2020-01-16,2020,1
BLR,-0.03505723,2020-01-16,2020,1
BEL,-0.3040842,2020-01-16,2020,1
BLZ,-0.43278265,2020-01-16,2020,1
BEN,-0.8385712,2020-01-16,2020,1
BTN,0.453897,2020-01-16,2020,1
BOL,-0.2861173,2020-01-16,2020,1
BIH,0.29275426,2020-01-16,2020,1
BWA,-0.31877187,2020-01-16,2020,1
BRA,-0.3765122,2020-01-16,2020,1
BRN,0.44425526,2020-01-16,2020,1
BGR,-1.911904,2020-01-16,2020,1
BFA,-1.8163042,2020-01-16,2020,1
BDI,2.4275675,2020-01-16,2020,1
CPV,-0.81608015,2020-01-16,2020,1
KHM,-1.067267,2020-01-16,2020,1
CMR,-0.06646774,2020-01-16,2020,1
CAN,-0.051876172,2020-01-16,2020,1
CAF,-0.4766469,2020-01-16,2020,1
TCD,-0.25441435,2020-01-16,2020,1
CHL,-0.20411637,2020-01-16,2020,1
CHN,0.18167044,2020-01-16,2020,1
COL,-0.4519869,2020-01-16,2020,1
COM,0.7130815,2020-01-16,2020,1
CRI,0.8073354,2020-01-16,2020,1
HRV,0.6809117,2020-01-16,2020,1
CUB,-0.45747367,2020-01-16,2020,1
CYP,1.4031801,2020-01-16,2020,1
CZE,-0.676025,2020-01-16,2020,1
COD,0.21900463,2020-01-16,2020,1
DNK,0.52778417,2020-01-16,2020,1
DJI,0.9907541,2020-01-16,2020,1
DOM,-1.2339826,2020-01-16,2020,1
TLS,-1.5478482,2020-01-16,2020,1
ECU,1.3488172,2020-01-16,2020,1
EGY,-1.1675683,2020-01-16,2020,1
SLV,-0.7804508,2020-01-16,2020,1
GNQ,0.1744906,2020-01-16,2020,1
ERI,0.4172798,2020-01-16,2020,1
EST,0.91480154,2020-01-16,2020,1
ETH,1.1531829,2020-01-16,2020,1
FLK,-0.20246169,2020-01-16,2020,1
FRO,0.13411306,2020-01-16,2020,1
FJI,-1.2389545,2020-01-16,2020,1
FIN,1.6622125,2020-01-16,2020,1
FRA,0.6831508,2020-01-16,2020,1
PYF,-1.0472442,2020-01-16,2020,1
ATF,2.4025517,2020-01-16,2020,1
GAB,0.39805046,2020-01-16,2020,1
GMB,-2.4511895,2020-01-16,2020,1
GEO,-1.3219155,2020-01-16,2020,1
DEU,-1.1461998,2020-01-16,2020,1
GHA,-0.71723646,2020-01-16,2020,1
GRC,0.18951303,2020-01-16,2020,1
GRL,0.68449545,2020-01-16,2020,1
GTM,-0.87292606,2020-01-16,2020,1
GIN,-0.580362,2020-01-16,2020,1
GNB,-1.4796455,2020-01-16,2020,1
GUY,0.07814433,2020-01-16,2020,1
HTI,-0.6644554,2020-01-16,2020,1
HND,-0.6238081,2020-01-16,2020,1
HUN,0.3086193,2020-01-16,2020,1
ISL,-0.098186865,2020-01-16,2020,1
IND,0.8526716,2020-01-16,2020,1
IDN,-1.1676648,2020-01-16,2020,1
IRN,0.09229533,2020-01-16,2020,1
IRQ,-0.6054901,2020-01-16,2020,1
IRL,0.28893936,2020-01-16,2020,1
ISR,0.20312545,2020-01-16,2020,1
ITA,0.7312221,2020-01-16,2020,1
CIV,-0.8052207,2020-01-16,2020,1
JAM,-1.6053834,2020-01-16,2020,1
JPN,-0.55915004,2020-01-16,2020,1
JOR,-0.26694098,2020-01-16,2020,1
KAZ,0.07291503,2020-01-16,2020,1
KEN,1.8379503,2020-01-16,2020,1
XKX,-0.2874104,2020-01-16,2020,1
KWT,-0.38483897,2020-01-16,2020,1
KGZ,0.019589305,2020-01-16,2020,1
LAO,-0.89070266,2020-01-16,2020,1
LVA,0.4856528,2020-01-16,2020,1
LBN,1.1923124,2020-01-16,2020,1
LSO,-0.26484776,2020-01-16,2020,1
LBR,-0.30529132,2020-01-16,2020,1
LBY,-0.5683552,2020-01-16,2020,1
LTU,-0.046766628,2020-01-16,2020,1
LUX,-0.5220498,2020-01-16,2020,1
MDG,0.5018359,2020-01-16,2020,1
MWI,1.0551475,2020-01-16,2020,1
MYS,-0.7332238,2020-01-16,2020,1
MLI,-1.072462,2020-01-16,2020,1
MRT,-1.2744912,2020-01-16,2020,1
MUS,0.016686097,2020-01-16,2020,1
MEX,0.15419506,2020-01-16,2020,1
MDA,-1.9454628,2020-01-16,2020,1
MNG,-0.09825086,2020-01-16,2020,1
MNE,0.35354802,2020-01-16,2020,1
MAR,-0.69382155,2020-01-16,2020,1
MOZ,0.4966647,2020-01-16,2020,1
MMR,0.11262183,2020-01-16,2020,1
NAM,-0.06728744,2020-01-16,2020,1
NPL,1.1217242,2020-01-16,2020,1
NLD,-0.4116133,2020-01-16,2020,1
NCL,-1.5056208,2020-01-16,2020,1
NZL,-0.39181316,2020-01-16,2020,1
NIC,-0.6510382,2020-01-16,2020,1
NER,-0.08641392,2020-01-16,2020,1
NGA,0.05990935,2020-01-16,2020,1
PRK,1.0920159,2020-01-16,2020,1
MKD,-0.01042873,2020-01-16,2020,1
NOR,0.8406047,2020-01-16,2020,1
OMN,0.13302952,2020-01-16,2020,1
PAK,1.5622228,2020-01-16,2020,1
PSE,0.32607663,2020-01-16,2020,1
PAN,0.1660236,2020-01-16,2020,1
PNG,-0.12958437,2020-01-16,2020,1
PRY,0.21605943,2020-01-16,2020,1
PER,0.2825487,2020-01-16,2020,1
PHL,0.36446244,2020-01-16,2020,1
POL,-0.59881705,2020-01-16,2020,1
PRT,0.29422453,2020-01-16,2020,1
PRI,0.29077902,2020-01-16,2020,1
QAT,1.0305947,2020-01-16,2020,1
SRB,-0.69434303,2020-01-16,2020,1
COG,0.36604583,2020-01-16,2020,1
ROU,-1.6332939,2020-01-16,2020,1
RUS,0.5826278,2020-01-16,2020,1
RWA,2.1071281,2020-01-16,2020,1
VCT,-0.37040737,2020-01-16,2020,1
WSM,0.71734995,2020-01-16,2020,1
SAU,-0.5900656,2020-01-16,2020,1
SEN,-2.477035,2020-01-16,2020,1
SIA,0.560147,2020-01-16,2020,1
SLE,-0.27383408,2020-01-16,2020,1
SVK,0.5317784,2020-01-16,2020,1
SVN,1.1329309,2020-01-16,2020,1
SLB,0.067059614,2020-01-16,2020,1
SOM,0.31058046,2020-01-16,2020,1
SOL,-0.0018771784,2020-01-16,2020,1
ZAF,-0.47464502,2020-01-16,2020,1
SGS,-0.60991323,2020-01-16,2020,1
KOR,1.4234933,2020-01-16,2020,1
SSD,0.3912362,2020-01-16,2020,1
ESP,0.7822806,2020-01-16,2020,1
LKA,0.33470532,2020-01-16,2020,1
SDN,-0.016747348,2020-01-16,2020,1
SUR,-0.9713013,2020-01-16,2020,1
SWE,1.0801959,2020-01-16,2020,1
CHE,-0.40771714,2020-01-16,2020,1
SYR,-0.11345985,2020-01-16,2020,1
TWN,-0.7280479,2020-01-16,2020,1
TJK,0.126048,2020-01-16,2020,1
THA,-1.3428662,2020-01-16,2020,1
BHS,0.20058048,2020-01-16,2020,1
TGO,-0.7439007,2020-01-16,2020,1
TTO,-0.8512106,2020-01-16,2020,1
TUN,-0.96460825,2020-01-16,2020,1
TUR,-0.7145988,2020-01-16,2020,1
TKM,-0.8089868,2020-01-16,2020,1
UGA,1.5969982,2020-01-16,2020,1
UKR,-1.2340775,2020-01-16,2020,1
ARE,1.3175783,2020-01-16,2020,1
GBR,0.40561172,2020-01-16,2020,1
TZA,1.452435,2020-01-16,2020,1
VIR,0.45211622,2020-01-16,2020,1
USA,0.4525103,2020-01-16,2020,1
URY,-0.39491406,2020-01-16,2020,1
UZB,-0.8046552,2020-01-16,2020,1
VUT,0.0034823157,2020-01-16,2020,1
VEN,-0.4556239,2020-01-16,2020,1
VNM,-0.44512862,2020-01-16,2020,1
ESH,-0.80977446,2020-01-16,2020,1
YEM,-1.3092909,2020-01-16,2020,1
ZMB,-0.15794446,2020-01-16,2020,1
ZWE,-0.2274784,2020-01-16,2020,1
SWZ,0.027295697,2020-01-16,2020,1
AFG,0.30502698,2020-02-15,2020,2
ALA,1.2926008,2020-02-15,2020,2
ALB,-1.2812489,2020-02-15,2020,2
DZA,-1.3337073,2020-02-15,2020,2
AGO,0.05878786,2020-02-15,2020,2
ARG,-0.2529108,2020-02-15,2020,2
ARM,-0.32428598,2020-02-15,2020,2
AUS,-0.25575453,2020-02-15,2020,2
AUT,-0.067989506,2020-02-15,2020,2
AZE,-1.0865377,2020-02-15,2020,2
BGD,0.975489,2020-02-15,2020,2
BLR,0.18521123,2020-02-15,2020,2
BEL,0.84527695,2020-02-15,2020,2
BLZ,-0.45756283,2020-02-15,2020,2
BEN,-1.6455805,2020-02-15,2020,2
BTN,0.39716706,2020-02-15,2020,2
BOL,-0.09361288,2020-02-15,2020,2
BIH,-1.1400803,2020-02-15,2020,2
BWA,0.10594056,2020-02-15,2020,2
BRA,-0.20978954,2020-02-15,2020,2
BRN,-0.3146246,2020-02-15,2020,2
BGR,-1.5958632,2020-02-15,2020,2
BFA,-1.4470264,2020-02-15,2020,2
BDI,2.351384,2020-02-15,2020,2
CPV,-2.3080063,2020-02-15,2020,2
KHM,-1.0246071,2020-02-15,2020,2
CMR,-0.7535217,2020-02-15,2020,2
CAN,0.017269233,2020-02-15,2020,2
CAF,-0.3843291,2020-02-15,2020,2
TCD,0.10784664,2020-02-15,2020,2
CHL,-0.14436883,2020-02-15,2020,2
CHN,0.15196964,2020-02-15,2020,2
COL,-0.7700092,2020-02-15,2020,2
COM,0.6410207,2020-02-15,2020,2
CRI,0.23740636,2020-02-15,2020,2
HRV,-1.0062041,2020-02-15,2020,2
CUB,-0.5823932,2020-02-15,2020,2
CYP,1.7050326,2020-02-15,2020,2
CZE,-0.398129,2020-02-15,2020,2
COD,0.26918554,2020-02-15,2020,2
DNK,0.8040314,2020-02-15,2020,2
DJI,0.23317136,2020-02-15,2020,2
DOM,-0.71541035,2020-02-15,2020,2
TLS,-2.143844,2020-02-15,2020,2
ECU,0.25799647,2020-02-15,2020,2
EGY,-0.24657363,2020-02-15,2020,2
SLV,-0.9288133,2020-02-15,2020,2
GNQ,-0.6529166,2020-02-15,2020,2
ERI,0.31483617,2020-02-15,2020,2
EST,1.4946704,2020-02-15,2020,2
ETH,0.4368727,2020-02-15,2020,2
FLK,-0.5388686,2020-02-15,2020,2
FRO,0.3021581,2020-02-15,2020,2
FJI,-1.5313259,2020-02-15,2020,2
FIN,1.9146345,2020-02-15,2020,2
FRA,0.04235787,2020-02-15,2020,2
PYF,0.2853175,2020-02-15,2020,2
ATF,1.1226091,2020-02-15,2020,2
GAB,0.31549317,2020-02-15,2020,2
GMB,-2.480483,2020-02-15,2020,2
GEO,-0.5081795,2020-02-15,2020,2
DEU,0.32123032,2020-02-15,2020,2
GHA,-1.8510616,2020-02-15,2020,2
GRC,-0.9777361,2020-02-15,2020,2
GRL,0.7918768,2020-02-15,2020,2
GTM,-0.62926275,2020-02-15,2020,2
GIN,-1.8715808,2020-02-15,2020,2
GNB,-2.4415827,2020-02-15,2020,2
GUY,-1.0395031,2020-02-15,2020,2
HTI,-1.004677,2020-02-15,2020,2
HND,-0.34066275,2020-02-15,2020,2
HUN,-0.5952938,2020-02-15,2020,2
ISL,0.8765982,2020-02-15,2020,2
IND,0.6121015,2020-02-15,2020,2
IDN,-0.6305763,2020-02-15,2020,2
IRN,-0.10241361,2020-02-15,2020,2
IRQ,-0.51581705,2020-02-15,2020,2
IRL,1.1424202,2020-02-15,2020,2
ISR,1.0285568,2020-02-15,2020,2
ITA,-1.2765976,2020-02-15,2020,2
CIV,-1.2777194,2020-02-15,2020,2
JAM,-0.98737913,2020-02-15,2020,2
JPN,-0.06926369,2020-02-15,2020,2
JOR,0.47095606,2020-02-15,2020,2
KAZ,0.24431,2020-02-15,2020,2
KEN,1.7366668,2020-02-15,2020,2
XKX,-1.4342631,2020-02-15,2020,2
KWT,-0.911803,2020-02-15,2020,2
KGZ,0.7222562,2020-02-15,2020,2
LAO,-0.7930579,2020-02-15,2020,2
LVA,1.0966562,2020-02-15,2020,2
LBN,1.4310071,2020-02-15,2020,2
LSO,0.67121166,2020-02-15,2020,2
LBR,-0.23868293,2020-02-15,2020,2
LBY,-0.34039414,2020-02-15,2020,2
LTU,0.58154505,2020-02-15,2020,2
LUX,0.83134425,2020-02-15,2020,2
MDG,-0.015196035,2020-02-15,2020,2
MWI,0.44368598,2020-02-15,2020,2
MYS,-0.7441084,2020-02-15,2020,2
MLI,-1.0214431,2020-02-15,2020,2
MRT,-1.6384047,2020-02-15,2020,2
MUS,-0.033409823,2020-02-15,2020,2
MEX,-0.20271236,2020-02-15,2020,2
MDA,-1.5659628,2020-02-15,2020,2
MNG,-0.25980678,2020-02-15,2020,2
MNE,-1.3261708,2020-02-15,2020,2
MAR,-1.2565289,2020-02-15,2020,2
MOZ,0.21505587,2020-02-15,2020,2
MMR,-0.3812065,2020-02-15,2020,2
NAM,0.19786118,2020-02-15,2020,2
NPL,0.70005476,2020-02-15,2020,2
NLD,0.7939153,2020-02-15,2020,2
NCL,-0.68138367,2020-02-15,2020,2
NZL,-0.31105453,2020-02-15,2020,2
NIC,-0.39273775,2020-02-15,2020,2
NER,0.03670506,2020-02-15,2020,2
NGA,-0.24298139,2020-02-15,2020,2
PRK,1.6601146,2020-02-15,2020,2
MKD,-1.2773299,2020-02-15,2020,2
NOR,1.1613184,2020-02-15,2020,2
OMN,-0.8119082,2020-02-15,2020,2
PAK,0.53382134,2020-02-15,2020,2
PSE,0.78346366,2020-02-15,2020,2
PAN,-0.53823054,2020-02-15,2020,2
PNG,-0.22270828,2020-02-15,2020,2
PRY,-0.14997172,2020-02-15,2020,2
PER,0.23515554,2020-02-15,2020,2
PHL,0.24048129,2020-02-15,2020,2
POL,0.17063189,2020-02-15,2020,2
PRT,-0.4697814,2020-02-15,2020,2
PRI,0.9167748,2020-02-15,2020,2
QAT,-0.40287638,2020-02-15,2020,2
SRB,-1.2539322,2020-02-15,2020,2
COG,0.39038342,2020-02-15,2020,2
ROU,-1.2705327,2020-02-15,2020,2
RUS,0.72879434,2020-02-15,2020,2
RWA,2.0833578,2020-02-15,2020,2
VCT,-0.19840911,2020-02-15,2020,2
WSM,1.9806663,2020-02-15,2020,2
SAU,-0.95828795,2020-02-15,2020,2
SEN,-2.4621503,2020-02-15,2020,2
SIA,-0.1314903,2020-02-15,2020,2
SLE,-1.217213,2020-02-15,2020,2
SVK,-0.12258755,2020-02-15,2020,2
SVN,-0.8215141,2020-02-15,2020,2
SLB,0.03802035,2020-02-15,2020,2
SOM,0.098237775,2020-02-15,2020,2
SOL,-0.21563691,2020-02-15,2020,2
ZAF,0.3821846,2020-02-15,2020,2
SGS,-0.098072655,2020-02-15,2020,2
KOR,1.7918565,2020-02-15,2020,2
SSD,0.7563452,2020-02-15,2020,2
ESP,-0.11292827,2020-02-15,2020,2
LKA,-0.18754496,2020-02-15,2020,2
SDN,0.48237127,2020-02-15,2020,2
SUR,-1.3714463,2020-02-15,2020,2
SWE,1.2537756,2020-02-15,2020,2
CHE,0.4019809,2020-02-15,2020,2
SYR,0.21278214,2020-02-15,2020,2
TWN,-0.4762592,2020-02-15,2020,2
TJK,-0.17964618,2020-02-15,2020,2
THA,-1.630061,2020-02-15,2020,2
BHS,0.06819125,2020-02-15,2020,2
TGO,-2.095706,2020-02-15,2020,2
TTO,-0.6810458,2020-02-15,2020,2
TUN,-1.738342,2020-02-15,2020,2
TUR,0.30569297,2020-02-15,2020,2
TKM,-0.6639634,2020-02-15,2020,2
UGA,1.5046043,2020-02-15,2020,2
UKR,-0.38813138,2020-02-15,2020,2
ARE,-0.15253477,2020-02-15,2020,2
GBR,1.2406155,2020-02-15,2020,2
TZA,1.4200251,2020-02-15,2020,2
VIR,1.6380874,2020-02-15,2020,2
USA,0.1888128,2020-02-15,2020,2
URY,-0.8178988,2020-02-15,2020,2
UZB,-0.8306887,2020-02-15,2020,2
VUT,0.053880364,2020-02-15,2020,2
VEN,-0.93828,2020-02-15,2020,2
VNM,-0.14336509,2020-02-15,2020,2
ESH,-1.7166113,2020-02-15,2020,2
YEM,-1.3011935,2020-02-15,2020,2
ZMB,0.07740073,2020-02-15,2020,2
ZWE,-0.049069624,2020-02-15,2020,2
SWZ,0.5212356,2020-02-15,2020,2
AFG,0.6931971,2020-03-16,2020,3
ALA,1.5926753,2020-03-16,2020,3
ALB,-1.4509033,2020-03-16,2020,3
DZA,-0.9831075,2020-03-16,2020,3
AGO,0.17748307,2020-03-16,2020,3
ARG,-0.5862367,2020-03-16,2020,3
ARM,0.15869918,2020-03-16,2020,3
AUS,0.35123375,2020-03-16,2020,3
AUT,-0.4394185,2020-03-16,2020,3
AZE,-0.82456225,2020-03-16,2020,3
BGD,0.2673618,2020-03-16,2020,3
BLR,-0.77293664,2020-03-16,2020,3
BEL,0.94771755,2020-03-16,2020,3
BLZ,-0.897837,2020-03-16,2020,3
BEN,-1.4763491,2020-03-16,2020,3
BTN,1.1218932,2020-03-16,2020,3
BOL,-0.6061058,2020-03-16,2020,3
BIH,-1.3600274,2020-03-16,2020,3
BWA,0.037477218,2020-03-16,2020,3
BRA,-0.106021315,2020-03-16,2020,3
BRN,-1.2749326,2020-03-16,2020,3
BGR,-1.0484644,2020-03-16,2020,3
BFA,-0.97684944,2020-03-16,2020,3
BDI,1.7363243,2020-03-16,2020,3
CPV,-2.0411904,2020-03-16,2020,3
KHM,-0.18395635,2020-03-16,2020,3
CMR,-0.5003273,2020-03-16,2020,3
CAN,0.0022066291,2020-03-16,2020,3
CAF,-0.45646447,2020-03-16,2020,3
TCD,0.04870328,2020-03-16,2020,3
CHL,-0.20866106,2020-03-16,2020,3
CHN,-0.47947043,2020-03-16,2020,3
COL,-1.0022217,2020-03-16,2020,3
COM,-0.85282934,2020-03-16,2020,3
CRI,0.97103405,2020-03-16,2020,3
HRV,-1.3005025,2020-03-16,2020,3
CUB,-1.4706582,2020-03-16,2020,3
CYP,1.1264086,2020-03-16,2020,3
CZE,-0.6691443,2020-03-16,2020,3
COD,0.1362984,2020-03-16,2020,3
DNK,0.87511414,2020-03-16,2020,3
DJI,0.21216477,2020-03-16,2020,3
DOM,-0.85111576,2020-03-16,2020,3
TLS,-2.0425375,2020-03-16,2020,3
ECU,-0.4186847,2020-03-16,2020,3
EGY,-0.1618074,2020-03-16,2020,3
SLV,-0.6777938,2020-03-16,2020,3
GNQ,-1.1145997,2020-03-16,2020,3
ERI,-0.119887315,2020-03-16,2020,3
EST,1.12946,2020-03-16,2020,3
ETH,0.07443569,2020-03-16,2020,3
FLK,-1.3835278,2020-03-16,2020,3
FRO,0.29212224,2020-03-16,2020,3
FJI,0.1525996,2020-03-16,2020,3
FIN,1.7196801,2020-03-16,2020,3
FRA,-0.15890454,2020-03-16,2020,3
PYF,0.21981478,2020-03-16,2020,3
ATF,-1.3585685,2020-03-16,2020,3
GAB,-0.041705966,2020-03-16,2020,3
GMB,-2.3181856,2020-03-16,2020,3
GEO,-0.09919525,2020-03-16,2020,3
DEU,0.48660326,2020-03-16,2020,3
GHA,-1.1107943,2020-03-16,2020,3
GRC,-1.4269544,2020-03-16,2020,3
GRL,0.52058136,2020-03-16,2020,3
GTM,-0.8464216,2020-03-16,2020,3
GIN,-1.6057055,2020-03-16,2020,3
GNB,-2.334665,2020-03-16,2020,3
GUY,-1.4917799,2020-03-16,2020,3
HTI,-1.3213365,2020-03-16,2020,3
HND,-0.51915264,2020-03-16,2020,3
HUN,-0.85724056,2020-03-16,2020,3
ISL,1.1833501,2020-03-16,2020,3
IND,0.63056034,2020-03-16,2020,3
IDN,-0.6040041,2020-03-16,2020,3
IRN,0.17153935,2020-03-16,2020,3
IRQ,-0.24226739,2020-03-16,2020,3
IRL,1.2067097,2020-03-16,2020,3
ISR,1.2114725,2020-03-16,2020,3
ITA,-1.3651572,2020-03-16,2020,3
CIV,-0.5826925,2020-03-16,2020,3
JAM,-1.2082013,2020-03-16,2020,3
JPN,0.1353773,2020-03-16,2020,3
JOR,0.80345225,2020-03-16,2020,3
KAZ,-1.0192921,2020-03-16,2020,3
KEN,0.93121064,2020-03-16,2020,3
XKX,-1.0949817,2020-03-16,2020,3
KWT,-0.9859362,2020-03-16,2020,3
KGZ,-0.41315463,2020-03-16,2020,3
LAO,-0.2604136,2020-03-16,2020,3
LVA,0.6522181,2020-03-16,2020,3
LBN,1.25476,2020-03-16,2020,3
LSO,0.8503797,2020-03-16,2020,3
LBR,-0.3939913,2020-03-16,2020,3
LBY,-0.32933852,2020-03-16,2020,3
LTU,0.19045591,2020-03-16,2020,3
LUX,1.0428126,2020-03-16,2020,3
MDG,-0.19719833,2020-03-16,2020,3
MWI,0.10715969,2020-03-16,2020,3
MYS,-1.2207272,2020-03-16,2020,3
MLI,-0.9431177,2020-03-16,2020,3
MRT,-1.5233581,2020-03-16,2020,3
MUS,0.35482866,2020-03-16,2020,3
MEX,-0.16032177,2020-03-16,2020,3
MDA,-1.7860701,2020-03-16,2020,3
MNG,-1.284465,2020-03-16,2020,3
MNE,-1.4565862,2020-03-16,2020,3
MAR,-1.2831382,2020-03-16,2020,3
MOZ,-0.35585222,2020-03-16,2020,3
MMR,-1.0282372,2020-03-16,2020,3
NAM,0.18251786,2020-03-16,2020,3
NPL,0.7515026,2020-03-16,2020,3
NLD,0.87914044,2020-03-16,2020,3
NCL,-0.50340146,2020-03-16,2020,3
NZL,-0.67811126,2020-03-16,2020,3
NIC,-0.2658997,2020-03-16,2020,3
NER,-0.31373906,2020-03-16,2020,3
NGA,-0.36586416,2020-03-16,2020,3
PRK,0.6498924,2020-03-16,2020,3
MKD,-0.96438736,2020-03-16,2020,3
NOR,1.1459194,2020-03-16,2020,3
OMN,0.68609494,2020-03-16,2020,3
PAK,1.2726027,2020-03-16,2020,3
PSE,0.9564807,2020-03-16,2020,3
PAN,-0.60260075,2020-03-16,2020,3
PNG,-0.19602767,2020-03-16,2020,3
PRY,-1.0973088,2020-03-16,2020,3
PER,-0.04428324,2020-03-16,2020,3
PHL,0.09715926,2020-03-16,2020,3
POL,-0.3196271,2020-03-16,2020,3
PRT,-0.7936096,2020-03-16,2020,3
PRI,0.97824025,2020-03-16,2020,3
QAT,-0.2706529,2020-03-16,2020,3
SRB,-0.775928,2020-03-16,2020,3
COG,-0.030610386,2020-03-16,2020,3
ROU,-1.034007,2020-03-16,2020,3
RUS,0.7193478,2020-03-16,2020,3
RWA,1.6748164,2020-03-16,2020,3
VCT,-0.89607954,2020-03-16,2020,3
WSM,1.8758457,2020-03-16,2020,3
SAU,-0.5242019,2020-03-16,2020,3
SEN,-2.2375686,2020-03-16,2020,3
SIA,-0.20480219,2020-03-16,2020,3
SLE,-0.7661868,2020-03-16,2020,3
SVK,-0.78385115,2020-03-16,2020,3
SVN,-1.1641362,2020-03-16,2020,3
SLB,0.03676895,2020-03-16,2020,3
SOM,-0.045325324,2020-03-16,2020,3
SOL,0.111881636,2020-03-16,2020,3
ZAF,0.070973925,2020-03-16,2020,3
SGS,-0.34912926,2020-03-16,2020,3
KOR,0.99390936,2020-03-16,2020,3
SSD,0.43969107,2020-03-16,2020,3
ESP,-0.20917235,2020-03-16,2020,3
LKA,-1.6051265,2020-03-16,2020,3
SDN,0.25728267,2020-03-16,2020,3
SUR,-1.6717565,2020-03-16,2020,3
SWE,1.2956389,2020-03-16,2020,3
CHE,0.18121086,2020-03-16,2020,3
SYR,0.21562155,2020-03-16,2020,3
TWN,-0.17746161,2020-03-16,2020,3
TJK,0.15152512,2020-03-16,2020,3
THA,-1.0172791,2020-03-16,2020,3
BHS,-1.4909381,2020-03-16,2020,3
TGO,-1.5547467,2020-03-16,2020,3
TTO,-1.0088729,2020-03-16,2020,3
TUN,-1.0971441,2020-03-16,2020,3
TUR,0.1432165,2020-03-16,2020,3
TKM,-0.70734537,2020-03-16,2020,3
UGA,0.8321129,2020-03-16,2020,3
UKR,-1.1304862,2020-03-16,2020,3
ARE,0.46436217,2020-03-16,2020,3
GBR,1.0117477,2020-03-16,2020,3
TZA,1.5636938,2020-03-16,2020,3
VIR,1.9147803,2020-03-16,2020,3
USA,0.282321,2020-03-16,2020,3
URY,-1.5893348,2020-03-16,2020,3
UZB,-1.4363275,2020-03-16,2020,3
VUT,0.036463335,2020-03-16,2020,3
VEN,-1.1457556,2020-03-16,2020,3
VNM,0.29890898,2020-03-16,2020,3
ESH,-1.6382358,2020-03-16,2020,3
YEM,-0.3784528,2020-03-16,2020,3
ZMB,0.170047,2020-03-16,2020,3
ZWE,-0.14362583,2020-03-16,2020,3
SWZ,0.22011442,2020-03-16,2020,3
AFG,0.45992425,2020-04-16,2020,4
ALA,0.93510884,2020-04-16,2020,4
ALB,-0.4795181,2020-04-16,2020,4
DZA,-0.5725589,2020-04-16,2020,4
AGO,0.1537887,2020-04-16,2020,4
ARG,-0.7568608,2020-04-16,2020,4
ARM,0.979532,2020-04-16,2020,4
AUS,0.24226467,2020-04-16,2020,4
AUT,-0.99417603,2020-04-16,2020,4
AZE,-0.04711325,2020-04-16,2020,4
BGD,0.2537775,2020-04-16,2020,4
BLR,-1.7531188,2020-04-16,2020,4
BEL,0.18504186,2020-04-16,2020,4
BLZ,-1.9403793,2020-04-16,2020,4
BEN,-0.945244,2020-04-16,2020,4
BTN,1.1122731,2020-04-16,2020,4
BOL,-0.3659625,2020-04-16,2020,4
BIH,-1.6314019,2020-04-16,2020,4
BWA,0.12044802,2020-04-16,2020,4
BRA,-0.14499567,2020-04-16,2020,4
BRN,-0.7613238,2020-04-16,2020,4
BGR,-0.5605075,2020-04-16,2020,4
BFA,-1.101568,2020-04-16,2020,4
BDI,1.3012674,2020-04-16,2020,4
CPV,-2.471442,2020-04-16,2020,4
KHM,-0.5785221,2020-04-16,2020,4
CMR,-0.46966055,2020-04-16,2020,4
CAN,0.051440295,2020-04-16,2020,4
CAF,-0.5944191,2020-04-16,2020,4
TCD,-0.29956067,2020-04-16,2020,4
CHL,-0.54328257,2020-04-16,2020,4
CHN,-0.9397079,2020-04-16,2020,4
COL,-1.1200019,2020-04-16,2020,4
COM,-2.1048443,2020-04-16,2020,4
CRI,0.80553186,2020-04-16,2020,4
HRV,-1.5261822,2020-04-16,2020,4
CUB,-1.7743771,2020-04-16,2020,4
CYP,0.34957737,2020-04-16,2020,4
CZE,-1.6537763,2020-04-16,2020,4
COD,0.123599224,2020-04-16,2020,4
DNK,-0.5323337,2020-04-16,2020,4
DJI,0.3105699,2020-04-16,2020,4
DOM,-0.93986565,2020-04-16,2020,4
TLS,-1.9075769,2020-04-16,2020,4
ECU,-0.76798725,2020-04-16,2020,4
EGY,-0.00037200114,2020-04-16,2020,4
SLV,-0.53732526,2020-04-16,2020,4
GNQ,-0.6858808,2020-04-16,2020,4
ERI,-0.36939377,2020-04-16,2020,4
EST,1.0070884,2020-04-16,2020,4
ETH,0.07360775,2020-04-16,2020,4
FLK,-1.9345908,2020-04-16,2020,4
FRO,-0.019612761,2020-04-16,2020,4
FJI,1.0608572,2020-04-16,2020,4
FIN,1.5343424,2020-04-16,2020,4
FRA,-0.43607315,2020-04-16,2020,4
PYF,0.29886416,2020-04-16,2020,4
ATF,0.47162968,2020-04-16,2020,4
GAB,-0.3274801,2020-04-16,2020,4
GMB,-2.325082,2020-04-16,2020,4
GEO,0.09274873,2020-04-16,2020,4
DEU,-0.5302823,2020-04-16,2020,4
GHA,-0.9226566,2020-04-16,2020,4
GRC,-0.31736135,2020-04-16,2020,4
GRL,0.12179143,2020-04-16,2020,4
GTM,-1.0507094,2020-04-16,2020,4
GIN,-0.4653343,2020-04-16,2020,4
GNB,-2.1873207,2020-04-16,2020,4
GUY,0.013651621,2020-04-16,2020,4
HTI,-2.0588112,2020-04-16,2020,4
HND,-1.0355253,2020-04-16,2020,4
HUN,-1.7185409,2020-04-16,2020,4
ISL,0.8128588,2020-04-16,2020,4
IND,0.5396553,2020-04-16,2020,4
IDN,0.112023376,2020-04-16,2020,4
IRN,0.5560216,2020-04-16,2020,4
IRQ,-0.10364951,2020-04-16,2020,4
IRL,0.99120486,2020-04-16,2020,4
ISR,0.5475826,2020-04-16,2020,4
ITA,-1.2076653,2020-04-16,2020,4
CIV,-0.75929755,2020-04-16,2020,4
JAM,-1.1267374,2020-04-16,2020,4
JPN,-0.024558663,2020-04-16,2020,4
JOR,0.47845817,2020-04-16,2020,4
KAZ,-1.4317684,2020-04-16,2020,4
KEN,0.31039807,2020-04-16,2020,4
XKX,-0.81583977,2020-04-16,2020,4
KWT,-0.6161086,2020-04-16,2020,4
KGZ,0.3635885,2020-04-16,2020,4
LAO,-0.5467116,2020-04-16,2020,4
LVA,-0.3575101,2020-04-16,2020,4
LBN,0.10787896,2020-04-16,2020,4
LSO,0.8572731,2020-04-16,2020,4
LBR,-0.2751561,2020-04-16,2020,4
LBY,-0.56678843,2020-04-16,2020,4
LTU,-1.3881183,2020-04-16,2020,4
LUX,0.550104,2020-04-16,2020,4
MDG,-0.3306273,2020-04-16,2020,4
MWI,-0.48181656,2020-04-16,2020,4
MYS,-0.63782454,2020-04-16,2020,4
MLI,-1.095213,2020-04-16,2020,4
MRT,-1.5863066,2020-04-16,2020,4
MUS,-0.4172239,2020-04-16,2020,4
MEX,-0.2814239,2020-04-16,2020,4
MDA,-2.2860386,2020-04-16,2020,4
MNG,-2.1603913,2020-04-16,2020,4
MNE,-1.5777715,2020-04-16,2020,4
MAR,-1.0547478,2020-04-16,2020,4
MOZ,-0.9543048,2020-04-16,2020,4
MMR,-0.4716076,2020-04-16,2020,4
NAM,0.23413427,2020-04-16,2020,4
NPL,0.765374,2020-04-16,2020,4
NLD,-0.37148008,2020-04-16,2020,4
NCL,0.035572585,2020-04-16,2020,4
NZL,-0.10576135,2020-04-16,2020,4
NIC,-0.6314713,2020-04-16,2020,4
NER,-0.5837294,2020-04-16,2020,4
NGA,-0.3645283,2020-04-16,2020,4
PRK,-0.98706555,2020-04-16,2020,4
MKD,-0.13931045,2020-04-16,2020,4
NOR,0.90316314,2020-04-16,2020,4
OMN,0.18264371,2020-04-16,2020,4
PAK,0.5643257,2020-04-16,2020,4
PSE,0.17226775,2020-04-16,2020,4
PAN,-0.8968852,2020-04-16,2020,4
PNG,-0.041732937,2020-04-16,2020,4
PRY,-1.6738296,2020-04-16,2020,4
PER,-0.079811595,2020-04-16,2020,4
PHL,0.06703133,2020-04-16,2020,4
POL,-1.7521497,2020-04-16,2020,4
PRT,-0.1133872,2020-04-16,2020,4
PRI,0.30586094,2020-04-16,2020,4
QAT,-0.3335189,2020-04-16,2020,4
SRB,-1.2997154,2020-04-16,2020,4
COG,-0.31240064,2020-04-16,2020,4
ROU,-1.6724019,2020-04-16,2020,4
RUS,-0.34467474,2020-04-16,2020,4
RWA,1.542786,2020-04-16,2020,4
VCT,-1.9518749,2020-04-16,2020,4
WSM,1.6955715,2020-04-16,2020,4
SAU,-0.60991764,2020-04-16,2020,4
SEN,-2.2075357,2020-04-16,2020,4
SIA,-0.18983173,2020-04-16,2020,4
SLE,1.2254239,2020-04-16,2020,4
SVK,-1.7545112,2020-04-16,2020,4
SVN,-1.2839978,2020-04-16,2020,4
SLB,-0.00069170434,2020-04-16,2020,4
SOM,0.16344632,2020-04-16,2020,4
SOL,0.31874305,2020-04-16,2020,4
ZAF,0.003882049,2020-04-16,2020,4
SGS,-0.26112652,2020-04-16,2020,4
KOR,-1.3079922,2020-04-16,2020,4
SSD,-0.030831678,2020-04-16,2020,4
ESP,0.13725518,2020-04-16,2020,4
LKA,-0.71333194,2020-04-16,2020,4
SDN,-0.031992678,2020-04-16,2020,4
SUR,-0.92517644,2020-04-16,2020,4
SWE,0.74086404,2020-04-16,2020,4
CHE,-0.31858662,2020-04-16,2020,4
SYR,0.20543005,2020-04-16,2020,4
TWN,-0.24827433,2020-04-16,2020,4
TJK,0.65965337,2020-04-16,2020,4
THA,-0.54336166,2020-04-16,2020,4
BHS,-0.71337193,2020-04-16,2020,4
TGO,-1.210136,2020-04-16,2020,4
TTO,-2.272368,2020-04-16,2020,4
TUN,-0.34421456,2020-04-16,2020,4
TUR,-0.0229824,2020-04-16,2020,4
TKM,-0.10975,2020-04-16,2020,4
UGA,0.5134967,2020-04-16,2020,4
UKR,-1.8489101,2020-04-16,2020,4
ARE,0.0830273,2020-04-16,2020,4
GBR,0.5254362,2020-04-16,2020,4
TZA,1.1367444,2020-04-16,2020,4
VIR,0.2953227,2020-04-16,2020,4
USA,0.4133637,2020-04-16,2020,4
URY,-1.7376246,2020-04-16,2020,4
UZB,-0.9384952,2020-04-16,2020,4
VUT,-0.0653333,2020-04-16,2020,4
VEN,-0.828588,2020-04-16,2020,4
VNM,0.051257696,2020-04-16,2020,4
ESH,-1.5523654,2020-04-16,2020,4
YEM,-0.13136317,2020-04-16,2020,4
ZMB,0.22783503,2020-04-16,2020,4
ZWE,-0.15861078,2020-04-16,2020,4
SWZ,0.25561044,2020-04-16,2020,4
AFG,0.53458554,2020-05-16,2020,5
ALA,-0.27245045,2020-05-16,2020,5
ALB,-0.15385997,2020-05-16,2020,5
DZA,-0.18196559,2020-05-16,2020,5
AGO,0.14433418,2020-05-16,2020,5
ARG,-1.1516232,2020-05-16,2020,5
ARM,0.50010526,2020-05-16,2020,5
AUS,0.057582323,2020-05-16,2020,5
AUT,-1.5046247,2020-05-16,2020,5
AZE,0.03661805,2020-05-16,2020,5
BGD,0.63081515,2020-05-16,2020,5
BLR,-0.9559097,2020-05-16,2020,5
BEL,-2.032036,2020-05-16,2020,5
BLZ,0.8397655,2020-05-16,2020,5
BEN,-0.54286104,2020-05-16,2020,5
BTN,1.1554633,2020-05-16,2020,5
BOL,-1.2147167,2020-05-16,2020,5
BIH,-1.6274234,2020-05-16,2020,5
BWA,-0.09951648,2020-05-16,2020,5
BRA,-0.16888224,2020-05-16,2020,5
BRN,0.5884716,2020-05-16,2020,5
BGR,0.0061112326,2020-05-16,2020,5
BFA,-1.0721575,2020-05-16,2020,5
BDI,0.788505,2020-05-16,2020,5
CPV,-1.4169364,2020-05-16,2020,5
KHM,-0.8399188,2020-05-16,2020,5
CMR,-0.6429155,2020-05-16,2020,5
CAN,0.109181896,2020-05-16,2020,5
CAF,-0.8278344,2020-05-16,2020,5
TCD,-0.7137542,2020-05-16,2020,5
CHL,-0.7550832,2020-05-16,2020,5
CHN,-0.7689042,2020-05-16,2020,5
COL,-1.0771612,2020-05-16,2020,5
COM,-1.4512423,2020-05-16,2020,5
CRI,0.22836341,2020-05-16,2020,5
HRV,-1.4872243,2020-05-16,2020,5
CUB,-0.63925385,2020-05-16,2020,5
CYP,0.86346555,2020-05-16,2020,5
CZE,-1.7516553,2020-05-16,2020,5
COD,0.047440115,2020-05-16,2020,5
DNK,-1.7685081,2020-05-16,2020,5
DJI,0.34609693,2020-05-16,2020,5
DOM,-0.64844424,2020-05-16,2020,5
TLS,-1.1181871,2020-05-16,2020,5
ECU,-0.17809469,2020-05-16,2020,5
EGY,-0.014002068,2020-05-16,2020,5
SLV,-0.19633362,2020-05-16,2020,5
GNQ,-0.12766662,2020-05-16,2020,5
ERI,-0.32146782,2020-05-16,2020,5
EST,-0.25657672,2020-05-16,2020,5
ETH,0.29727504,2020-05-16,2020,5
FLK,-2.3967347,2020-05-16,2020,5
FRO,-0.34650472,2020-05-16,2020,5
FJI,1.9696116,2020-05-16,2020,5
FIN,0.11694911,2020-05-16,2020,5
FRA,-1.025943,2020-05-16,2020,5
PYF,-1.6957061,2020-05-16,2020,5
ATF,1.0776763,2020-05-16,2020,5
GAB,-0.43757957,2020-05-16,2020,5
GMB,-2.3894143,2020-05-16,2020,5
GEO,0.40278095,2020-05-16,2020,5
DEU,-1.9598703,2020-05-16,2020,5
GHA,-0.48889616,2020-05-16,2020,5
GRC,0.2627931,2020-05-16,2020,5
GRL,-0.0537686,2020-05-16,2020,5
GTM,0.48863608,2020-05-16,2020,5
GIN,-0.69391847,2020-05-16,2020,5
GNB,-2.515228,2020-05-16,2020,5
GUY,0.96903706,2020-05-16,2020,5
HTI,-1.643606,2020-05-16,2020,5
HND,-0.025279684,2020-05-16,2020,5
HUN,-1.74609,2020-05-16,2020,5
ISL,0.24909548,2020-05-16,2020,5
IND,0.49727285,2020-05-16,2020,5
IDN,0.35792598,2020-05-16,2020,5
IRN,0.5413478,2020-05-16,2020,5
IRQ,-0.40592203,2020-05-16,2020,5
IRL,-2.04523,2020-05-16,2020,5
ISR,0.25312692,2020-05-16,2020,5
ITA,-0.77594525,2020-05-16,2020,5
CIV,-0.6712895,2020-05-16,2020,5
JAM,-0.061304767,2020-05-16,2020,5
JPN,-0.24838874,2020-05-16,2020,5
JOR,0.27684394,2020-05-16,2020,5
KAZ,-1.6849124,2020-05-16,2020,5
KEN,-0.100075245,2020-05-16,2020,5
XKX,-0.71281916,2020-05-16,2020,5
KWT,-0.50486386,2020-05-16,2020,5
KGZ,-0.3119566,2020-05-16,2020,5
LAO,-1.3212428,2020-05-16,2020,5
LVA,-0.8604411,2020-05-16,2020,5
LBN,0.9599261,2020-05-16,2020,5
LSO,0.32363114,2020-05-16,2020,5
LBR,-0.26573294,2020-05-16,2020,5
LBY,-0.4994692,2020-05-16,2020,5
LTU,-1.1520404,2020-05-16,2020,5
LUX,-1.8118964,2020-05-16,2020,5
MDG,-0.4787666,2020-05-16,2020,5
MWI,-0.6128177,2020-05-16,2020,5
MYS,-0.18113963,2020-05-16,2020,5
MLI,-0.9073214,2020-05-16,2020,5
MRT,-1.3480896,2020-05-16,2020,5
MUS,-1.0158811,2020-05-16,2020,5
MEX,-0.5866381,2020-05-16,2020,5
MDA,-1.1409855,2020-05-16,2020,5
MNG,-1.8907437,2020-05-16,2020,5
MNE,-1.5741409,2020-05-16,2020,5
MAR,-0.7991961,2020-05-16,2020,5
MOZ,-1.3842578,2020-05-16,2020,5
MMR,-0.7551983,2020-05-16,2020,5
NAM,0.09348435,2020-05-16,2020,5
NPL,0.9730758,2020-05-16,2020,5
NLD,-2.3940449,2020-05-16,2020,5
NCL,-0.20968957,2020-05-16,2020,5
NZL,-0.14829236,2020-05-16,2020,5
NIC,-0.20528777,2020-05-16,2020,5
NER,-0.856173,2020-05-16,2020,5
NGA,-0.43368718,2020-05-16,2020,5
PRK,-0.4540783,2020-05-16,2020,5
MKD,-0.14789884,2020-05-16,2020,5
NOR,0.41104248,2020-05-16,2020,5
OMN,0.5543266,2020-05-16,2020,5
PAK,0.8239732,2020-05-16,2020,5
PSE,0.39796817,2020-05-16,2020,5
PAN,-0.9728443,2020-05-16,2020,5
PNG,0.08637301,2020-05-16,2020,5
PRY,-1.8091052,2020-05-16,2020,5
PER,-0.135682,2020-05-16,2020,5
PHL,-0.053518698,2020-05-16,2020,5
POL,-1.6573818,2020-05-16,2020,5
PRT,0.70201623,2020-05-16,2020,5
PRI,-0.6146712,2020-05-16,2020,5
QAT,-0.14388877,2020-05-16,2020,5
SRB,-1.3399562,2020-05-16,2020,5
COG,-0.5429547,2020-05-16,2020,5
ROU,-1.0763049,2020-05-16,2020,5
RUS,-0.47239596,2020-05-16,2020,5
RWA,0.74157035,2020-05-16,2020,5
VCT,-2.7763054,2020-05-16,2020,5
WSM,-0.42345977,2020-05-16,2020,5
SAU,-0.48271927,2020-05-16,2020,5
SEN,-2.1924946,2020-05-16,2020,5
SIA,0.42714733,2020-05-16,2020,5
SLE,0.97650313,2020-05-16,2020,5
SVK,-1.8694923,2020-05-16,2020,5
SVN,-1.2345377,2020-05-16,2020,5
SLB,0.0028644428,2020-05-16,2020,5
SOM,0.03126586,2020-05-16,2020,5
SOL,0.35250723,2020-05-16,2020,5
ZAF,-0.7199683,2020-05-16,2020,5
SGS,-0.18064894,2020-05-16,2020,5
KOR,-1.1267586,2020-05-16,2020,5
SSD,-0.27728212,2020-05-16,2020,5
ESP,0.65380996,2020-05-16,2020,5
LKA,-0.42278117,2020-05-16,2020,5
SDN,-0.41174087,2020-05-16,2020,5
SUR,-0.71600485,2020-05-16,2020,5
SWE,0.20202354,2020-05-16,2020,5
CHE,-1.5261902,2020-05-16,2020,5
SYR,0.5726092,2020-05-16,2020,5
TWN,0.37627837,2020-05-16,2020,5
TJK,0.346126,2020-05-16,2020,5
THA,-1.0717807,2020-05-16,2020,5
BHS,0.23451088,2020-05-16,2020,5
TGO,-0.3808499,2020-05-16,2020,5
TTO,-2.5356224,2020-05-16,2020,5
TUN,-0.40650153,2020-05-16,2020,5
TUR,0.0020013102,2020-05-16,2020,5
TKM,-0.039649844,2020-05-16,2020,5
UGA,0.033001676,2020-05-16,2020,5
UKR,-0.8128139,2020-05-16,2020,5
ARE,0.28658837,2020-05-16,2020,5
GBR,-2.2837431,2020-05-16,2020,5
TZA,1.0573373,2020-05-16,2020,5
VIR,-1.3647748,2020-05-16,2020,5
USA,0.24798205,2020-05-16,2020,5
URY,-1.2898897,2020-05-16,2020,5
UZB,-0.78041095,2020-05-16,2020,5
VUT,0.016645841,2020-05-16,2020,5
VEN,-0.5835295,2020-05-16,2020,5
VNM,-0.5836834,2020-05-16,2020,5
ESH,-1.2528671,2020-05-16,2020,5
YEM,0.14666143,2020-05-16,2020,5
ZMB,0.085214145,2020-05-16,2020,5
ZWE,-0.42961302,2020-05-16,2020,5
SWZ,-1.5783671,2020-05-16,2020,5
AFG,0.19619828,2020-06-16,2020,6
ALA,-1.2128069,2020-06-16,2020,6
ALB,0.3325533,2020-06-16,2020,6
DZA,-0.28399602,2020-06-16,2020,6
AGO,0.09166043,2020-06-16,2020,6
ARG,-0.67643154,2020-06-16,2020,6
ARM,-0.433502,2020-06-16,2020,6
AUS,-0.34893692,2020-06-16,2020,6
AUT,-0.31039003,2020-06-16,2020,6
AZE,-0.6327762,2020-06-16,2020,6
BGD,0.31769237,2020-06-16,2020,6
BLR,-0.039517988,2020-06-16,2020,6
BEL,-1.9037982,2020-06-16,2020,6
BLZ,1.5016598,2020-06-16,2020,6
BEN,-0.1927387,2020-06-16,2020,6
BTN,0.64014155,2020-06-16,2020,6
BOL,-0.27575293,2020-06-16,2020,6
BIH,-1.1541028,2020-06-16,2020,6
BWA,-0.04966946,2020-06-16,2020,6
BRA,0.032599673,2020-06-16,2020,6
BRN,0.9510286,2020-06-16,2020,6
BGR,0.48212683,2020-06-16,2020,6
BFA,-0.73239625,2020-06-16,2020,6
BDI,0.56799376,2020-06-16,2020,6
CPV,-1.4288454,2020-06-16,2020,6
KHM,-0.80248094,2020-06-16,2020,6
CMR,-0.5777322,2020-06-16,2020,6
CAN,0.11436732,2020-06-16,2020,6
CAF,-0.9044361,2020-06-16,2020,6
TCD,-0.7990756,2020-06-16,2020,6
CHL,-0.15917283,2020-06-16,2020,6
CHN,-0.3479961,2020-06-16,2020,6
COL,-0.5591625,2020-06-16,2020,6
COM,-1.093042,2020-06-16,2020,6
CRI,-0.1935246,2020-06-16,2020,6
HRV,-0.94177014,2020-06-16,2020,6
CUB,-0.24018295,2020-06-16,2020,6
CYP,0.69668555,2020-06-16,2020,6
CZE,-0.8396294,2020-06-16,2020,6
COD,0.025715007,2020-06-16,2020,6
DNK,-1.5047934,2020-06-16,2020,6
DJI,0.5875477,2020-06-16,2020,6
DOM,-1.5328104,2020-06-16,2020,6
TLS,-0.27217957,2020-06-16,2020,6
ECU,0.16438279,2020-06-16,2020,6
EGY,0.79980516,2020-06-16,2020,6
SLV,-0.0033038855,2020-06-16,2020,6
GNQ,0.014324446,2020-06-16,2020,6
ERI,0.36503184,2020-06-16,2020,6
EST,-0.5682666,2020-06-16,2020,6
ETH,0.3545944,2020-06-16,2020,6
FLK,-1.4210737,2020-06-16,2020,6
FRO,-0.722793,2020-06-16,2020,6
FJI,0.44440728,2020-06-16,2020,6
FIN,-1.032102,2020-06-16,2020,6
FRA,-0.797946,2020-06-16,2020,6
PYF,-1.4896059,2020-06-16,2020,6
ATF,1.2848611,2020-06-16,2020,6
GAB,-0.13518074,2020-06-16,2020,6
GMB,-0.8305416,2020-06-16,2020,6
GEO,-0.48975286,2020-06-16,2020,6
DEU,-1.5583625,2020-06-16,2020,6
GHA,-0.3964066,2020-06-16,2020,6
GRC,0.49492997,2020-06-16,2020,6
GRL,0.16019213,2020-06-16,2020,6
GTM,1.053153,2020-06-16,2020,6
GIN,-0.50120527,2020-06-16,2020,6
GNB,-0.8077137,2020-06-16,2020,6
GUY,1.477782,2020-06-16,2020,6
HTI,-2.0997844,2020-06-16,2020,6
HND,0.13246146,2020-06-16,2020,6
HUN,-0.9278627,2020-06-16,2020,6
ISL,0.18997921,2020-06-16,2020,6
IND,0.40946892,2020-06-16,2020,6
IDN,0.7677583,2020-06-16,2020,6
IRN,0.030460063,2020-06-16,2020,6
IRQ,-0.88521546,2020-06-16,2020,6
IRL,-1.4068191,2020-06-16,2020,6
ISR,0.36631134,2020-06-16,2020,6
ITA,-0.10846236,2020-06-16,2020,6
CIV,-0.4877281,2020-06-16,2020,6
JAM,0.28634685,2020-06-16,2020,6
JPN,-0.14600594,2020-06-16,2020,6
JOR,0.41260338,2020-06-16,2020,6
KAZ,-1.3552017,2020-06-16,2020,6
KEN,-0.28472272,2020-06-16,2020,6
XKX,-0.32050213,2020-06-16,2020,6
KWT,-1.0081563,2020-06-16,2020,6
KGZ,-0.096085936,2020-06-16,2020,6
LAO,-1.9630504,2020-06-16,2020,6
LVA,-0.37885875,2020-06-16,2020,6
LBN,0.56024855,2020-06-16,2020,6
LSO,-0.7394784,2020-06-16,2020,6
LBR,-0.10918959,2020-06-16,2020,6
LBY,-0.14187922,2020-06-16,2020,6
LTU,-0.20502172,2020-06-16,2020,6
LUX,-1.7667799,2020-06-16,2020,6
MDG,-0.33327138,2020-06-16,2020,6
MWI,-0.79253614,2020-06-16,2020,6
MYS,1.0680151,2020-06-16,2020,6
MLI,-0.5720409,2020-06-16,2020,6
MRT,-0.7895332,2020-06-16,2020,6
MUS,-1.8013393,2020-06-16,2020,6
MEX,-0.69460326,2020-06-16,2020,6
MDA,-0.29597545,2020-06-16,2020,6
MNG,-1.3097643,2020-06-16,2020,6
MNE,-0.9342734,2020-06-16,2020,6
MAR,-0.68716836,2020-06-16,2020,6
MOZ,-0.92644614,2020-06-16,2020,6
MMR,-0.5254093,2020-06-16,2020,6
NAM,0.13814063,2020-06-16,2020,6
NPL,0.56593066,2020-06-16,2020,6
NLD,-2.0740905,2020-06-16,2020,6
NCL,-0.61520416,2020-06-16,2020,6
NZL,-0.47973725,2020-06-16,2020,6
NIC,0.39860457,2020-06-16,2020,6
NER,-0.87492687,2020-06-16,2020,6
NGA,-0.61022127,2020-06-16,2020,6
PRK,-0.18505625,2020-06-16,2020,6
MKD,-0.0023098642,2020-06-16,2020,6
NOR,-0.61543673,2020-06-16,2020,6
OMN,-0.2820264,2020-06-16,2020,6
PAK,-0.034614325,2020-06-16,2020,6
PSE,0.39479592,2020-06-16,2020,6
PAN,-0.7980483,2020-06-16,2020,6
PNG,0.14295842,2020-06-16,2020,6
PRY,-1.1076068,2020-06-16,2020,6
PER,0.04668937,2020-06-16,2020,6
PHL,-0.07310627,2020-06-16,2020,6
POL,-0.4988815,2020-06-16,2020,6
PRT,0.5207697,2020-06-16,2020,6
PRI,-1.048469,2020-06-16,2020,6
QAT,-0.77876717,2020-06-16,2020,6
SRB,-0.8585147,2020-06-16,2020,6
COG,-0.4370447,2020-06-16,2020,6
ROU,-0.15039468,2020-06-16,2020,6
RUS,-0.7865049,2020-06-16,2020,6
RWA,0.25083604,2020-06-16,2020,6
VCT,-2.40733,2020-06-16,2020,6
WSM,1.4283128,2020-06-16,2020,6
SAU,-0.60905564,2020-06-16,2020,6
SEN,-0.96421367,2020-06-16,2020,6
SIA,0.5565282,2020-06-16,2020,6
SLE,0.8192257,2020-06-16,2020,6
SVK,-0.76202047,2020-06-16,2020,6
SVN,-0.31438345,2020-06-16,2020,6
SLB,0.025314316,2020-06-16,2020,6
SOM,-0.096379705,2020-06-16,2020,6
SOL,0.37942255,2020-06-16,2020,6
ZAF,-0.89662725,2020-06-16,2020,6
SGS,-0.3819602,2020-06-16,2020,6
KOR,0.009189196,2020-06-16,2020,6
SSD,-0.20058456,2020-06-16,2020,6
ESP,0.22675046,2020-06-16,2020,6
LKA,0.14804186,2020-06-16,2020,6
SDN,0.2437282,2020-06-16,2020,6
SUR,-0.37417516,2020-06-16,2020,6
SWE,-0.9331789,2020-06-16,2020,6
CHE,-1.2148733,2020-06-16,2020,6
SYR,0.12783314,2020-06-16,2020,6
TWN,0.18900482,2020-06-16,2020,6
TJK,0.15236,2020-06-16,2020,6
THA,-0.7366416,2020-06-16,2020,6
BHS,0.10261589,2020-06-16,2020,6
TGO,-0.1652531,2020-06-16,2020,6
TTO,-1.963618,2020-06-16,2020,6
TUN,-1.1025517,2020-06-16,2020,6
TUR,0.34732535,2020-06-16,2020,6
TKM,0.10230671,2020-06-16,2020,6
UGA,-0.23741889,2020-06-16,2020,6
UKR,-0.05038615,2020-06-16,2020,6
ARE,-0.7677277,2020-06-16,2020,6
GBR,-1.5989615,2020-06-16,2020,6
TZA,0.29612967,2020-06-16,2020,6
VIR,-1.979125,2020-06-16,2020,6
USA,0.075971596,2020-06-16,2020,6
URY,0.43594682,2020-06-16,2020,6
UZB,-0.37197793,2020-06-16,2020,6
VUT,0.06401574,2020-06-16,2020,6
VEN,-0.6811569,2020-06-16,2020,6
VNM,-1.3141726,2020-06-16,2020,6
ESH,-1.1814775,2020-06-16,2020,6
YEM,0.054569133,2020-06-16,2020,6
ZMB,0.2404384,2020-06-16,2020,6
ZWE,0.14875071,2020-06-16,2020,6
SWZ,-0.58679396,2020-06-16,2020,6
AFG,-0.55865115,2020-07-16,2020,7
ALA,0.08400316,2020-07-16,2020,7
ALB,0.01849356,2020-07-16,2020,7
DZA,-0.6022221,2020-07-16,2020,7
AGO,-0.048759677,2020-07-16,2020,7
ARG,-0.41221732,2020-07-16,2020,7
ARM,0.08037288,2020-07-16,2020,7
AUS,-0.466841,2020-07-16,2020,7
AUT,0.5767651,2020-07-16,2020,7
AZE,-0.808021,2020-07-16,2020,7
BGD,0.26025307,2020-07-16,2020,7
BLR,0.52545804,2020-07-16,2020,7
BEL,-1.4836948,2020-07-16,2020,7
BLZ,1.0426902,2020-07-16,2020,7
BEN,0.36863986,2020-07-16,2020,7
BTN,0.9744823,2020-07-16,2020,7
BOL,-0.43553358,2020-07-16,2020,7
BIH,-0.4274378,2020-07-16,2020,7
BWA,-0.75591195,2020-07-16,2020,7
BRA,-0.17312975,2020-07-16,2020,7
BRN,2.0744734,2020-07-16,2020,7
BGR,0.5493088,2020-07-16,2020,7
BFA,0.16325931,2020-07-16,2020,7
BDI,-0.19624619,2020-07-16,2020,7
CPV,-0.12311596,2020-07-16,2020,7
KHM,-0.8219802,2020-07-16,2020,7
CMR,0.17851254,2020-07-16,2020,7
CAN,0.016727695,2020-07-16,2020,7
CAF,-0.20753984,2020-07-16,2020,7
TCD,-0.7799324,2020-07-16,2020,7
CHL,0.15681711,2020-07-16,2020,7
CHN,-0.0034250107,2020-07-16,2020,7
COL,0.32706004,2020-07-16,2020,7
COM,0.51007533,2020-07-16,2020,7
CRI,-1.0593992,2020-07-16,2020,7
HRV,-0.055338982,2020-07-16,2020,7
CUB,0.48616865,2020-07-16,2020,7
CYP,0.6746161,2020-07-16,2020,7
CZE,-0.14944725,2020-07-16,2020,7
COD,0.13656612,2020-07-16,2020,7
DNK,-0.21773948,2020-07-16,2020,7
DJI,0.2668548,2020-07-16,2020,7
DOM,-1.3668054,2020-07-16,2020,7
TLS,0.38572243,2020-07-16,2020,7
ECU,0.6093408,2020-07-16,2020,7
EGY,0.2757247,2020-07-16,2020,7
SLV,-0.24326262,2020-07-16,2020,7
GNQ,0.3980146,2020-07-16,2020,7
ERI,0.32971475,2020-07-16,2020,7
EST,0.07919817,2020-07-16,2020,7
ETH,0.3139877,2020-07-16,2020,7
FLK,0.67071605,2020-07-16,2020,7
FRO,-0.44403744,2020-07-16,2020,7
FJI,0.5574948,2020-07-16,2020,7
FIN,-0.11573142,2020-07-16,2020,7
FRA,-1.1305729,2020-07-16,2020,7
PYF,-0.5435777,2020-07-16,2020,7
ATF,1.1145558,2020-07-16,2020,7
GAB,0.61608344,2020-07-16,2020,7
GMB,-2.3570652,2020-07-16,2020,7
GEO,-0.14930299,2020-07-16,2020,7
DEU,-1.0484818,2020-07-16,2020,7
GHA,-0.07307574,2020-07-16,2020,7
GRC,0.30400494,2020-07-16,2020,7
GRL,0.38542297,2020-07-16,2020,7
GTM,0.80680907,2020-07-16,2020,7
GIN,-0.87212026,2020-07-16,2020,7
GNB,-2.3746476,2020-07-16,2020,7
GUY,0.9784094,2020-07-16,2020,7
HTI,-2.0073276,2020-07-16,2020,7
HND,-0.17428546,2020-07-16,2020,7
HUN,0.29940802,2020-07-16,2020,7
ISL,-0.13113745,2020-07-16,2020,7
IND,-0.14661397,2020-07-16,2020,7
IDN,0.70612,2020-07-16,2020,7
IRN,-1.0462502,2020-07-16,2020,7
IRQ,-1.3435634,2020-07-16,2020,7
IRL,0.3581766,2020-07-16,2020,7
ISR,0.23812193,2020-07-16,2020,7
ITA,-0.07553664,2020-07-16,2020,7
CIV,-0.14039078,2020-07-16,2020,7
JAM,0.56539303,2020-07-16,2020,7
JPN,1.0495005,2020-07-16,2020,7
JOR,0.21339539,2020-07-16,2020,7
KAZ,-1.3468591,2020-07-16,2020,7
KEN,0.107233435,2020-07-16,2020,7
XKX,-0.05104102,2020-07-16,2020,7
KWT,-1.3887548,2020-07-16,2020,7
KGZ,-0.34037697,2020-07-16,2020,7
LAO,-2.4341872,2020-07-16,2020,7
LVA,0.24892722,2020-07-16,2020,7
LBN,0.6116416,2020-07-16,2020,7
LSO,-1.8907957,2020-07-16,2020,7
LBR,-0.04785954,2020-07-16,2020,7
LBY,-0.30202323,2020-07-16,2020,7
LTU,0.36453474,2020-07-16,2020,7
LUX,-1.4614518,2020-07-16,2020,7
MDG,-0.62751883,2020-07-16,2020,7
MWI,0.5279942,2020-07-16,2020,7
MYS,1.672766,2020-07-16,2020,7
MLI,-0.199686,2020-07-16,2020,7
MRT,-0.7318399,2020-07-16,2020,7
MUS,-1.933283,2020-07-16,2020,7
MEX,-0.81314415,2020-07-16,2020,7
MDA,0.45861396,2020-07-16,2020,7
MNG,-0.24538548,2020-07-16,2020,7
MNE,-0.29900295,2020-07-16,2020,7
MAR,-1.1647955,2020-07-16,2020,7
MOZ,-0.3954074,2020-07-16,2020,7
MMR,-0.8073103,2020-07-16,2020,7
NAM,-0.16001093,2020-07-16,2020,7
NPL,0.20552468,2020-07-16,2020,7
NLD,-1.1014795,2020-07-16,2020,7
NCL,-1.1889167,2020-07-16,2020,7
NZL,-0.49593434,2020-07-16,2020,7
NIC,0.0028341399,2020-07-16,2020,7
NER,-0.41035613,2020-07-16,2020,7
NGA,0.10370838,2020-07-16,2020,7
PRK,-0.6274725,2020-07-16,2020,7
MKD,-0.038735714,2020-07-16,2020,7
NOR,-0.08207213,2020-07-16,2020,7
OMN,-0.39987347,2020-07-16,2020,7
PAK,-0.49843454,2020-07-16,2020,7
PSE,0.17667864,2020-07-16,2020,7
PAN,-0.81295365,2020-07-16,2020,7
PNG,0.0039065033,2020-07-16,2020,7
PRY,-0.7262502,2020-07-16,2020,7
PER,0.12757438,2020-07-16,2020,7
PHL,-0.30981347,2020-07-16,2020,7
POL,0.09874683,2020-07-16,2020,7
PRT,-0.82318515,2020-07-16,2020,7
PRI,-0.24180095,2020-07-16,2020,7
QAT,-1.4049557,2020-07-16,2020,7
SRB,0.11500714,2020-07-16,2020,7
COG,1.2892529,2020-07-16,2020,7
ROU,0.725302,2020-07-16,2020,7
RUS,-0.16021542,2020-07-16,2020,7
RWA,-0.49064383,2020-07-16,2020,7
VCT,-1.4969214,2020-07-16,2020,7
WSM,1.6621886,2020-07-16,2020,7
SAU,-0.7709037,2020-07-16,2020,7
SEN,-2.0021234,2020-07-16,2020,7
SIA,0.118003994,2020-07-16,2020,7
SLE,-1.0148951,2020-07-16,2020,7
SVK,0.5153936,2020-07-16,2020,7
SVN,0.616857,2020-07-16,2020,7
SLB,0.051780004,2020-07-16,2020,7
SOM,-0.3713158,2020-07-16,2020,7
SOL,0.23929411,2020-07-16,2020,7
ZAF,-1.4806757,2020-07-16,2020,7
SGS,-0.13261873,2020-07-16,2020,7
KOR,1.1922649,2020-07-16,2020,7
SSD,-0.01487125,2020-07-16,2020,7
ESP,-0.94829476,2020-07-16,2020,7
LKA,0.9768742,2020-07-16,2020,7
SDN,0.011035758,2020-07-16,2020,7
SUR,-0.82450604,2020-07-16,2020,7
SWE,-0.16048934,2020-07-16,2020,7
CHE,-1.046586,2020-07-16,2020,7
SYR,-0.30459854,2020-07-16,2020,7
TWN,-0.0126876645,2020-07-16,2020,7
TJK,-0.42816985,2020-07-16,2020,7
THA,-1.1025631,2020-07-16,2020,7
BHS,0.49085283,2020-07-16,2020,7
TGO,0.26877525,2020-07-16,2020,7
TTO,-2.033976,2020-07-16,2020,7
TUN,-1.5409647,2020-07-16,2020,7
TUR,0.49511066,2020-07-16,2020,7
TKM,-0.89765674,2020-07-16,2020,7
UGA,0.7015595,2020-07-16,2020,7
UKR,0.4817867,2020-07-16,2020,7
ARE,-1.1335679,2020-07-16,2020,7
GBR,-0.34592798,2020-07-16,2020,7
TZA,-0.29744127,2020-07-16,2020,7
VIR,-0.7309726,2020-07-16,2020,7
USA,-0.1889127,2020-07-16,2020,7
URY,0.12324547,2020-07-16,2020,7
UZB,-0.806543,2020-07-16,2020,7
VUT,0.035776168,2020-07-16,2020,7
VEN,-0.6507871,2020-07-16,2020,7
VNM,-1.7705007,2020-07-16,2020,7
ESH,-1.3541644,2020-07-16,2020,7
YEM,0.123590805,2020-07-16,2020,7
ZMB,0.13639025,2020-07-16,2020,7
ZWE,-0.1876725,2020-07-16,2020,7
SWZ,-0.7895149,2020-07-16,2020,7
AFG,-0.5181165,2020-08-16,2020,8
ALA,-0.56764674,2020-08-16,2020,8
ALB,0.8737342,2020-08-16,2020,8
DZA,-0.7460833,2020-08-16,2020,8
AGO,-0.3631721,2020-08-16,2020,8
ARG,-0.42047536,2020-08-16,2020,8
ARM,0.7573119,2020-08-16,2020,8
AUS,-0.6934647,2020-08-16,2020,8
AUT,1.1758891,2020-08-16,2020,8
AZE,-0.16519466,2020-08-16,2020,8
BGD,-0.076403566,2020-08-16,2020,8
BLR,-0.42374387,2020-08-16,2020,8
BEL,-1.0797344,2020-08-16,2020,8
BLZ,-0.41021168,2020-08-16,2020,8
BEN,0.4789367,2020-08-16,2020,8
BTN,-0.043210745,2020-08-16,2020,8
BOL,-0.11027221,2020-08-16,2020,8
BIH,0.034197923,2020-08-16,2020,8
BWA,-0.44088924,2020-08-16,2020,8
BRA,-0.69763106,2020-08-16,2020,8
BRN,1.851404,2020-08-16,2020,8
BGR,-0.16848683,2020-08-16,2020,8
BFA,1.1001621,2020-08-16,2020,8
BDI,-1.1209654,2020-08-16,2020,8
CPV,-0.25685275,2020-08-16,2020,8
KHM,-0.80084425,2020-08-16,2020,8
CMR,0.306616,2020-08-16,2020,8
CAN,0.037845846,2020-08-16,2020,8
CAF,-0.08620723,2020-08-16,2020,8
TCD,0.019741956,2020-08-16,2020,8
CHL,0.011547832,2020-08-16,2020,8
CHN,0.11635214,2020-08-16,2020,8
COL,0.7504546,2020-08-16,2020,8
COM,-0.6917432,2020-08-16,2020,8
CRI,-0.7386493,2020-08-16,2020,8
HRV,0.6037219,2020-08-16,2020,8
CUB,0.34103087,2020-08-16,2020,8
CYP,-0.14410862,2020-08-16,2020,8
CZE,-0.015780201,2020-08-16,2020,8
COD,-0.013916486,2020-08-16,2020,8
DNK,-0.4558583,2020-08-16,2020,8
DJI,0.46460775,2020-08-16,2020,8
DOM,-1.2660728,2020-08-16,2020,8
TLS,-0.061782926,2020-08-16,2020,8
ECU,0.2517471,2020-08-16,2020,8
EGY,-0.35213718,2020-08-16,2020,8
SLV,-0.2541448,2020-08-16,2020,8
GNQ,0.3338422,2020-08-16,2020,8
ERI,0.88038397,2020-08-16,2020,8
EST,-0.16395143,2020-08-16,2020,8
ETH,0.36396596,2020-08-16,2020,8
FLK,1.4634758,2020-08-16,2020,8
FRO,-0.49170047,2020-08-16,2020,8
FJI,-0.9016575,2020-08-16,2020,8
FIN,-0.21415304,2020-08-16,2020,8
FRA,-0.793821,2020-08-16,2020,8
PYF,-0.22335318,2020-08-16,2020,8
ATF,0.6773062,2020-08-16,2020,8
GAB,1.0292224,2020-08-16,2020,8
GMB,-1.3432686,2020-08-16,2020,8
GEO,-0.36077115,2020-08-16,2020,8
DEU,-0.87758857,2020-08-16,2020,8
GHA,0.19342713,2020-08-16,2020,8
GRC,0.5384181,2020-08-16,2020,8
GRL,0.6049813,2020-08-16,2020,8
GTM,0.21391173,2020-08-16,2020,8
GIN,-0.7860959,2020-08-16,2020,8
GNB,-1.2602473,2020-08-16,2020,8
GUY,0.0061353873,2020-08-16,2020,8
HTI,-1.7649727,2020-08-16,2020,8
HND,-0.79761446,2020-08-16,2020,8
HUN,0.5230255,2020-08-16,2020,8
ISL,0.7138851,2020-08-16,2020,8
IND,0.16009422,2020-08-16,2020,8
IDN,0.4868809,2020-08-16,2020,8
IRN,-0.9476208,2020-08-16,2020,8
IRQ,-1.2673284,2020-08-16,2020,8
IRL,1.6926371,2020-08-16,2020,8
ISR,0.041185297,2020-08-16,2020,8
ITA,0.3376795,2020-08-16,2020,8
CIV,0.2378951,2020-08-16,2020,8
JAM,0.29535952,2020-08-16,2020,8
JPN,0.69035786,2020-08-16,2020,8
JOR,-0.027267188,2020-08-16,2020,8
KAZ,-0.9456687,2020-08-16,2020,8
KEN,0.3725305,2020-08-16,2020,8
XKX,0.53728694,2020-08-16,2020,8
KWT,-1.4910375,2020-08-16,2020,8
KGZ,0.7922153,2020-08-16,2020,8
LAO,-1.6674179,2020-08-16,2020,8
LVA,-0.14379817,2020-08-16,2020,8
LBN,-0.41910836,2020-08-16,2020,8
LSO,-1.6441512,2020-08-16,2020,8
LBR,0.031129012,2020-08-16,2020,8
LBY,-0.46805063,2020-08-16,2020,8
LTU,-0.21876885,2020-08-16,2020,8
LUX,-1.2484998,2020-08-16,2020,8
MDG,-0.99779654,2020-08-16,2020,8
MWI,1.2153739,2020-08-16,2020,8
MYS,1.3418573,2020-08-16,2020,8
MLI,0.082506716,2020-08-16,2020,8
MRT,-0.37160918,2020-08-16,2020,8
MUS,-2.2969277,2020-08-16,2020,8
MEX,-0.7883755,2020-08-16,2020,8
MDA,-1.1969086,2020-08-16,2020,8
MNG,0.37826172,2020-08-16,2020,8
MNE,0.35692486,2020-08-16,2020,8
MAR,-0.89285856,2020-08-16,2020,8
MOZ,0.01775498,2020-08-16,2020,8
MMR,-0.1821284,2020-08-16,2020,8
NAM,0.27784878,2020-08-16,2020,8
NPL,-0.37230763,2020-08-16,2020,8
NLD,-0.70111,2020-08-16,2020,8
NCL,-1.7200751,2020-08-16,2020,8
NZL,-0.094694085,2020-08-16,2020,8
NIC,0.19608186,2020-08-16,2020,8
NER,0.39967248,2020-08-16,2020,8
NGA,0.54150367,2020-08-16,2020,8
PRK,0.5717573,2020-08-16,2020,8
MKD,0.5663903,2020-08-16,2020,8
NOR,-0.16074398,2020-08-16,2020,8
OMN,-0.53210276,2020-08-16,2020,8
PAK,0.18445146,2020-08-16,2020,8
PSE,0.110785365,2020-08-16,2020,8
PAN,-0.4783421,2020-08-16,2020,8
PNG,-0.012933801,2020-08-16,2020,8
PRY,-0.58807266,2020-08-16,2020,8
PER,0.11156594,2020-08-16,2020,8
PHL,-0.19626442,2020-08-16,2020,8
POL,-0.3161533,2020-08-16,2020,8
PRT,-0.90256685,2020-08-16,2020,8
PRI,0.3852065,2020-08-16,2020,8
QAT,-1.6567807,2020-08-16,2020,8
SRB,0.36943454,2020-08-16,2020,8
COG,1.2370117,2020-08-16,2020,8
ROU,-0.104202636,2020-08-16,2020,8
RUS,-0.44374028,2020-08-16,2020,8
RWA,-1.2275549,2020-08-16,2020,8
VCT,-0.25851655,2020-08-16,2020,8
WSM,2.184692,2020-08-16,2020,8
SAU,-1.5300997,2020-08-16,2020,8
SEN,-1.127831,2020-08-16,2020,8
SIA,-0.09435282,2020-08-16,2020,8
SLE,-1.2074885,2020-08-16,2020,8
SVK,0.66409373,2020-08-16,2020,8
SVN,1.5746475,2020-08-16,2020,8
SLB,0.03823063,2020-08-16,2020,8
SOM,-0.886993,2020-08-16,2020,8
SOL,0.078083545,2020-08-16,2020,8
ZAF,-0.9512532,2020-08-16,2020,8
SGS,-0.12986706,2020-08-16,2020,8
KOR,1.628059,2020-08-16,2020,8
SSD,0.04836304,2020-08-16,2020,8
ESP,-0.8641414,2020-08-16,2020,8
LKA,1.4921329,2020-08-16,2020,8
SDN,0.5483231,2020-08-16,2020,8
SUR,-0.1511962,2020-08-16,2020,8
SWE,-0.5334287,2020-08-16,2020,8
CHE,-0.47606978,2020-08-16,2020,8
SYR,-0.90415996,2020-08-16,2020,8
TWN,-0.23615763,2020-08-16,2020,8
TJK,0.029014703,2020-08-16,2020,8
THA,-0.21163875,2020-08-16,2020,8
BHS,0.11545149,2020-08-16,2020,8
TGO,-0.26434287,2020-08-16,2020,8
TTO,-0.37471798,2020-08-16,2020,8
TUN,-1.3074045,2020-08-16,2020,8
TUR,-0.03552761,2020-08-16,2020,8
TKM,-0.87027884,2020-08-16,2020,8
UGA,0.93684757,2020-08-16,2020,8
UKR,-1.2145649,2020-08-16,2020,8
ARE,-1.3457884,2020-08-16,2020,8
GBR,0.85169715,2020-08-16,2020,8
TZA,-0.25684094,2020-08-16,2020,8
VIR,0.17527889,2020-08-16,2020,8
USA,-0.33462837,2020-08-16,2020,8
URY,-0.16370651,2020-08-16,2020,8
UZB,-0.8846813,2020-08-16,2020,8
VUT,-0.04560681,2020-08-16,2020,8
VEN,-0.022626556,2020-08-16,2020,8
VNM,-1.4105831,2020-08-16,2020,8
ESH,-1.2057699,2020-08-16,2020,8
YEM,-0.4289437,2020-08-16,2020,8
ZMB,-0.05256401,2020-08-16,2020,8
ZWE,0.062149458,2020-08-16,2020,8
SWZ,-0.21848854,2020-08-16,2020,8
AFG,0.08376818,2020-09-16,2020,9
ALA,-0.39393964,2020-09-16,2020,9
ALB,0.2937516,2020-09-16,2020,9
DZA,-1.2460188,2020-09-16,2020,9
AGO,-0.033617795,2020-09-16,2020,9
ARG,-0.97587955,2020-09-16,2020,9
ARM,1.0271697,2020-09-16,2020,9
AUS,-0.57194155,2020-09-16,2020,9
AUT,0.74107516,2020-09-16,2020,9
AZE,-0.012537953,2020-09-16,2020,9
BGD,0.3324465,2020-09-16,2020,9
BLR,-1.090452,2020-09-16,2020,9
BEL,-1.3408041,2020-09-16,2020,9
BLZ,-1.6527119,2020-09-16,2020,9
BEN,0.80639005,2020-09-16,2020,9
BTN,0.06538926,2020-09-16,2020,9
BOL,-0.6210809,2020-09-16,2020,9
BIH,-0.065541916,2020-09-16,2020,9
BWA,-0.20831954,2020-09-16,2020,9
BRA,-1.1662912,2020-09-16,2020,9
BRN,1.9251459,2020-09-16,2020,9
BGR,-1.0660119,2020-09-16,2020,9
BFA,1.4796555,2020-09-16,2020,9
BDI,-1.3108675,2020-09-16,2020,9
CPV,-0.11453471,2020-09-16,2020,9
KHM,-1.0660585,2020-09-16,2020,9
CMR,0.48472032,2020-09-16,2020,9
CAN,0.016156705,2020-09-16,2020,9
CAF,0.39509496,2020-09-16,2020,9
TCD,0.4801154,2020-09-16,2020,9
CHL,-0.641904,2020-09-16,2020,9
CHN,0.17785747,2020-09-16,2020,9
COL,0.8869453,2020-09-16,2020,9
COM,0.35109308,2020-09-16,2020,9
CRI,-1.4108391,2020-09-16,2020,9
HRV,0.41520372,2020-09-16,2020,9
CUB,1.1666023,2020-09-16,2020,9
CYP,-1.6227062,2020-09-16,2020,9
CZE,-0.34468162,2020-09-16,2020,9
COD,0.067327864,2020-09-16,2020,9
DNK,-0.7464216,2020-09-16,2020,9
DJI,0.4065156,2020-09-16,2020,9
DOM,-0.7457753,2020-09-16,2020,9
TLS,0.07412228,2020-09-16,2020,9
ECU,0.89555645,2020-09-16,2020,9
EGY,-1.5737994,2020-09-16,2020,9
SLV,-0.4244449,2020-09-16,2020,9
GNQ,-0.11003665,2020-09-16,2020,9
ERI,0.76453894,2020-09-16,2020,9
EST,-0.4073281,2020-09-16,2020,9
ETH,0.55344456,2020-09-16,2020,9
FLK,1.1951483,2020-09-16,2020,9
FRO,-0.14905538,2020-09-16,2020,9
FJI,-0.9849445,2020-09-16,2020,9
FIN,0.22294731,2020-09-16,2020,9
FRA,-1.3297708,2020-09-16,2020,9
PYF,-1.0093273,2020-09-16,2020,9
ATF,1.2190543,2020-09-16,2020,9
GAB,-0.35401812,2020-09-16,2020,9
GMB,-0.10697513,2020-09-16,2020,9
GEO,-0.44136792,2020-09-16,2020,9
DEU,-1.086758,2020-09-16,2020,9
GHA,0.6789819,2020-09-16,2020,9
GRC,0.039812174,2020-09-16,2020,9
GRL,0.3345333,2020-09-16,2020,9
GTM,-0.34430748,2020-09-16,2020,9
GIN,-0.00013113022,2020-09-16,2020,9
GNB,-0.16430518,2020-09-16,2020,9
GUY,0.23458306,2020-09-16,2020,9
HTI,-0.20856626,2020-09-16,2020,9
HND,-1.0083556,2020-09-16,2020,9
HUN,-0.12247239,2020-09-16,2020,9
ISL,0.99955416,2020-09-16,2020,9
IND,0.14045295,2020-09-16,2020,9
IDN,0.5279276,2020-09-16,2020,9
IRN,-0.55050206,2020-09-16,2020,9
IRQ,-1.3083978,2020-09-16,2020,9
IRL,1.1876984,2020-09-16,2020,9
ISR,-1.3373773,2020-09-16,2020,9
ITA,-0.19572277,2020-09-16,2020,9
CIV,0.33649474,2020-09-16,2020,9
JAM,0.5457228,2020-09-16,2020,9
JPN,0.6944748,2020-09-16,2020,9
JOR,-1.2387139,2020-09-16,2020,9
KAZ,-0.48865926,2020-09-16,2020,9
KEN,0.6290848,2020-09-16,2020,9
XKX,-0.08305893,2020-09-16,2020,9
KWT,-1.3687699,2020-09-16,2020,9
KGZ,1.4635917,2020-09-16,2020,9
LAO,-1.068011,2020-09-16,2020,9
LVA,-0.786418,2020-09-16,2020,9
LBN,-1.4953694,2020-09-16,2020,9
LSO,-1.3654333,2020-09-16,2020,9
LBR,-0.005749443,2020-09-16,2020,9
LBY,-1.0148424,2020-09-16,2020,9
LTU,-1.111953,2020-09-16,2020,9
LUX,-1.5293232,2020-09-16,2020,9
MDG,-1.1934221,2020-09-16,2020,9
MWI,0.21834186,2020-09-16,2020,9
MYS,0.7868448,2020-09-16,2020,9
MLI,0.2931178,2020-09-16,2020,9
MRT,-0.51229566,2020-09-16,2020,9
MUS,-2.5377514,2020-09-16,2020,9
MEX,-0.71686566,2020-09-16,2020,9
MDA,-1.7012554,2020-09-16,2020,9
MNG,0.28534475,2020-09-16,2020,9
MNE,0.19074744,2020-09-16,2020,9
MAR,-1.2459543,2020-09-16,2020,9
MOZ,-0.2116129,2020-09-16,2020,9
MMR,0.2752515,2020-09-16,2020,9
NAM,0.2198413,2020-09-16,2020,9
NPL,-0.68785757,2020-09-16,2020,9
NLD,-0.885283,2020-09-16,2020,9
NCL,-1.0846719,2020-09-16,2020,9
NZL,0.14798625,2020-09-16,2020,9
NIC,-0.35172722,2020-09-16,2020,9
NER,0.9116183,2020-09-16,2020,9
NGA,0.92779297,2020-09-16,2020,9
PRK,1.2340373,2020-09-16,2020,9
MKD,0.13152567,2020-09-16,2020,9
NOR,0.35381848,2020-09-16,2020,9
OMN,-1.0496256,2020-09-16,2020,9
PAK,0.3943001,2020-09-16,2020,9
PSE,-1.3362309,2020-09-16,2020,9
PAN,-0.8507928,2020-09-16,2020,9
PNG,-0.09513569,2020-09-16,2020,9
PRY,-1.3785911,2020-09-16,2020,9
PER,0.22547485,2020-09-16,2020,9
PHL,-0.91390145,2020-09-16,2020,9
POL,-0.7476932,2020-09-16,2020,9
PRT,-1.0334046,2020-09-16,2020,9
PRI,0.38789487,2020-09-16,2020,9
QAT,-1.5777192,2020-09-16,2020,9
SRB,-0.30278486,2020-09-16,2020,9
COG,0.95119804,2020-09-16,2020,9
ROU,-0.89936703,2020-09-16,2020,9
RUS,-0.35419464,2020-09-16,2020,9
RWA,-1.4553946,2020-09-16,2020,9
VCT,0.039024036,2020-09-16,2020,9
WSM,1.703483,2020-09-16,2020,9
SAU,-1.8922639,2020-09-16,2020,9
SEN,0.106629334,2020-09-16,2020,9
SIA,-0.6573111,2020-09-16,2020,9
SLE,-1.0746857,2020-09-16,2020,9
SVK,0.3216564,2020-09-16,2020,9
SVN,1.3708265,2020-09-16,2020,9
SLB,0.035046212,2020-09-16,2020,9
SOM,-0.5481214,2020-09-16,2020,9
SOL,-0.09946431,2020-09-16,2020,9
ZAF,-0.6924598,2020-09-16,2020,9
SGS,0.67863536,2020-09-16,2020,9
KOR,1.6668825,2020-09-16,2020,9
SSD,0.099010944,2020-09-16,2020,9
ESP,-1.0327731,2020-09-16,2020,9
LKA,1.5898842,2020-09-16,2020,9
SDN,0.29989612,2020-09-16,2020,9
SUR,-0.091749884,2020-09-16,2020,9
SWE,-0.032641172,2020-09-16,2020,9
CHE,-1.1625333,2020-09-16,2020,9
SYR,-1.6342996,2020-09-16,2020,9
TWN,-0.46682084,2020-09-16,2020,9
TJK,0.9526053,2020-09-16,2020,9
THA,-0.32746857,2020-09-16,2020,9
BHS,1.6532193,2020-09-16,2020,9
TGO,0.19098109,2020-09-16,2020,9
TTO,0.7848728,2020-09-16,2020,9
TUN,0.06743728,2020-09-16,2020,9
TUR,-1.2735507,2020-09-16,2020,9
TKM,-0.10743331,2020-09-16,2020,9
UGA,0.8602714,2020-09-16,2020,9
UKR,-1.6379658,2020-09-16,2020,9
ARE,-1.4197391,2020-09-16,2020,9
GBR,0.31036836,2020-09-16,2020,9
TZA,-0.5397066,2020-09-16,2020,9
VIR,0.067005925,2020-09-16,2020,9
USA,-0.5084041,2020-09-16,2020,9
URY,-1.3503801,2020-09-16,2020,9
UZB,-0.14518079,2020-09-16,2020,9
VUT,-0.019748567,2020-09-16,2020,9
VEN,0.595474,2020-09-16,2020,9
VNM,-1.1548203,2020-09-16,2020,9
ESH,-1.3343126,2020-09-16,2020,9
YEM,-0.43310893,2020-09-16,2020,9
ZMB,-0.10009886,2020-09-16,2020,9
ZWE,0.2968153,2020-09-16,2020,9
SWZ,-0.7042838,2020-09-16,2020,9
AFG,0.0755506,2020-10-16,2020,10
ALA,-0.749199,2020-10-16,2020,10
ALB,0.3476504,2020-10-16,2020,10
DZA,-1.34048,2020-10-16,2020,10
AGO,0.1014929,2020-10-16,2020,10
ARG,-1.5862985,2020-10-16,2020,10
ARM,-1.0764407,2020-10-16,2020,10
AUS,-0.2805882,2020-10-16,2020,10
AUT,1.6217831,2020-10-16,2020,10
AZE,-1.2386864,2020-10-16,2020,10
BGD,0.5483881,2020-10-16,2020,10
BLR,-0.76014555,2020-10-16,2020,10
BEL,-0.44392788,2020-10-16,2020,10
BLZ,-0.80878156,2020-10-16,2020,10
BEN,0.7717033,2020-10-16,2020,10
BTN,-0.9015399,2020-10-16,2020,10
BOL,-0.9061147,2020-10-16,2020,10
BIH,0.6013629,2020-10-16,2020,10
BWA,-0.16458644,2020-10-16,2020,10
BRA,-1.0771383,2020-10-16,2020,10
BRN,1.5331013,2020-10-16,2020,10
BGR,-0.86697686,2020-10-16,2020,10
BFA,1.3143612,2020-10-16,2020,10
BDI,0.4866076,2020-10-16,2020,10
CPV,-0.17900196,2020-10-16,2020,10
KHM,0.9424174,2020-10-16,2020,10
CMR,-0.111803524,2020-10-16,2020,10
CAN,0.20295666,2020-10-16,2020,10
CAF,0.10207619,2020-10-16,2020,10
TCD,0.53103805,2020-10-16,2020,10
CHL,-1.1475848,2020-10-16,2020,10
CHN,0.033080045,2020-10-16,2020,10
COL,-0.3304163,2020-10-16,2020,10
COM,0.44558936,2020-10-16,2020,10
CRI,2.0212526,2020-10-16,2020,10
HRV,0.9616717,2020-10-16,2020,10
CUB,1.2448838,2020-10-16,2020,10
CYP,-2.6347082,2020-10-16,2020,10
CZE,0.8844883,2020-10-16,2020,10
COD,0.080041744,2020-10-16,2020,10
DNK,-0.9008784,2020-10-16,2020,10
DJI,0.39116463,2020-10-16,2020,10
DOM,-0.7952273,2020-10-16,2020,10
TLS,-0.619901,2020-10-16,2020,10
ECU,0.18956372,2020-10-16,2020,10
EGY,-1.9296349,2020-10-16,2020,10
SLV,-0.13532332,2020-10-16,2020,10
GNQ,-0.8073423,2020-10-16,2020,10
ERI,0.7583176,2020-10-16,2020,10
EST,-0.7067554,2020-10-16,2020,10
ETH,0.6013138,2020-10-16,2020,10
FLK,-0.22310089,2020-10-16,2020,10
FRO,-0.17809352,2020-10-16,2020,10
FJI,-0.45326552,2020-10-16,2020,10
FIN,-0.23840268,2020-10-16,2020,10
FRA,-0.15033224,2020-10-16,2020,10
PYF,-0.03725862,2020-10-16,2020,10
ATF,0.59398377,2020-10-16,2020,10
GAB,-0.94133496,2020-10-16,2020,10
GMB,1.1732547,2020-10-16,2020,10
GEO,-1.7046789,2020-10-16,2020,10
DEU,-0.4618655,2020-10-16,2020,10
GHA,0.6103819,2020-10-16,2020,10
GRC,-0.2551661,2020-10-16,2020,10
GRL,0.4315319,2020-10-16,2020,10
GTM,-0.12441174,2020-10-16,2020,10
GIN,0.24953139,2020-10-16,2020,10
GNB,1.3268596,2020-10-16,2020,10
GUY,-0.014859133,2020-10-16,2020,10
HTI,-0.21182233,2020-10-16,2020,10
HND,-0.44948968,2020-10-16,2020,10
HUN,0.76832366,2020-10-16,2020,10
ISL,0.84679997,2020-10-16,2020,10
IND,0.4546963,2020-10-16,2020,10
IDN,0.47664475,2020-10-16,2020,10
IRN,-0.64419276,2020-10-16,2020,10
IRQ,-1.6114526,2020-10-16,2020,10
IRL,1.0291885,2020-10-16,2020,10
ISR,-1.850292,2020-10-16,2020,10
ITA,0.20895296,2020-10-16,2020,10
CIV,0.21072505,2020-10-16,2020,10
JAM,0.92937195,2020-10-16,2020,10
JPN,-0.57904565,2020-10-16,2020,10
JOR,-1.7305824,2020-10-16,2020,10
KAZ,-0.73485386,2020-10-16,2020,10
KEN,0.02513274,2020-10-16,2020,10
XKX,0.42446005,2020-10-16,2020,10
KWT,-1.3554884,2020-10-16,2020,10
KGZ,1.113641,2020-10-16,2020,10
LAO,0.566006,2020-10-16,2020,10
LVA,-0.86612296,2020-10-16,2020,10
LBN,-2.2910655,2020-10-16,2020,10
LSO,-0.84384465,2020-10-16,2020,10
LBR,-0.13186374,2020-10-16,2020,10
LBY,-1.1782027,2020-10-16,2020,10
LTU,-0.8447687,2020-10-16,2020,10
LUX,-0.8581577,2020-10-16,2020,10
MDG,-0.6269748,2020-10-16,2020,10
MWI,-0.1760834,2020-10-16,2020,10
MYS,-0.12557471,2020-10-16,2020,10
MLI,0.32644212,2020-10-16,2020,10
MRT,-0.29154915,2020-10-16,2020,10
MUS,-2.5434813,2020-10-16,2020,10
MEX,-1.0842497,2020-10-16,2020,10
MDA,-1.4310604,2020-10-16,2020,10
MNG,0.3364855,2020-10-16,2020,10
MNE,0.91803217,2020-10-16,2020,10
MAR,-0.95736647,2020-10-16,2020,10
MOZ,-0.2573047,2020-10-16,2020,10
MMR,0.6356393,2020-10-16,2020,10
NAM,-0.023553476,2020-10-16,2020,10
NPL,-0.90171206,2020-10-16,2020,10
NLD,-0.42590705,2020-10-16,2020,10
NCL,-0.4542588,2020-10-16,2020,10
NZL,0.36721244,2020-10-16,2020,10
NIC,0.5264694,2020-10-16,2020,10
NER,0.68854403,2020-10-16,2020,10
NGA,0.74391,2020-10-16,2020,10
PRK,1.8046745,2020-10-16,2020,10
MKD,0.3496569,2020-10-16,2020,10
NOR,-0.009457396,2020-10-16,2020,10
OMN,-0.9773758,2020-10-16,2020,10
PAK,0.886344,2020-10-16,2020,10
PSE,-1.8642159,2020-10-16,2020,10
PAN,1.1887884,2020-10-16,2020,10
PNG,0.018929826,2020-10-16,2020,10
PRY,-1.5923117,2020-10-16,2020,10
PER,-0.08846356,2020-10-16,2020,10
PHL,-0.41714776,2020-10-16,2020,10
POL,0.22925207,2020-10-16,2020,10
PRT,-0.16642927,2020-10-16,2020,10
PRI,-0.18879797,2020-10-16,2020,10
QAT,-1.1940006,2020-10-16,2020,10
SRB,0.19835192,2020-10-16,2020,10
COG,0.1345864,2020-10-16,2020,10
ROU,-0.55667305,2020-10-16,2020,10
RUS,-0.6302383,2020-10-16,2020,10
RWA,-0.06910071,2020-10-16,2020,10
VCT,1.7380719,2020-10-16,2020,10
WSM,1.7928015,2020-10-16,2020,10
SAU,-1.9532871,2020-10-16,2020,10
SEN,0.979393,2020-10-16,2020,10
SIA,-0.27865526,2020-10-16,2020,10
SLE,-0.22046272,2020-10-16,2020,10
SVK,1.3713691,2020-10-16,2020,10
SVN,1.7539451,2020-10-16,2020,10
SLB,0.032825086,2020-10-16,2020,10
SOM,-0.1946595,2020-10-16,2020,10
SOL,-0.38962686,2020-10-16,2020,10
ZAF,-0.6768647,2020-10-16,2020,10
SGS,0.5022204,2020-10-16,2020,10
KOR,0.9741809,2020-10-16,2020,10
SSD,-0.027801996,2020-10-16,2020,10
ESP,-0.512653,2020-10-16,2020,10
LKA,-0.5861288,2020-10-16,2020,10
SDN,0.21818218,2020-10-16,2020,10
SUR,0.5017791,2020-10-16,2020,10
SWE,-0.16149779,2020-10-16,2020,10
CHE,0.13935253,2020-10-16,2020,10
SYR,-2.0434322,2020-10-16,2020,10
TWN,-0.28781617,2020-10-16,2020,10
TJK,0.4958044,2020-10-16,2020,10
THA,0.6812861,2020-10-16,2020,10
BHS,1.4195517,2020-10-16,2020,10
TGO,0.13283032,2020-10-16,2020,10
TTO,2.5038927,2020-10-16,2020,10
TUN,-0.3867822,2020-10-16,2020,10
TUR,-1.8180003,2020-10-16,2020,10
TKM,-0.4377483,2020-10-16,2020,10
UGA,0.87544215,2020-10-16,2020,10
UKR,-1.3669837,2020-10-16,2020,10
ARE,-1.0281924,2020-10-16,2020,10
GBR,1.0360229,2020-10-16,2020,10
TZA,-0.06321507,2020-10-16,2020,10
VIR,-0.5485532,2020-10-16,2020,10
USA,-0.47125348,2020-10-16,2020,10
URY,-1.3705845,2020-10-16,2020,10
UZB,-0.6295971,2020-10-16,2020,10
VUT,0.03939275,2020-10-16,2020,10
VEN,0.42213494,2020-10-16,2020,10
VNM,0.52208203,2020-10-16,2020,10
ESH,-1.0140048,2020-10-16,2020,10
YEM,-0.79792774,2020-10-16,2020,10
ZMB,0.20176487,2020-10-16,2020,10
ZWE,0.22074705,2020-10-16,2020,10
SWZ,-0.5018117,2020-10-16,2020,10
AFG,0.37868124,2020-11-16,2020,11
ALA,0.2038563,2020-11-16,2020,11
ALB,-1.4847897,2020-11-16,2020,11
DZA,-1.2475265,2020-11-16,2020,11
AGO,0.17671916,2020-11-16,2020,11
ARG,-1.403289,2020-11-16,2020,11
ARM,-1.9175911,2020-11-16,2020,11
AUS,-0.5190489,2020-11-16,2020,11
AUT,0.5680896,2020-11-16,2020,11
AZE,-1.4412708,2020-11-16,2020,11
BGD,0.7014351,2020-11-16,2020,11
BLR,-0.67292464,2020-11-16,2020,11
BEL,-0.4378692,2020-11-16,2020,11
BLZ,-0.10664781,2020-11-16,2020,11
BEN,0.8967554,2020-11-16,2020,11
BTN,0.23991853,2020-11-16,2020,11
BOL,-1.6611925,2020-11-16,2020,11
BIH,-0.48866978,2020-11-16,2020,11
BWA,0.021356633,2020-11-16,2020,11
BRA,-0.67111605,2020-11-16,2020,11
BRN,1.6389339,2020-11-16,2020,11
BGR,-1.2654662,2020-11-16,2020,11
BFA,0.9119069,2020-11-16,2020,11
BDI,1.1374557,2020-11-16,2020,11
CPV,-0.11935775,2020-11-16,2020,11
KHM,1.058688,2020-11-16,2020,11
CMR,-0.069389865,2020-11-16,2020,11
CAN,0.19808805,2020-11-16,2020,11
CAF,0.34253132,2020-11-16,2020,11
TCD,0.18815318,2020-11-16,2020,11
CHL,-1.1873857,2020-11-16,2020,11
CHN,-0.086759955,2020-11-16,2020,11
COL,-0.35965842,2020-11-16,2020,11
COM,1.4946436,2020-11-16,2020,11
CRI,1.6457155,2020-11-16,2020,11
HRV,-0.12247588,2020-11-16,2020,11
CUB,1.7306908,2020-11-16,2020,11
CYP,-0.97336644,2020-11-16,2020,11
CZE,0.33815092,2020-11-16,2020,11
COD,0.2793436,2020-11-16,2020,11
DNK,-1.0460242,2020-11-16,2020,11
DJI,0.10720827,2020-11-16,2020,11
DOM,-0.49381375,2020-11-16,2020,11
TLS,-0.3307473,2020-11-16,2020,11
ECU,0.14813486,2020-11-16,2020,11
EGY,-1.6556921,2020-11-16,2020,11
SLV,0.07275689,2020-11-16,2020,11
GNQ,-0.83832955,2020-11-16,2020,11
ERI,-0.28218707,2020-11-16,2020,11
EST,-0.38826,2020-11-16,2020,11
ETH,0.27991545,2020-11-16,2020,11
FLK,-1.357981,2020-11-16,2020,11
FRO,-0.059449874,2020-11-16,2020,11
FJI,0.1521941,2020-11-16,2020,11
FIN,0.50037545,2020-11-16,2020,11
FRA,-0.43259802,2020-11-16,2020,11
PYF,0.7562,2020-11-16,2020,11
ATF,0.031296138,2020-11-16,2020,11
GAB,-0.8793889,2020-11-16,2020,11
GMB,1.5162405,2020-11-16,2020,11
GEO,-2.0593953,2020-11-16,2020,11
DEU,-0.87965095,2020-11-16,2020,11
GHA,0.3252559,2020-11-16,2020,11
GRC,-1.6308603,2020-11-16,2020,11
GRL,0.5622003,2020-11-16,2020,11
GTM,0.86326283,2020-11-16,2020,11
GIN,0.24250843,2020-11-16,2020,11
GNB,1.1407557,2020-11-16,2020,11
GUY,1.2425847,2020-11-16,2020,11
HTI,1.5516065,2020-11-16,2020,11
HND,-0.08056258,2020-11-16,2020,11
HUN,0.35829702,2020-11-16,2020,11
ISL,0.26954204,2020-11-16,2020,11
IND,0.31385836,2020-11-16,2020,11
IDN,0.94045085,2020-11-16,2020,11
IRN,0.23342156,2020-11-16,2020,11
IRQ,-0.43758634,2020-11-16,2020,11
IRL,0.42077756,2020-11-16,2020,11
ISR,0.1862291,2020-11-16,2020,11
ITA,-0.74682295,2020-11-16,2020,11
CIV,-0.07762126,2020-11-16,2020,11
JAM,1.2834969,2020-11-16,2020,11
JPN,-0.20683639,2020-11-16,2020,11
JOR,-0.50804806,2020-11-16,2020,11
KAZ,-0.7937181,2020-11-16,2020,11
KEN,0.242269,2020-11-16,2020,11
XKX,-0.96253306,2020-11-16,2020,11
KWT,1.7308441,2020-11-16,2020,11
KGZ,-0.2861089,2020-11-16,2020,11
LAO,-0.11438838,2020-11-16,2020,11
LVA,-0.7854592,2020-11-16,2020,11
LBN,0.62611103,2020-11-16,2020,11
LSO,-0.19623654,2020-11-16,2020,11
LBR,-0.32610342,2020-11-16,2020,11
LBY,-0.96375614,2020-11-16,2020,11
LTU,-0.9837594,2020-11-16,2020,11
LUX,-0.92124796,2020-11-16,2020,11
MDG,0.16234154,2020-11-16,2020,11
MWI,-1.4193571,2020-11-16,2020,11
MYS,0.57543135,2020-11-16,2020,11
MLI,0.2683644,2020-11-16,2020,11
MRT,-0.42060012,2020-11-16,2020,11
MUS,-1.5583768,2020-11-16,2020,11
MEX,-1.1986148,2020-11-16,2020,11
MDA,-0.5298997,2020-11-16,2020,11
MNG,-0.4466514,2020-11-16,2020,11
MNE,-0.50742054,2020-11-16,2020,11
MAR,-0.78052074,2020-11-16,2020,11
MOZ,-1.0645064,2020-11-16,2020,11
MMR,0.22598308,2020-11-16,2020,11
NAM,-0.029920332,2020-11-16,2020,11
NPL,-0.7603432,2020-11-16,2020,11
NLD,-0.56362003,2020-11-16,2020,11
NCL,0.30214527,2020-11-16,2020,11
NZL,0.74903446,2020-11-16,2020,11
NIC,0.44376928,2020-11-16,2020,11
NER,0.4091656,2020-11-16,2020,11
NGA,0.5802093,2020-11-16,2020,11
PRK,1.2017823,2020-11-16,2020,11
MKD,-1.1994653,2020-11-16,2020,11
NOR,0.24596359,2020-11-16,2020,11
OMN,-0.3684508,2020-11-16,2020,11
PAK,0.7199364,2020-11-16,2020,11
PSE,0.91475755,2020-11-16,2020,11
PAN,1.207235,2020-11-16,2020,11
PNG,0.17632388,2020-11-16,2020,11
PRY,-1.6544352,2020-11-16,2020,11
PER,-0.1637793,2020-11-16,2020,11
PHL,-0.16934428,2020-11-16,2020,11
POL,0.17256676,2020-11-16,2020,11
PRT,-0.09622333,2020-11-16,2020,11
PRI,-0.12599896,2020-11-16,2020,11
QAT,-0.28445706,2020-11-16,2020,11
SRB,-0.541312,2020-11-16,2020,11
COG,0.41464674,2020-11-16,2020,11
ROU,-0.25131384,2020-11-16,2020,11
RUS,-0.021106005,2020-11-16,2020,11
RWA,0.94471323,2020-11-16,2020,11
VCT,1.4525788,2020-11-16,2020,11
WSM,1.877149,2020-11-16,2020,11
SAU,-1.1947646,2020-11-16,2020,11
SEN,1.289103,2020-11-16,2020,11
SIA,1.7246739,2020-11-16,2020,11
SLE,-0.26717898,2020-11-16,2020,11
SVK,1.0545619,2020-11-16,2020,11
SVN,0.38042018,2020-11-16,2020,11
SLB,0.05331262,2020-11-16,2020,11
SOM,-0.0011125966,2020-11-16,2020,11
SOL,-0.8166236,2020-11-16,2020,11
ZAF,-0.35824215,2020-11-16,2020,11
SGS,0.05441329,2020-11-16,2020,11
KOR,0.24220219,2020-11-16,2020,11
SSD,-0.030160554,2020-11-16,2020,11
ESP,-0.363384,2020-11-16,2020,11
LKA,-1.2147454,2020-11-16,2020,11
SDN,-0.39109126,2020-11-16,2020,11
SUR,1.05692,2020-11-16,2020,11
SWE,0.49435985,2020-11-16,2020,11
CHE,-0.8661037,2020-11-16,2020,11
SYR,-1.1067845,2020-11-16,2020,11
TWN,-0.7245216,2020-11-16,2020,11
TJK,0.30838856,2020-11-16,2020,11
THA,0.3250261,2020-11-16,2020,11
BHS,2.306472,2020-11-16,2020,11
TGO,0.47117308,2020-11-16,2020,11
TTO,1.3877785,2020-11-16,2020,11
TUN,0.03071566,2020-11-16,2020,11
TUR,-1.8063469,2020-11-16,2020,11
TKM,-0.65813917,2020-11-16,2020,11
UGA,0.8808521,2020-11-16,2020,11
UKR,-0.9087645,2020-11-16,2020,11
ARE,0.0032538227,2020-11-16,2020,11
GBR,0.4138637,2020-11-16,2020,11
TZA,0.5935667,2020-11-16,2020,11
VIR,-0.3833693,2020-11-16,2020,11
USA,-0.14348312,2020-11-16,2020,11
URY,-1.4720167,2020-11-16,2020,11
UZB,-0.9925597,2020-11-16,2020,11
VUT,0.050112333,2020-11-16,2020,11
VEN,0.20381531,2020-11-16,2020,11
VNM,0.3959324,2020-11-16,2020,11
ESH,-0.6652984,2020-11-16,2020,11
YEM,-0.6953666,2020-11-16,2020,11
ZMB,0.0007774076,2020-11-16,2020,11
ZWE,-0.11797898,2020-11-16,2020,11
SWZ,-0.70022124,2020-11-16,2020,11
AFG,0.30574286,2020-12-16,2020,12
ALA,0.55826616,2020-12-16,2020,12
ALB,-0.41585013,2020-12-16,2020,12
DZA,-1.0102688,2020-12-16,2020,12
AGO,0.0895369,2020-12-16,2020,12
ARG,-1.1813014,2020-12-16,2020,12
ARM,-1.3132062,2020-12-16,2020,12
AUS,-0.09233235,2020-12-16,2020,12
AUT,0.35017565,2020-12-16,2020,12
AZE,-0.2902698,2020-12-16,2020,12
BGD,0.62275434,2020-12-16,2020,12
BLR,-0.20630927,2020-12-16,2020,12
BEL,0.14919843,2020-12-16,2020,12
BLZ,-0.094956495,2020-12-16,2020,12
BEN,-0.050233908,2020-12-16,2020,12
BTN,-0.1734062,2020-12-16,2020,12
BOL,-1.5116464,2020-12-16,2020,12
BIH,0.37836617,2020-12-16,2020,12
BWA,-0.060379006,2020-12-16,2020,12
BRA,-0.4452036,2020-12-16,2020,12
BRN,1.3299733,2020-12-16,2020,12
BGR,-0.38508672,2020-12-16,2020,12
BFA,-0.7056364,2020-12-16,2020,12
BDI,1.1698006,2020-12-16,2020,12
CPV,-0.23206577,2020-12-16,2020,12
KHM,1.3606563,2020-12-16,2020,12
CMR,-0.3088693,2020-12-16,2020,12
CAN,0.21710323,2020-12-16,2020,12
CAF,0.22223306,2020-12-16,2020,12
TCD,-0.42246222,2020-12-16,2020,12
CHL,-0.9768417,2020-12-16,2020,12
CHN,-0.40108612,2020-12-16,2020,12
COL,-0.41517764,2020-12-16,2020,12
COM,0.9536071,2020-12-16,2020,12
CRI,1.9838768,2020-12-16,2020,12
HRV,0.46800238,2020-12-16,2020,12
CUB,1.5245111,2020-12-16,2020,12
CYP,-0.7282311,2020-12-16,2020,12
CZE,0.0039853514,2020-12-16,2020,12
COD,0.25091207,2020-12-16,2020,12
DNK,-0.65085083,2020-12-16,2020,12
DJI,0.6265723,2020-12-16,2020,12
DOM,0.44437474,2020-12-16,2020,12
TLS,-0.32696313,2020-12-16,2020,12
ECU,-0.40008634,2020-12-16,2020,12
EGY,-1.5187855,2020-12-16,2020,12
SLV,0.2580805,2020-12-16,2020,12
GNQ,-0.5997748,2020-12-16,2020,12
ERI,-0.5635419,2020-12-16,2020,12
EST,0.20949239,2020-12-16,2020,12
ETH,0.08073009,2020-12-16,2020,12
FLK,-1.3786075,2020-12-16,2020,12
FRO,-0.25039572,2020-12-16,2020,12
FJI,0.22423491,2020-12-16,2020,12
FIN,0.9236238,2020-12-16,2020,12
FRA,0.53271264,2020-12-16,2020,12
PYF,0.39481425,2020-12-16,2020,12
ATF,-1.044452,2020-12-16,2020,12
GAB,-0.49116048,2020-12-16,2020,12
GMB,-0.31673244,2020-12-16,2020,12
GEO,-1.4221998,2020-12-16,2020,12
DEU,-0.8657301,2020-12-16,2020,12
GHA,-0.6235567,2020-12-16,2020,12
GRC,-0.8274793,2020-12-16,2020,12
GRL,0.7612268,2020-12-16,2020,12
GTM,0.6224185,2020-12-16,2020,12
GIN,-0.87416196,2020-12-16,2020,12
GNB,-0.33356026,2020-12-16,2020,12
GUY,1.3661987,2020-12-16,2020,12
HTI,1.6400319,2020-12-16,2020,12
HND,0.15813604,2020-12-16,2020,12
HUN,0.6433181,2020-12-16,2020,12
ISL,-0.26272124,2020-12-16,2020,12
IND,0.2955584,2020-12-16,2020,12
IDN,0.537161,2020-12-16,2020,12
IRN,0.30141342,2020-12-16,2020,12
IRQ,-0.008099568,2020-12-16,2020,12
IRL,1.0321925,2020-12-16,2020,12
ISR,0.23141919,2020-12-16,2020,12
ITA,-0.40784922,2020-12-16,2020,12
CIV,-0.6287088,2020-12-16,2020,12
JAM,0.9899751,2020-12-16,2020,12
JPN,-0.92955035,2020-12-16,2020,12
JOR,-0.07605476,2020-12-16,2020,12
KAZ,-0.9936726,2020-12-16,2020,12
KEN,0.019936549,2020-12-16,2020,12
XKX,-0.09221157,2020-12-16,2020,12
KWT,2.2404826,2020-12-16,2020,12
KGZ,-0.8859794,2020-12-16,2020,12
LAO,-0.19676353,2020-12-16,2020,12
LVA,-0.29881978,2020-12-16,2020,12
LBN,0.14719437,2020-12-16,2020,12
LSO,0.69250435,2020-12-16,2020,12
LBR,-0.3584837,2020-12-16,2020,12
LBY,-0.8502994,2020-12-16,2020,12
LTU,-0.5228716,2020-12-16,2020,12
LUX,-0.34558052,2020-12-16,2020,12
MDG,-0.5242321,2020-12-16,2020,12
MWI,-0.4638738,2020-12-16,2020,12
MYS,0.13859096,2020-12-16,2020,12
MLI,-0.99842465,2020-12-16,2020,12
MRT,-1.0280443,2020-12-16,2020,12
MUS,-1.5783722,2020-12-16,2020,12
MEX,-1.5532815,2020-12-16,2020,12
MDA,0.56293,2020-12-16,2020,12
MNG,0.09847367,2020-12-16,2020,12
MNE,0.286458,2020-12-16,2020,12
MAR,-0.5980442,2020-12-16,2020,12
MOZ,-0.45547715,2020-12-16,2020,12
MMR,-0.12621583,2020-12-16,2020,12
NAM,-0.08969943,2020-12-16,2020,12
NPL,-0.19095168,2020-12-16,2020,12
NLD,-0.14024778,2020-12-16,2020,12
NCL,0.5764368,2020-12-16,2020,12
NZL,0.6805016,2020-12-16,2020,12
NIC,0.8214021,2020-12-16,2020,12
NER,-0.17216797,2020-12-16,2020,12
NGA,0.14768952,2020-12-16,2020,12
PRK,-0.99207133,2020-12-16,2020,12
MKD,-0.5314974,2020-12-16,2020,12
NOR,0.13342926,2020-12-16,2020,12
OMN,-0.5723935,2020-12-16,2020,12
PAK,0.57121557,2020-12-16,2020,12
PSE,0.4385567,2020-12-16,2020,12
PAN,1.292513,2020-12-16,2020,12
PNG,0.12636776,2020-12-16,2020,12
PRY,-0.9470308,2020-12-16,2020,12
PER,-0.22018564,2020-12-16,2020,12
PHL,0.6111771,2020-12-16,2020,12
POL,0.005848581,2020-12-16,2020,12
PRT,-0.2184922,2020-12-16,2020,12
PRI,0.20116353,2020-12-16,2020,12
QAT,0.33597144,2020-12-16,2020,12
SRB,0.16491653,2020-12-16,2020,12
COG,0.33175695,2020-12-16,2020,12
ROU,0.38400152,2020-12-16,2020,12
RUS,0.2495112,2020-12-16,2020,12
RWA,1.1676099,2020-12-16,2020,12
VCT,1.3150353,2020-12-16,2020,12
WSM,1.139561,2020-12-16,2020,12
SAU,-0.29734975,2020-12-16,2020,12
SEN,-0.9355564,2020-12-16,2020,12
SIA,1.748145,2020-12-16,2020,12
SLE,-0.3726833,2020-12-16,2020,12
SVK,0.9457882,2020-12-16,2020,12
SVN,0.34427395,2020-12-16,2020,12
SLB,0.046396106,2020-12-16,2020,12
SOM,-0.28990522,2020-12-16,2020,12
SOL,-1.0583298,2020-12-16,2020,12
ZAF,-0.05385721,2020-12-16,2020,12
SGS,-2.020618,2020-12-16,2020,12
KOR,-1.8820451,2020-12-16,2020,12
SSD,-0.27611658,2020-12-16,2020,12
ESP,-0.36397833,2020-12-16,2020,12
LKA,-0.8093612,2020-12-16,2020,12
SDN,-1.0108827,2020-12-16,2020,12
SUR,1.6724895,2020-12-16,2020,12
SWE,0.4652161,2020-12-16,2020,12
CHE,-0.29146695,2020-12-16,2020,12
SYR,-0.9334151,2020-12-16,2020,12
TWN,-0.9128561,2020-12-16,2020,12
TJK,0.10052671,2020-12-16,2020,12
THA,0.57898074,2020-12-16,2020,12
BHS,1.8395213,2020-12-16,2020,12
TGO,-0.57413393,2020-12-16,2020,12
TTO,0.02964124,2020-12-16,2020,12
TUN,-0.7733214,2020-12-16,2020,12
TUR,-1.7103076,2020-12-16,2020,12
TKM,-0.3358411,2020-12-16,2020,12
UGA,0.74260765,2020-12-16,2020,12
UKR,-0.5126228,2020-12-16,2020,12
ARE,0.5734034,2020-12-16,2020,12
GBR,1.2435926,2020-12-16,2020,12
TZA,0.5492759,2020-12-16,2020,12
VIR,-0.08387613,2020-12-16,2020,12
USA,-0.060246315,2020-12-16,2020,12
URY,-1.5333937,2020-12-16,2020,12
UZB,-1.1306205,2020-12-16,2020,12
VUT,-0.0013364386,2020-12-16,2020,12
VEN,-0.4036751,2020-12-16,2020,12
VNM,0.59684587,2020-12-16,2020,12
ESH,-0.25323644,2020-12-16,2020,12
YEM,-1.079503,2020-12-16,2020,12
ZMB,0.18259183,2020-12-16,2020,12
ZWE,-0.0020969678,2020-12-16,2020,12
SWZ,-0.64868534,2020-12-16,2020,12
AFG,-0.6486632,2021-01-16,2021,1
ALA,0.6792824,2021-01-16,2021,1
ALB,0.7917027,2021-01-16,2021,1
DZA,-0.94788086,2021-01-16,2021,1
AGO,0.103818476,2021-01-16,2021,1
ARG,-0.4748491,2021-01-16,2021,1
ARM,-0.10164698,2021-01-16,2021,1
AUS,-0.041306883,2021-01-16,2021,1
AUT,-0.49816552,2021-01-16,2021,1
AZE,0.85964835,2021-01-16,2021,1
BGD,-0.24906494,2021-01-16,2021,1
BLR,0.5613734,2021-01-16,2021,1
BEL,0.35587087,2021-01-16,2021,1
BLZ,0.3064333,2021-01-16,2021,1
BEN,-2.5046182,2021-01-16,2021,1
BTN,-0.9478894,2021-01-16,2021,1
BOL,-0.9220174,2021-01-16,2021,1
BIH,0.19031301,2021-01-16,2021,1
BWA,0.24423599,2021-01-16,2021,1
BRA,-0.38109425,2021-01-16,2021,1
BRN,1.2945039,2021-01-16,2021,1
BGR,0.8861971,2021-01-16,2021,1
BFA,-2.8514454,2021-01-16,2021,1
BDI,1.9483984,2021-01-16,2021,1
CPV,-1.2828153,2021-01-16,2021,1
KHM,-0.40606073,2021-01-16,2021,1
CMR,-0.3766574,2021-01-16,2021,1
CAN,0.02296517,2021-01-16,2021,1
CAF,-0.23220925,2021-01-16,2021,1
TCD,-0.7193414,2021-01-16,2021,1
CHL,-0.6592365,2021-01-16,2021,1
CHN,-0.32392675,2021-01-16,2021,1
COL,0.43711928,2021-01-16,2021,1
COM,-0.83620954,2021-01-16,2021,1
CRI,-0.44840634,2021-01-16,2021,1
HRV,0.011686401,2021-01-16,2021,1
CUB,1.1423864,2021-01-16,2021,1
CYP,-0.08928098,2021-01-16,2021,1
CZE,-0.9554871,2021-01-16,2021,1
COD,0.38415575,2021-01-16,2021,1
DNK,-0.7271197,2021-01-16,2021,1
DJI,0.027576039,2021-01-16,2021,1
DOM,0.36040518,2021-01-16,2021,1
TLS,-1.5327511,2021-01-16,2021,1
ECU,-0.18879646,2021-01-16,2021,1
EGY,-1.5239332,2021-01-16,2021,1
SLV,0.33465257,2021-01-16,2021,1
GNQ,-0.21967427,2021-01-16,2021,1
ERI,-0.48624784,2021-01-16,2021,1
EST,0.550007,2021-01-16,2021,1
ETH,-0.18336649,2021-01-16,2021,1
FLK,-1.2039092,2021-01-16,2021,1
FRO,-0.37580627,2021-01-16,2021,1
FJI,0.7411908,2021-01-16,2021,1
FIN,0.9039677,2021-01-16,2021,1
FRA,0.4662121,2021-01-16,2021,1
PYF,-1.0784622,2021-01-16,2021,1
ATF,-1.2144226,2021-01-16,2021,1
GAB,0.44823328,2021-01-16,2021,1
GMB,-3.0980306,2021-01-16,2021,1
GEO,-0.3847737,2021-01-16,2021,1
DEU,-0.92142147,2021-01-16,2021,1
GHA,-1.9629033,2021-01-16,2021,1
GRC,0.18339714,2021-01-16,2021,1
GRL,0.58823013,2021-01-16,2021,1
GTM,1.0225255,2021-01-16,2021,1
GIN,-2.0449095,2021-01-16,2021,1
GNB,-2.8098295,2021-01-16,2021,1
GUY,1.2710787,2021-01-16,2021,1
HTI,2.3470786,2021-01-16,2021,1
HND,0.2340532,2021-01-16,2021,1
HUN,-0.6844737,2021-01-16,2021,1
ISL,0.057110917,2021-01-16,2021,1
IND,0.013129956,2021-01-16,2021,1
IDN,0.54886365,2021-01-16,2021,1
IRN,-0.49364153,2021-01-16,2021,1
IRQ,-0.06889519,2021-01-16,2021,1
IRL,1.0819787,2021-01-16,2021,1
ISR,0.09087704,2021-01-16,2021,1
ITA,-0.3132916,2021-01-16,2021,1
CIV,-1.4633893,2021-01-16,2021,1
JAM,0.6293874,2021-01-16,2021,1
JPN,-1.2658974,2021-01-16,2021,1
JOR,0.18679863,2021-01-16,2021,1
KAZ,-0.41035974,2021-01-16,2021,1
KEN,0.3649253,2021-01-16,2021,1
XKX,0.6869116,2021-01-16,2021,1
KWT,1.4933429,2021-01-16,2021,1
KGZ,-0.84762216,2021-01-16,2021,1
LAO,-0.87550515,2021-01-16,2021,1
LVA,0.1517915,2021-01-16,2021,1
LBN,0.4479187,2021-01-16,2021,1
LSO,1.7607495,2021-01-16,2021,1
LBR,-0.36242428,2021-01-16,2021,1
LBY,-0.9920088,2021-01-16,2021,1
LTU,-0.082236625,2021-01-16,2021,1
LUX,0.15344523,2021-01-16,2021,1
MDG,-1.0412003,2021-01-16,2021,1
MWI,-0.91656727,2021-01-16,2021,1
MYS,1.0904874,2021-01-16,2021,1
MLI,-2.1132815,2021-01-16,2021,1
MRT,-1.5173858,2021-01-16,2021,1
MUS,-1.9966155,2021-01-16,2021,1
MEX,-0.87674034,2021-01-16,2021,1
MDA,0.7909245,2021-01-16,2021,1
MNG,-0.04989239,2021-01-16,2021,1
MNE,0.5798272,2021-01-16,2021,1
MAR,-0.41221952,2021-01-16,2021,1
MOZ,-0.5988856,2021-01-16,2021,1
MMR,-0.47478506,2021-01-16,2021,1
NAM,0.383092,2021-01-16,2021,1
NPL,0.07873899,2021-01-16,2021,1
NLD,-0.08709178,2021-01-16,2021,1
NCL,1.6978936,2021-01-16,2021,1
NZL,0.51987576,2021-01-16,2021,1
NIC,0.47270507,2021-01-16,2021,1
NER,-0.10330708,2021-01-16,2021,1
NGA,-0.99851346,2021-01-16,2021,1
PRK,0.12787497,2021-01-16,2021,1
MKD,0.903898,2021-01-16,2021,1
NOR,-0.04796711,2021-01-16,2021,1
OMN,-0.8613824,2021-01-16,2021,1
PAK,0.14181954,2021-01-16,2021,1
PSE,0.30877933,2021-01-16,2021,1
PAN,0.15455097,2021-01-16,2021,1
PNG,0.040049788,2021-01-16,2021,1
PRY,0.542724,2021-01-16,2021,1
PER,0.03236079,2021-01-16,2021,1
PHL,1.0723004,2021-01-16,2021,1
POL,-0.58634585,2021-01-16,2021,1
PRT,-0.21141978,2021-01-16,2021,1
PRI,-0.38684472,2021-01-16,2021,1
QAT,-0.22212897,2021-01-16,2021,1
SRB,-0.03821905,2021-01-16,2021,1
COG,1.1418301,2021-01-16,2021,1
ROU,0.20075503,2021-01-16,2021,1
RUS,0.27258915,2021-01-16,2021,1
RWA,1.7035109,2021-01-16,2021,1
VCT,-0.41141066,2021-01-16,2021,1
WSM,0.75315344,2021-01-16,2021,1
SAU,-0.31592697,2021-01-16,2021,1
SEN,-3.176891,2021-01-16,2021,1
SIA,1.8632536,2021-01-16,2021,1
SLE,-0.45312452,2021-01-16,2021,1
SVK,-0.47431982,2021-01-16,2021,1
SVN,-0.47651297,2021-01-16,2021,1
SLB,0.07206629,2021-01-16,2021,1
SOM,-0.29411626,2021-01-16,2021,1
SOL,-1.4007365,2021-01-16,2021,1
ZAF,0.8520898,2021-01-16,2021,1
SGS,-2.3985748,2021-01-16,2021,1
KOR,-0.9898798,2021-01-16,2021,1
SSD,-0.48390153,2021-01-16,2021,1
ESP,0.16085568,2021-01-16,2021,1
LKA,0.36806363,2021-01-16,2021,1
SDN,-1.2077862,2021-01-16,2021,1
SUR,1.6997395,2021-01-16,2021,1
SWE,0.1607256,2021-01-16,2021,1
CHE,-0.00806727,2021-01-16,2021,1
SYR,-0.18115857,2021-01-16,2021,1
TWN,-0.9902381,2021-01-16,2021,1
TJK,-0.40446275,2021-01-16,2021,1
THA,-0.60144955,2021-01-16,2021,1
BHS,1.7756048,2021-01-16,2021,1
TGO,-2.1601849,2021-01-16,2021,1
TTO,-1.3400003,2021-01-16,2021,1
TUN,-0.790533,2021-01-16,2021,1
TUR,-0.68123674,2021-01-16,2021,1
TKM,-0.5125414,2021-01-16,2021,1
UGA,0.6901658,2021-01-16,2021,1
UKR,0.18166193,2021-01-16,2021,1
ARE,0.3349009,2021-01-16,2021,1
GBR,0.90412647,2021-01-16,2021,1
TZA,0.7094476,2021-01-16,2021,1
VIR,-0.73051023,2021-01-16,2021,1
USA,-0.28175738,2021-01-16,2021,1
URY,-0.6268102,2021-01-16,2021,1
UZB,-1.140482,2021-01-16,2021,1
VUT,-0.003963031,2021-01-16,2021,1
VEN,0.068719655,2021-01-16,2021,1
VNM,-0.4578572,2021-01-16,2021,1
ESH,-0.44068298,2021-01-16,2021,1
YEM,-1.1518269,2021-01-16,2021,1
ZMB,0.04671161,2021-01-16,2021,1
ZWE,-0.1797914,2021-01-16,2021,1
SWZ,0.24818948,2021-01-16,2021,1
AFG,-1.702443,2021-02-15,2021,2
ALA,0.53022295,2021-02-15,2021,2
ALB,1.4808322,2021-02-15,2021,2
DZA,-1.0413147,2021-02-15,2021,2
AGO,0.091846116,2021-02-15,2021,2
ARG,-0.27602565,2021-02-15,2021,2
ARM,-0.57605815,2021-02-15,2021,2
AUS,0.35378864,2021-02-15,2021,2
AUT,0.09052514,2021-02-15,2021,2
AZE,0.21862546,2021-02-15,2021,2
BGD,-0.8195998,2021-02-15,2021,2
BLR,1.1143459,2021-02-15,2021,2
BEL,1.1321279,2021-02-15,2021,2
BLZ,0.035473544,2021-02-15,2021,2
BEN,-2.2974617,2021-02-15,2021,2
BTN,-0.8480333,2021-02-15,2021,2
BOL,-0.51873827,2021-02-15,2021,2
BIH,1.0268551,2021-02-15,2021,2
BWA,0.21129939,2021-02-15,2021,2
BRA,-0.20560443,2021-02-15,2021,2
BRN,1.0087795,2021-02-15,2021,2
BGR,1.4643759,2021-02-15,2021,2
BFA,-2.6854796,2021-02-15,2021,2
BDI,1.7266691,2021-02-15,2021,2
CPV,-1.5624427,2021-02-15,2021,2
KHM,-0.036359612,2021-02-15,2021,2
CMR,-0.38949513,2021-02-15,2021,2
CAN,0.057286978,2021-02-15,2021,2
CAF,-0.3475807,2021-02-15,2021,2
TCD,-0.8544251,2021-02-15,2021,2
CHL,-0.5673199,2021-02-15,2021,2
CHN,-0.73916477,2021-02-15,2021,2
COL,0.25933516,2021-02-15,2021,2
COM,-0.2711447,2021-02-15,2021,2
CRI,0.285438,2021-02-15,2021,2
HRV,0.74281263,2021-02-15,2021,2
CUB,-0.369101,2021-02-15,2021,2
CYP,-0.8366674,2021-02-15,2021,2
CZE,0.039599225,2021-02-15,2021,2
COD,0.23197134,2021-02-15,2021,2
DNK,0.015272057,2021-02-15,2021,2
DJI,0.06556133,2021-02-15,2021,2
DOM,-0.37569723,2021-02-15,2021,2
TLS,-2.1631832,2021-02-15,2021,2
ECU,-0.47140744,2021-02-15,2021,2
EGY,-2.055619,2021-02-15,2021,2
SLV,-0.9912156,2021-02-15,2021,2
GNQ,-0.39075345,2021-02-15,2021,2
ERI,-0.646643,2021-02-15,2021,2
EST,0.6480278,2021-02-15,2021,2
ETH,-0.28966784,2021-02-15,2021,2
FLK,-0.6193855,2021-02-15,2021,2
FRO,-0.4991744,2021-02-15,2021,2
FJI,0.7657914,2021-02-15,2021,2
FIN,0.87807804,2021-02-15,2021,2
FRA,0.8949645,2021-02-15,2021,2
PYF,-1.8496326,2021-02-15,2021,2
ATF,0.6410368,2021-02-15,2021,2
GAB,0.13219711,2021-02-15,2021,2
GMB,-1.981735,2021-02-15,2021,2
GEO,-0.5860046,2021-02-15,2021,2
DEU,-0.009940863,2021-02-15,2021,2
GHA,-2.0090973,2021-02-15,2021,2
GRC,0.757465,2021-02-15,2021,2
GRL,0.4923531,2021-02-15,2021,2
GTM,-0.9688638,2021-02-15,2021,2
GIN,-2.2205827,2021-02-15,2021,2
GNB,-2.1882997,2021-02-15,2021,2
GUY,0.2770056,2021-02-15,2021,2
HTI,-1.0040101,2021-02-15,2021,2
HND,0.026007678,2021-02-15,2021,2
HUN,0.23230316,2021-02-15,2021,2
ISL,-0.19437917,2021-02-15,2021,2
IND,-0.5215933,2021-02-15,2021,2
IDN,0.029369963,2021-02-15,2021,2
IRN,-1.3821303,2021-02-15,2021,2
IRQ,-1.371341,2021-02-15,2021,2
IRL,1.3383996,2021-02-15,2021,2
ISR,-0.873573,2021-02-15,2021,2
ITA,0.19408748,2021-02-15,2021,2
CIV,-1.301523,2021-02-15,2021,2
JAM,-0.51630473,2021-02-15,2021,2
JPN,-0.59594584,2021-02-15,2021,2
JOR,-0.87644947,2021-02-15,2021,2
KAZ,0.10782659,2021-02-15,2021,2
KEN,0.5232236,2021-02-15,2021,2
XKX,1.4929298,2021-02-15,2021,2
KWT,-0.986062,2021-02-15,2021,2
KGZ,-0.90932107,2021-02-15,2021,2
LAO,0.19881621,2021-02-15,2021,2
LVA,0.10439606,2021-02-15,2021,2
LBN,-0.71104425,2021-02-15,2021,2
LSO,1.6461806,2021-02-15,2021,2
LBR,-0.32458314,2021-02-15,2021,2
LBY,-1.2678242,2021-02-15,2021,2
LTU,-0.17284079,2021-02-15,2021,2
LUX,1.0709513,2021-02-15,2021,2
MDG,-1.3602132,2021-02-15,2021,2
MWI,-0.78066623,2021-02-15,2021,2
MYS,0.36280406,2021-02-15,2021,2
MLI,-1.9508936,2021-02-15,2021,2
MRT,-1.3293914,2021-02-15,2021,2
MUS,-2.4027236,2021-02-15,2021,2
MEX,-0.58739096,2021-02-15,2021,2
MDA,1.2676108,2021-02-15,2021,2
MNG,-1.3606633,2021-02-15,2021,2
MNE,1.4270822,2021-02-15,2021,2
MAR,-0.5483109,2021-02-15,2021,2
MOZ,0.13844223,2021-02-15,2021,2
MMR,-0.4764324,2021-02-15,2021,2
NAM,0.31498122,2021-02-15,2021,2
NPL,-0.40672782,2021-02-15,2021,2
NLD,0.8278514,2021-02-15,2021,2
NCL,1.7880807,2021-02-15,2021,2
NZL,-0.20814088,2021-02-15,2021,2
NIC,0.1953559,2021-02-15,2021,2
NER,-0.13117655,2021-02-15,2021,2
NGA,-0.7065841,2021-02-15,2021,2
PRK,-0.8394007,2021-02-15,2021,2
MKD,1.6142961,2021-02-15,2021,2
NOR,-0.25360262,2021-02-15,2021,2
OMN,-1.5567867,2021-02-15,2021,2
PAK,-1.3768903,2021-02-15,2021,2
PSE,-0.7843125,2021-02-15,2021,2
PAN,0.41514966,2021-02-15,2021,2
PNG,0.26256517,2021-02-15,2021,2
PRY,0.43592757,2021-02-15,2021,2
PER,0.12807195,2021-02-15,2021,2
PHL,0.8974829,2021-02-15,2021,2
POL,0.14305337,2021-02-15,2021,2
PRT,0.22129953,2021-02-15,2021,2
PRI,-0.3166461,2021-02-15,2021,2
QAT,-0.9191683,2021-02-15,2021,2
SRB,0.7671612,2021-02-15,2021,2
COG,0.6552242,2021-02-15,2021,2
ROU,0.84748966,2021-02-15,2021,2
RUS,0.3866194,2021-02-15,2021,2
RWA,1.5214,2021-02-15,2021,2
VCT,-0.64172864,2021-02-15,2021,2
WSM,0.6334385,2021-02-15,2021,2
SAU,-0.73183787,2021-02-15,2021,2
SEN,-1.9530091,2021-02-15,2021,2
SIA,0.81529844,2021-02-15,2021,2
SLE,-1.0943714,2021-02-15,2021,2
SVK,0.59698,2021-02-15,2021,2
SVN,0.24886242,2021-02-15,2021,2
SLB,0.038447328,2021-02-15,2021,2
SOM,-0.5380387,2021-02-15,2021,2
SOL,-0.75744814,2021-02-15,2021,2
ZAF,0.7114935,2021-02-15,2021,2
SGS,-2.7540572,2021-02-15,2021,2
KOR,-1.4246347,2021-02-15,2021,2
SSD,-0.7002149,2021-02-15,2021,2
ESP,0.16981882,2021-02-15,2021,2
LKA,0.69358015,2021-02-15,2021,2
SDN,-1.2339082,2021-02-15,2021,2
SUR,0.74006975,2021-02-15,2021,2
SWE,0.21699381,2021-02-15,2021,2
CHE,0.6109532,2021-02-15,2021,2
SYR,-1.2448739,2021-02-15,2021,2
TWN,-0.65539545,2021-02-15,2021,2
TJK,-1.3162181,2021-02-15,2021,2
THA,0.09397725,2021-02-15,2021,2
BHS,-0.8982428,2021-02-15,2021,2
TGO,-2.2125406,2021-02-15,2021,2
TTO,-0.75412416,2021-02-15,2021,2
TUN,-1.3833303,2021-02-15,2021,2
TUR,-0.9957133,2021-02-15,2021,2
TKM,-1.4055322,2021-02-15,2021,2
UGA,0.8393457,2021-02-15,2021,2
UKR,1.0657562,2021-02-15,2021,2
ARE,-0.46834216,2021-02-15,2021,2
GBR,1.3016217,2021-02-15,2021,2
TZA,0.76145864,2021-02-15,2021,2
VIR,-0.6516832,2021-02-15,2021,2
USA,-0.10483165,2021-02-15,2021,2
URY,0.33851463,2021-02-15,2021,2
UZB,-1.6021339,2021-02-15,2021,2
VUT,0.10704603,2021-02-15,2021,2
VEN,-0.25419235,2021-02-15,2021,2
VNM,-0.05086437,2021-02-15,2021,2
ESH,-0.64264023,2021-02-15,2021,2
YEM,-1.0712134,2021-02-15,2021,2
ZMB,0.059306275,2021-02-15,2021,2
ZWE,-0.0013758967,2021-02-15,2021,2
SWZ,1.2755642,2021-02-15,2021,2
AFG,-1.7137523,2021-03-16,2021,3
ALA,0.55543524,2021-03-16,2021,3
ALB,0.64207184,2021-03-16,2021,3
DZA,-0.30939978,2021-03-16,2021,3
AGO,0.12048392,2021-03-16,2021,3
ARG,0.04492307,2021-03-16,2021,3
ARM,0.38696256,2021-03-16,2021,3
AUS,0.43952966,2021-03-16,2021,3
AUT,-0.4677005,2021-03-16,2021,3
AZE,0.37870786,2021-03-16,2021,3
BGD,-1.2092761,2021-03-16,2021,3
BLR,1.050929,2021-03-16,2021,3
BEL,0.49890977,2021-03-16,2021,3
BLZ,0.61917996,2021-03-16,2021,3
BEN,-1.0827942,2021-03-16,2021,3
BTN,0.47915107,2021-03-16,2021,3
BOL,-0.062292676,2021-03-16,2021,3
BIH,-0.16718498,2021-03-16,2021,3
BWA,0.07938152,2021-03-16,2021,3
BRA,0.019569535,2021-03-16,2021,3
BRN,0.9002422,2021-03-16,2021,3
BGR,1.3936651,2021-03-16,2021,3
BFA,-1.9031808,2021-03-16,2021,3
BDI,1.8075699,2021-03-16,2021,3
CPV,-1.2703568,2021-03-16,2021,3
KHM,-0.0533186,2021-03-16,2021,3
CMR,0.37742215,2021-03-16,2021,3
CAN,-0.17383116,2021-03-16,2021,3
CAF,0.30963647,2021-03-16,2021,3
TCD,-0.8368711,2021-03-16,2021,3
CHL,-0.58898604,2021-03-16,2021,3
CHN,-0.65568596,2021-03-16,2021,3
COL,0.58441806,2021-03-16,2021,3
COM,-0.980291,2021-03-16,2021,3
CRI,0.22878736,2021-03-16,2021,3
HRV,-0.53066427,2021-03-16,2021,3
CUB,-0.9348137,2021-03-16,2021,3
CYP,-0.70106494,2021-03-16,2021,3
CZE,-0.092668235,2021-03-16,2021,3
COD,0.15514857,2021-03-16,2021,3
DNK,0.2641252,2021-03-16,2021,3
DJI,-2.0528839,2021-03-16,2021,3
DOM,-0.39465916,2021-03-16,2021,3
TLS,-2.1558745,2021-03-16,2021,3
ECU,0.17930946,2021-03-16,2021,3
EGY,-1.5527487,2021-03-16,2021,3
SLV,-0.77502745,2021-03-16,2021,3
GNQ,-0.34563693,2021-03-16,2021,3
ERI,-0.7732709,2021-03-16,2021,3
EST,0.9163062,2021-03-16,2021,3
ETH,-0.11584623,2021-03-16,2021,3
FLK,-0.90356743,2021-03-16,2021,3
FRO,-0.3307539,2021-03-16,2021,3
FJI,0.7609324,2021-03-16,2021,3
FIN,0.8100024,2021-03-16,2021,3
FRA,-0.22326107,2021-03-16,2021,3
PYF,-2.4044366,2021-03-16,2021,3
ATF,-0.09141065,2021-03-16,2021,3
GAB,-0.2236114,2021-03-16,2021,3
GMB,-0.82472867,2021-03-16,2021,3
GEO,0.33252394,2021-03-16,2021,3
DEU,0.15822613,2021-03-16,2021,3
GHA,-1.0468109,2021-03-16,2021,3
GRC,0.12009262,2021-03-16,2021,3
GRL,0.64748824,2021-03-16,2021,3
GTM,-0.18977024,2021-03-16,2021,3
GIN,-1.3722317,2021-03-16,2021,3
GNB,-0.94704664,2021-03-16,2021,3
GUY,0.8440434,2021-03-16,2021,3
HTI,-0.5885416,2021-03-16,2021,3
HND,-0.02102288,2021-03-16,2021,3
HUN,-0.3503437,2021-03-16,2021,3
ISL,-0.045298878,2021-03-16,2021,3
IND,-0.5192249,2021-03-16,2021,3
IDN,0.20813632,2021-03-16,2021,3
IRN,-1.7327688,2021-03-16,2021,3
IRQ,-1.4839472,2021-03-16,2021,3
IRL,0.9752592,2021-03-16,2021,3
ISR,-1.0702138,2021-03-16,2021,3
ITA,-0.62449455,2021-03-16,2021,3
CIV,-0.65902287,2021-03-16,2021,3
JAM,-0.3865838,2021-03-16,2021,3
JPN,0.3328055,2021-03-16,2021,3
JOR,-1.020501,2021-03-16,2021,3
KAZ,0.91108984,2021-03-16,2021,3
KEN,1.3667839,2021-03-16,2021,3
XKX,0.6264334,2021-03-16,2021,3
KWT,-2.2425866,2021-03-16,2021,3
KGZ,0.4932509,2021-03-16,2021,3
LAO,0.2412992,2021-03-16,2021,3
LVA,0.4956433,2021-03-16,2021,3
LBN,-0.6739807,2021-03-16,2021,3
LSO,1.1990284,2021-03-16,2021,3
LBR,-0.46349517,2021-03-16,2021,3
LBY,-1.0236642,2021-03-16,2021,3
LTU,0.119020425,2021-03-16,2021,3
LUX,0.8055855,2021-03-16,2021,3
MDG,-0.8974945,2021-03-16,2021,3
MWI,-0.623922,2021-03-16,2021,3
MYS,0.7804108,2021-03-16,2021,3
MLI,-1.506197,2021-03-16,2021,3
MRT,-1.1519523,2021-03-16,2021,3
MUS,-2.5356998,2021-03-16,2021,3
MEX,-0.5911925,2021-03-16,2021,3
MDA,0.77870333,2021-03-16,2021,3
MNG,-2.0666747,2021-03-16,2021,3
MNE,0.32980517,2021-03-16,2021,3
MAR,-0.5682735,2021-03-16,2021,3
MOZ,0.19235042,2021-03-16,2021,3
MMR,-0.14217183,2021-03-16,2021,3
NAM,0.32697296,2021-03-16,2021,3
NPL,-0.4785878,2021-03-16,2021,3
NLD,0.40595534,2021-03-16,2021,3
NCL,1.1995968,2021-03-16,2021,3
NZL,0.31523126,2021-03-16,2021,3
NIC,-0.014821859,2021-03-16,2021,3
NER,-0.158372,2021-03-16,2021,3
NGA,-0.30303115,2021-03-16,2021,3
PRK,0.9623182,2021-03-16,2021,3
MKD,1.1808547,2021-03-16,2021,3
NOR,-0.019714722,2021-03-16,2021,3
OMN,-2.4502997,2021-03-16,2021,3
PAK,-1.616787,2021-03-16,2021,3
PSE,-0.87173104,2021-03-16,2021,3
PAN,0.5968067,2021-03-16,2021,3
PNG,0.4095006,2021-03-16,2021,3
PRY,0.44010478,2021-03-16,2021,3
PER,0.24130291,2021-03-16,2021,3
PHL,0.82902926,2021-03-16,2021,3
POL,0.20973064,2021-03-16,2021,3
PRT,0.08027806,2021-03-16,2021,3
PRI,-0.27328086,2021-03-16,2021,3
QAT,-1.5882797,2021-03-16,2021,3
SRB,0.30589435,2021-03-16,2021,3
COG,0.20984855,2021-03-16,2021,3
ROU,0.6956194,2021-03-16,2021,3
RUS,0.6093576,2021-03-16,2021,3
RWA,1.7665704,2021-03-16,2021,3
VCT,1.3597183,2021-03-16,2021,3
WSM,0.6455724,2021-03-16,2021,3
SAU,-1.4541131,2021-03-16,2021,3
SEN,-0.85815936,2021-03-16,2021,3
SIA,1.6618282,2021-03-16,2021,3
SLE,-0.9692366,2021-03-16,2021,3
SVK,-0.04551526,2021-03-16,2021,3
SVN,-0.89804184,2021-03-16,2021,3
SLB,0.03714139,2021-03-16,2021,3
SOM,-0.32917845,2021-03-16,2021,3
SOL,-1.390348,2021-03-16,2021,3
ZAF,0.44276124,2021-03-16,2021,3
SGS,-2.221387,2021-03-16,2021,3
KOR,0.47208944,2021-03-16,2021,3
SSD,-0.50541,2021-03-16,2021,3
ESP,-0.27630132,2021-03-16,2021,3
LKA,0.3534506,2021-03-16,2021,3
SDN,-1.0618252,2021-03-16,2021,3
SUR,0.46929753,2021-03-16,2021,3
SWE,0.22632508,2021-03-16,2021,3
CHE,0.3419284,2021-03-16,2021,3
SYR,-0.9254515,2021-03-16,2021,3
TWN,-0.73841405,2021-03-16,2021,3
TJK,-0.80083257,2021-03-16,2021,3
THA,-0.05520821,2021-03-16,2021,3
BHS,-1.0862316,2021-03-16,2021,3
TGO,-0.9257747,2021-03-16,2021,3
TTO,1.6162493,2021-03-16,2021,3
TUN,-1.4880396,2021-03-16,2021,3
TUR,0.1855086,2021-03-16,2021,3
TKM,-1.1040503,2021-03-16,2021,3
UGA,0.90400225,2021-03-16,2021,3
UKR,1.2295029,2021-03-16,2021,3
ARE,-1.5891435,2021-03-16,2021,3
GBR,0.60743874,2021-03-16,2021,3
TZA,0.67717254,2021-03-16,2021,3
VIR,-0.6874707,2021-03-16,2021,3
USA,0.05388929,2021-03-16,2021,3
URY,0.6126531,2021-03-16,2021,3
UZB,-0.89490354,2021-03-16,2021,3
VUT,0.1215323,2021-03-16,2021,3
VEN,0.26826832,2021-03-16,2021,3
VNM,-0.25013536,2021-03-16,2021,3
ESH,-0.8606694,2021-03-16,2021,3
YEM,-1.4989582,2021-03-16,2021,3
ZMB,-0.0374255,2021-03-16,2021,3
ZWE,-0.26386794,2021-03-16,2021,3
SWZ,1.0990403,2021-03-16,2021,3
AFG,-1.6156082,2021-04-16,2021,4
ALA,-0.44966838,2021-04-16,2021,4
ALB,-0.73185295,2021-04-16,2021,4
DZA,-0.36462635,2021-04-16,2021,4
AGO,0.11535347,2021-04-16,2021,4
ARG,-0.15184456,2021-04-16,2021,4
ARM,-1.3404847,2021-04-16,2021,4
AUS,0.26812863,2021-04-16,2021,4
AUT,-1.2135912,2021-04-16,2021,4
AZE,-0.9587671,2021-04-16,2021,4
BGD,-1.4683948,2021-04-16,2021,4
BLR,-0.3571145,2021-04-16,2021,4
BEL,-0.8858504,2021-04-16,2021,4
BLZ,0.24741913,2021-04-16,2021,4
BEN,-1.6504765,2021-04-16,2021,4
BTN,-0.4913364,2021-04-16,2021,4
BOL,-0.07613663,2021-04-16,2021,4
BIH,-0.7806082,2021-04-16,2021,4
BWA,-0.26230055,2021-04-16,2021,4
BRA,0.017980557,2021-04-16,2021,4
BRN,-0.5590159,2021-04-16,2021,4
BGR,0.3588455,2021-04-16,2021,4
BFA,-2.2568662,2021-04-16,2021,4
BDI,-0.72405493,2021-04-16,2021,4
CPV,-1.2255065,2021-04-16,2021,4
KHM,1.5597668,2021-04-16,2021,4
CMR,0.38039643,2021-04-16,2021,4
CAN,-0.23428228,2021-04-16,2021,4
CAF,-0.088898465,2021-04-16,2021,4
TCD,-0.60840887,2021-04-16,2021,4
CHL,-0.9054669,2021-04-16,2021,4
CHN,-0.31658155,2021-04-16,2021,4
COL,0.6536344,2021-04-16,2021,4
COM,0.60741615,2021-04-16,2021,4
CRI,0.7441618,2021-04-16,2021,4
HRV,-1.046122,2021-04-16,2021,4
CUB,-1.270293,2021-04-16,2021,4
CYP,-1.1570032,2021-04-16,2021,4
CZE,-0.736663,2021-04-16,2021,4
COD,-0.095417514,2021-04-16,2021,4
DNK,-0.8929306,2021-04-16,2021,4
DJI,-0.9630894,2021-04-16,2021,4
DOM,-0.8176286,2021-04-16,2021,4
TLS,-1.9829574,2021-04-16,2021,4
ECU,0.15158805,2021-04-16,2021,4
EGY,-1.1586525,2021-04-16,2021,4
SLV,-0.32285407,2021-04-16,2021,4
GNQ,0.041187473,2021-04-16,2021,4
ERI,0.0796091,2021-04-16,2021,4
EST,-0.32555503,2021-04-16,2021,4
ETH,0.60555774,2021-04-16,2021,4
FLK,-1.331414,2021-04-16,2021,4
FRO,-0.21815912,2021-04-16,2021,4
FJI,-0.65822744,2021-04-16,2021,4
FIN,0.42189702,2021-04-16,2021,4
FRA,-1.1863884,2021-04-16,2021,4
PYF,-1.6231403,2021-04-16,2021,4
ATF,0.5642199,2021-04-16,2021,4
GAB,-0.5669459,2021-04-16,2021,4
GMB,-0.9429444,2021-04-16,2021,4
GEO,-0.26858923,2021-04-16,2021,4
DEU,-0.73452485,2021-04-16,2021,4
GHA,-1.1915363,2021-04-16,2021,4
GRC,-1.0363243,2021-04-16,2021,4
GRL,0.7196416,2021-04-16,2021,4
GTM,-0.40877104,2021-04-16,2021,4
GIN,-1.1660748,2021-04-16,2021,4
GNB,-1.0354501,2021-04-16,2021,4
GUY,1.3485675,2021-04-16,2021,4
HTI,-0.72148037,2021-04-16,2021,4
HND,-0.28485858,2021-04-16,2021,4
HUN,-0.52026665,2021-04-16,2021,4
ISL,-0.39422783,2021-04-16,2021,4
IND,-0.35422087,2021-04-16,2021,4
IDN,-0.31792256,2021-04-16,2021,4
IRN,-1.8849062,2021-04-16,2021,4
IRQ,-1.8674968,2021-04-16,2021,4
IRL,-0.44876012,2021-04-16,2021,4
ISR,-0.9660066,2021-04-16,2021,4
ITA,-1.0894331,2021-04-16,2021,4
CIV,-0.69730747,2021-04-16,2021,4
JAM,-0.69237113,2021-04-16,2021,4
JPN,0.2826109,2021-04-16,2021,4
JOR,-1.0258721,2021-04-16,2021,4
KAZ,-0.35010403,2021-04-16,2021,4
KEN,0.87363595,2021-04-16,2021,4
XKX,-0.49457934,2021-04-16,2021,4
KWT,-2.2912173,2021-04-16,2021,4
KGZ,-0.21239041,2021-04-16,2021,4
LAO,1.6919206,2021-04-16,2021,4
LVA,-0.88926893,2021-04-16,2021,4
LBN,-1.0531361,2021-04-16,2021,4
LSO,0.023259426,2021-04-16,2021,4
LBR,-0.2806225,2021-04-16,2021,4
LBY,-0.86752206,2021-04-16,2021,4
LTU,-1.2342963,2021-04-16,2021,4
LUX,-0.46203533,2021-04-16,2021,4
MDG,-0.51643443,2021-04-16,2021,4
MWI,-0.59861386,2021-04-16,2021,4
MYS,-0.35171345,2021-04-16,2021,4
MLI,-1.429592,2021-04-16,2021,4
MRT,-1.0934552,2021-04-16,2021,4
MUS,0.22380908,2021-04-16,2021,4
MEX,-0.79172033,2021-04-16,2021,4
MDA,0.35892537,2021-04-16,2021,4
MNG,-1.2695999,2021-04-16,2021,4
MNE,-0.6941492,2021-04-16,2021,4
MAR,-0.9928068,2021-04-16,2021,4
MOZ,0.34261116,2021-04-16,2021,4
MMR,0.15852645,2021-04-16,2021,4
NAM,0.0044839997,2021-04-16,2021,4
NPL,-0.120850876,2021-04-16,2021,4
NLD,-0.74846226,2021-04-16,2021,4
NCL,0.6225368,2021-04-16,2021,4
NZL,0.18432124,2021-04-16,2021,4
NIC,-0.22668062,2021-04-16,2021,4
NER,-0.8004732,2021-04-16,2021,4
NGA,-0.8195937,2021-04-16,2021,4
PRK,0.5659024,2021-04-16,2021,4
MKD,-0.23165436,2021-04-16,2021,4
NOR,0.1665645,2021-04-16,2021,4
OMN,-2.1218762,2021-04-16,2021,4
PAK,-1.22444,2021-04-16,2021,4
PSE,-0.88344353,2021-04-16,2021,4
PAN,0.9807742,2021-04-16,2021,4
PNG,0.32035163,2021-04-16,2021,4
PRY,-0.9820457,2021-04-16,2021,4
PER,0.105289444,2021-04-16,2021,4
PHL,0.27733037,2021-04-16,2021,4
POL,-0.38055065,2021-04-16,2021,4
PRT,0.25059396,2021-04-16,2021,4
PRI,-0.086768515,2021-04-16,2021,4
QAT,-1.9542197,2021-04-16,2021,4
SRB,-0.2418966,2021-04-16,2021,4
COG,-0.34181684,2021-04-16,2021,4
ROU,0.35755292,2021-04-16,2021,4
RUS,0.39513162,2021-04-16,2021,4
RWA,-0.3287174,2021-04-16,2021,4
VCT,1.5252427,2021-04-16,2021,4
WSM,-0.26598153,2021-04-16,2021,4
SAU,-1.5683558,2021-04-16,2021,4
SEN,-1.0136068,2021-04-16,2021,4
SIA,1.3811685,2021-04-16,2021,4
SLE,-0.52112633,2021-04-16,2021,4
SVK,-0.3992014,2021-04-16,2021,4
SVN,-1.36852,2021-04-16,2021,4
SLB,-0.00087223406,2021-04-16,2021,4
SOM,0.47283104,2021-04-16,2021,4
SOL,-0.047199316,2021-04-16,2021,4
ZAF,-0.6916221,2021-04-16,2021,4
SGS,-2.412191,2021-04-16,2021,4
KOR,0.20724757,2021-04-16,2021,4
SSD,-0.22433588,2021-04-16,2021,4
ESP,-0.42332208,2021-04-16,2021,4
LKA,-0.61207443,2021-04-16,2021,4
SDN,-0.45099697,2021-04-16,2021,4
SUR,0.72061366,2021-04-16,2021,4
SWE,0.0015553047,2021-04-16,2021,4
CHE,-1.3581886,2021-04-16,2021,4
SYR,-1.4923416,2021-04-16,2021,4
TWN,-0.7541603,2021-04-16,2021,4
TJK,-0.57164675,2021-04-16,2021,4
THA,1.5157382,2021-04-16,2021,4
BHS,-1.2818228,2021-04-16,2021,4
TGO,-1.1407094,2021-04-16,2021,4
TTO,1.8865398,2021-04-16,2021,4
TUN,-1.1341753,2021-04-16,2021,4
TUR,-0.77452576,2021-04-16,2021,4
TKM,-1.630419,2021-04-16,2021,4
UGA,0.009893288,2021-04-16,2021,4
UKR,0.6733006,2021-04-16,2021,4
ARE,-1.9230484,2021-04-16,2021,4
GBR,-0.95694095,2021-04-16,2021,4
TZA,0.07126802,2021-04-16,2021,4
VIR,-0.63647765,2021-04-16,2021,4
USA,0.010004205,2021-04-16,2021,4
URY,0.13953525,2021-04-16,2021,4
UZB,-1.3318434,2021-04-16,2021,4
VUT,0.048444297,2021-04-16,2021,4
VEN,0.45724183,2021-04-16,2021,4
VNM,0.69119996,2021-04-16,2021,4
ESH,-1.026725,2021-04-16,2021,4
YEM,-0.58804125,2021-04-16,2021,4
ZMB,0.05657928,2021-04-16,2021,4
ZWE,-0.17595828,2021-04-16,2021,4
SWZ,0.8364401,2021-04-16,2021,4
AFG,-1.214041,2021-05-16,2021,5
ALA,0.56836456,2021-05-16,2021,5
ALB,-0.8523145,2021-05-16,2021,5
DZA,-0.1556753,2021-05-16,2021,5
AGO,0.10444163,2021-05-16,2021,5
ARG,-0.000781576,2021-05-16,2021,5
ARM,-2.13043,2021-05-16,2021,5
AUS,0.08594741,2021-05-16,2021,5
AUT,0.048290975,2021-05-16,2021,5
AZE,-1.2640028,2021-05-16,2021,5
BGD,-1.0378836,2021-05-16,2021,5
BLR,0.68431556,2021-05-16,2021,5
BEL,-0.08531949,2021-05-16,2021,5
BLZ,0.040670615,2021-05-16,2021,5
BEN,-1.7613637,2021-05-16,2021,5
BTN,0.369554,2021-05-16,2021,5
BOL,0.15787868,2021-05-16,2021,5
BIH,-0.34078005,2021-05-16,2021,5
BWA,-0.55505896,2021-05-16,2021,5
BRA,-0.35498872,2021-05-16,2021,5
BRN,-0.27457058,2021-05-16,2021,5
BGR,0.55108166,2021-05-16,2021,5
BFA,-0.9927867,2021-05-16,2021,5
BDI,-0.2787297,2021-05-16,2021,5
CPV,-0.6927825,2021-05-16,2021,5
KHM,0.4121787,2021-05-16,2021,5
CMR,0.5141901,2021-05-16,2021,5
CAN,-0.14565496,2021-05-16,2021,5
CAF,-0.111808054,2021-05-16,2021,5
TCD,-1.1585717,2021-05-16,2021,5
CHL,-0.8047842,2021-05-16,2021,5
CHN,-0.06436716,2021-05-16,2021,5
COL,0.4627663,2021-05-16,2021,5
COM,-0.5934852,2021-05-16,2021,5
CRI,0.87753594,2021-05-16,2021,5
HRV,-0.23522308,2021-05-16,2021,5
CUB,-1.1116662,2021-05-16,2021,5
CYP,-1.2311455,2021-05-16,2021,5
CZE,0.072958805,2021-05-16,2021,5
COD,-0.03304759,2021-05-16,2021,5
DNK,0.555816,2021-05-16,2021,5
DJI,-0.73549634,2021-05-16,2021,5
DOM,-0.6154893,2021-05-16,2021,5
TLS,-1.7151874,2021-05-16,2021,5
ECU,0.24205668,2021-05-16,2021,5
EGY,-1.4413097,2021-05-16,2021,5
SLV,-0.04374651,2021-05-16,2021,5
GNQ,0.8837955,2021-05-16,2021,5
ERI,0.08506587,2021-05-16,2021,5
EST,1.1790817,2021-05-16,2021,5
ETH,0.43708503,2021-05-16,2021,5
FLK,-1.0355662,2021-05-16,2021,5
FRO,-0.024793528,2021-05-16,2021,5
FJI,-0.6368366,2021-05-16,2021,5
FIN,1.0972857,2021-05-16,2021,5
FRA,-0.4724856,2021-05-16,2021,5
PYF,-2.3734403,2021-05-16,2021,5
ATF,-0.47672743,2021-05-16,2021,5
GAB,-0.1681304,2021-05-16,2021,5
GMB,-1.0450767,2021-05-16,2021,5
GEO,-1.1339034,2021-05-16,2021,5
DEU,0.21125184,2021-05-16,2021,5
GHA,-1.048977,2021-05-16,2021,5
GRC,-1.272392,2021-05-16,2021,5
GRL,0.31050515,2021-05-16,2021,5
GTM,0.6900345,2021-05-16,2021,5
GIN,-0.52036476,2021-05-16,2021,5
GNB,-1.3540847,2021-05-16,2021,5
GUY,1.6990014,2021-05-16,2021,5
HTI,-0.78971124,2021-05-16,2021,5
HND,-0.076927505,2021-05-16,2021,5
HUN,-0.13750806,2021-05-16,2021,5
ISL,-0.14526287,2021-05-16,2021,5
IND,0.71101046,2021-05-16,2021,5
IDN,0.095937364,2021-05-16,2021,5
IRN,-1.8508992,2021-05-16,2021,5
IRQ,-2.1318965,2021-05-16,2021,5
IRL,0.011349365,2021-05-16,2021,5
ISR,-1.4093912,2021-05-16,2021,5
ITA,-0.47442538,2021-05-16,2021,5
CIV,-0.44500586,2021-05-16,2021,5
JAM,-1.2956895,2021-05-16,2021,5
JPN,0.9390918,2021-05-16,2021,5
JOR,-1.3235619,2021-05-16,2021,5
KAZ,-1.5976187,2021-05-16,2021,5
KEN,0.66372657,2021-05-16,2021,5
XKX,-0.40565014,2021-05-16,2021,5
KWT,-2.5526543,2021-05-16,2021,5
KGZ,-0.83603346,2021-05-16,2021,5
LAO,-0.29527894,2021-05-16,2021,5
LVA,0.99574596,2021-05-16,2021,5
LBN,-1.4729296,2021-05-16,2021,5
LSO,-0.3663459,2021-05-16,2021,5
LBR,-0.28301394,2021-05-16,2021,5
LBY,-1.1260221,2021-05-16,2021,5
LTU,0.8301493,2021-05-16,2021,5
LUX,0.031717334,2021-05-16,2021,5
MDG,-0.31522733,2021-05-16,2021,5
MWI,-0.3502988,2021-05-16,2021,5
MYS,0.6687797,2021-05-16,2021,5
MLI,-0.9287824,2021-05-16,2021,5
MRT,-0.97667944,2021-05-16,2021,5
MUS,0.763372,2021-05-16,2021,5
MEX,-0.42578465,2021-05-16,2021,5
MDA,0.8780396,2021-05-16,2021,5
MNG,-0.44973972,2021-05-16,2021,5
MNE,-0.41087678,2021-05-16,2021,5
MAR,-0.9136807,2021-05-16,2021,5
MOZ,-0.28323448,2021-05-16,2021,5
MMR,-1.5035462,2021-05-16,2021,5
NAM,0.022211872,2021-05-16,2021,5
NPL,0.92895806,2021-05-16,2021,5
NLD,0.45848405,2021-05-16,2021,5
NCL,0.49360678,2021-05-16,2021,5
NZL,0.35783994,2021-05-16,2021,5
NIC,0.04767251,2021-05-16,2021,5
NER,-1.7166284,2021-05-16,2021,5
NGA,-1.268883,2021-05-16,2021,5
PRK,0.94027275,2021-05-16,2021,5
MKD,-0.5954621,2021-05-16,2021,5
NOR,0.4890063,2021-05-16,2021,5
OMN,-2.1325598,2021-05-16,2021,5
PAK,-0.48343664,2021-05-16,2021,5
PSE,-1.2575144,2021-05-16,2021,5
PAN,0.9587119,2021-05-16,2021,5
PNG,0.26298642,2021-05-16,2021,5
PRY,-0.9089776,2021-05-16,2021,5
PER,0.21357217,2021-05-16,2021,5
PHL,0.39406955,2021-05-16,2021,5
POL,0.35242048,2021-05-16,2021,5
PRT,-0.8792997,2021-05-16,2021,5
PRI,-0.44795516,2021-05-16,2021,5
QAT,-2.291623,2021-05-16,2021,5
SRB,0.031055251,2021-05-16,2021,5
COG,-0.19303212,2021-05-16,2021,5
ROU,0.6726447,2021-05-16,2021,5
RUS,-0.23226686,2021-05-16,2021,5
RWA,0.34907106,2021-05-16,2021,5
VCT,0.8378476,2021-05-16,2021,5
WSM,-1.0030141,2021-05-16,2021,5
SAU,-1.8109535,2021-05-16,2021,5
SEN,-1.1618316,2021-05-16,2021,5
SIA,0.8753536,2021-05-16,2021,5
SLE,-0.28067225,2021-05-16,2021,5
SVK,-0.12942603,2021-05-16,2021,5
SVN,0.2845219,2021-05-16,2021,5
SLB,0.006883861,2021-05-16,2021,5
SOM,0.23219946,2021-05-16,2021,5
SOL,0.07096619,2021-05-16,2021,5
ZAF,-1.0528301,2021-05-16,2021,5
SGS,-2.194632,2021-05-16,2021,5
KOR,1.0124335,2021-05-16,2021,5
SSD,-0.08021007,2021-05-16,2021,5
ESP,-1.0875205,2021-05-16,2021,5
LKA,0.34719065,2021-05-16,2021,5
SDN,-0.6409295,2021-05-16,2021,5
SUR,1.2089667,2021-05-16,2021,5
SWE,0.3688598,2021-05-16,2021,5
CHE,0.010439708,2021-05-16,2021,5
SYR,-1.7654973,2021-05-16,2021,5
TWN,-0.7382149,2021-05-16,2021,5
TJK,-0.32456478,2021-05-16,2021,5
THA,0.21768422,2021-05-16,2021,5
BHS,-1.3803934,2021-05-16,2021,5
TGO,-1.3273836,2021-05-16,2021,5
TTO,2.0454235,2021-05-16,2021,5
TUN,-0.9250408,2021-05-16,2021,5
TUR,-1.1722727,2021-05-16,2021,5
TKM,-1.7113528,2021-05-16,2021,5
UGA,0.43365803,2021-05-16,2021,5
UKR,0.68034005,2021-05-16,2021,5
ARE,-2.063461,2021-05-16,2021,5
GBR,-0.046047658,2021-05-16,2021,5
TZA,-0.37138343,2021-05-16,2021,5
VIR,-1.1876584,2021-05-16,2021,5
USA,-0.14907336,2021-05-16,2021,5
URY,-0.27580562,2021-05-16,2021,5
UZB,-1.5821242,2021-05-16,2021,5
VUT,0.056465372,2021-05-16,2021,5
VEN,0.2555532,2021-05-16,2021,5
VNM,-0.17003661,2021-05-16,2021,5
ESH,-0.9607815,2021-05-16,2021,5
YEM,-0.52699685,2021-05-16,2021,5
ZMB,0.095656164,2021-05-16,2021,5
ZWE,-0.41583067,2021-05-16,2021,5
SWZ,-1.1535162,2021-05-16,2021,5
AFG,-1.6761936,2021-06-16,2021,6
ALA,-0.1936673,2021-06-16,2021,6
ALB,-1.3612174,2021-06-16,2021,6
DZA,-0.8935759,2021-06-16,2021,6
AGO,0.06647789,2021-06-16,2021,6
ARG,-0.25485313,2021-06-16,2021,6
ARM,-2.873511,2021-06-16,2021,6
AUS,-0.30639392,2021-06-16,2021,6
AUT,-0.65107286,2021-06-16,2021,6
AZE,-2.3206742,2021-06-16,2021,6
BGD,-0.5657984,2021-06-16,2021,6
BLR,-0.20617959,2021-06-16,2021,6
BEL,0.7153035,2021-06-16,2021,6
BLZ,-0.051404674,2021-06-16,2021,6
BEN,-1.6768038,2021-06-16,2021,6
BTN,-0.8749533,2021-06-16,2021,6
BOL,-0.18555674,2021-06-16,2021,6
BIH,-1.2258738,2021-06-16,2021,6
BWA,-0.6661526,2021-06-16,2021,6
BRA,-0.47425956,2021-06-16,2021,6
BRN,-0.49786875,2021-06-16,2021,6
BGR,1.1010451,2021-06-16,2021,6
BFA,-0.5449965,2021-06-16,2021,6
BDI,-0.5039576,2021-06-16,2021,6
CPV,-0.8225929,2021-06-16,2021,6
KHM,0.180712,2021-06-16,2021,6
CMR,-0.06998311,2021-06-16,2021,6
CAN,-0.2851249,2021-06-16,2021,6
CAF,-0.27314627,2021-06-16,2021,6
TCD,-0.7591872,2021-06-16,2021,6
CHL,-0.82727027,2021-06-16,2021,6
CHN,0.04044025,2021-06-16,2021,6
COL,0.35552296,2021-06-16,2021,6
COM,0.73708767,2021-06-16,2021,6
CRI,0.0757204,2021-06-16,2021,6
HRV,-1.101122,2021-06-16,2021,6
CUB,-0.57524395,2021-06-16,2021,6
CYP,-1.4373934,2021-06-16,2021,6
CZE,-0.57503146,2021-06-16,2021,6
COD,0.02021598,2021-06-16,2021,6
DNK,-0.46394497,2021-06-16,2021,6
DJI,-0.13046835,2021-06-16,2021,6
DOM,-0.73953027,2021-06-16,2021,6
TLS,-0.9565363,2021-06-16,2021,6
ECU,-0.22207344,2021-06-16,2021,6
EGY,-1.1675448,2021-06-16,2021,6
SLV,-0.31372783,2021-06-16,2021,6
GNQ,0.34012195,2021-06-16,2021,6
ERI,0.49194878,2021-06-16,2021,6
EST,-0.06386527,2021-06-16,2021,6
ETH,0.14500776,2021-06-16,2021,6
FLK,-0.6747756,2021-06-16,2021,6
FRO,-0.41847005,2021-06-16,2021,6
FJI,-0.76337636,2021-06-16,2021,6
FIN,-0.046643037,2021-06-16,2021,6
FRA,0.47010016,2021-06-16,2021,6
PYF,-1.3115864,2021-06-16,2021,6
ATF,0.9208156,2021-06-16,2021,6
GAB,0.013355391,2021-06-16,2021,6
GMB,-0.50987065,2021-06-16,2021,6
GEO,-2.1067338,2021-06-16,2021,6
DEU,0.20533389,2021-06-16,2021,6
GHA,-1.0542765,2021-06-16,2021,6
GRC,-1.1847748,2021-06-16,2021,6
GRL,-0.3177231,2021-06-16,2021,6
GTM,0.00877098,2021-06-16,2021,6
GIN,-0.8316293,2021-06-16,2021,6
GNB,-1.1304916,2021-06-16,2021,6
GUY,1.6564322,2021-06-16,2021,6
HTI,-1.0872638,2021-06-16,2021,6
HND,-0.21677843,2021-06-16,2021,6
HUN,-1.2626438,2021-06-16,2021,6
ISL,-0.5987531,2021-06-16,2021,6
IND,0.6058702,2021-06-16,2021,6
IDN,0.092722975,2021-06-16,2021,6
IRN,-2.0316315,2021-06-16,2021,6
IRQ,-2.4677968,2021-06-16,2021,6
IRL,-0.5308267,2021-06-16,2021,6
ISR,-1.1584076,2021-06-16,2021,6
ITA,-0.8172124,2021-06-16,2021,6
CIV,-0.29873404,2021-06-16,2021,6
JAM,-0.6118998,2021-06-16,2021,6
JPN,-0.1393861,2021-06-16,2021,6
JOR,-1.1580906,2021-06-16,2021,6
KAZ,-1.9647845,2021-06-16,2021,6
KEN,0.009321578,2021-06-16,2021,6
XKX,-1.2317473,2021-06-16,2021,6
KWT,-2.6024446,2021-06-16,2021,6
KGZ,-1.683113,2021-06-16,2021,6
LAO,-0.101080395,2021-06-16,2021,6
LVA,0.015027232,2021-06-16,2021,6
LBN,-1.5306268,2021-06-16,2021,6
LSO,-0.73132896,2021-06-16,2021,6
LBR,-0.13931267,2021-06-16,2021,6
LBY,-1.4651748,2021-06-16,2021,6
LTU,0.06054904,2021-06-16,2021,6
LUX,0.70822906,2021-06-16,2021,6
MDG,-0.43712318,2021-06-16,2021,6
MWI,-0.7658749,2021-06-16,2021,6
MYS,0.2657164,2021-06-16,2021,6
MLI,-0.85570294,2021-06-16,2021,6
MRT,-0.8320806,2021-06-16,2021,6
MUS,1.4111387,2021-06-16,2021,6
MEX,0.3789071,2021-06-16,2021,6
MDA,1.358662,2021-06-16,2021,6
MNG,-0.0076624625,2021-06-16,2021,6
MNE,-1.1372393,2021-06-16,2021,6
MAR,-1.0259801,2021-06-16,2021,6
MOZ,-0.2695839,2021-06-16,2021,6
MMR,-1.1569326,2021-06-16,2021,6
NAM,-0.2210744,2021-06-16,2021,6
NPL,1.0308535,2021-06-16,2021,6
NLD,0.97927207,2021-06-16,2021,6
NCL,0.9680419,2021-06-16,2021,6
NZL,-0.25136226,2021-06-16,2021,6
NIC,-0.50419563,2021-06-16,2021,6
NER,-2.0484872,2021-06-16,2021,6
NGA,-1.2769377,2021-06-16,2021,6
PRK,0.8878546,2021-06-16,2021,6
MKD,-0.9642733,2021-06-16,2021,6
NOR,-0.33274397,2021-06-16,2021,6
OMN,-1.6227939,2021-06-16,2021,6
PAK,-0.3752215,2021-06-16,2021,6
PSE,-0.9204343,2021-06-16,2021,6
PAN,0.28491795,2021-06-16,2021,6
PNG,0.09069715,2021-06-16,2021,6
PRY,-0.9678612,2021-06-16,2021,6
PER,0.06855317,2021-06-16,2021,6
PHL,0.024564378,2021-06-16,2021,6
POL,-0.4464156,2021-06-16,2021,6
PRT,-0.1627451,2021-06-16,2021,6
PRI,0.26743758,2021-06-16,2021,6
QAT,-2.3166583,2021-06-16,2021,6
SRB,-1.0985136,2021-06-16,2021,6
COG,0.07332069,2021-06-16,2021,6
ROU,0.21782988,2021-06-16,2021,6
RUS,-0.7280132,2021-06-16,2021,6
RWA,-0.31733766,2021-06-16,2021,6
VCT,0.06853033,2021-06-16,2021,6
WSM,-0.33931795,2021-06-16,2021,6
SAU,-1.6424837,2021-06-16,2021,6
SEN,-0.86798334,2021-06-16,2021,6
SIA,-0.015659967,2021-06-16,2021,6
SLE,-0.26425865,2021-06-16,2021,6
SVK,-1.0945534,2021-06-16,2021,6
SVN,-0.6432663,2021-06-16,2021,6
SLB,0.034936644,2021-06-16,2021,6
SOM,0.23987505,2021-06-16,2021,6
SOL,0.37693062,2021-06-16,2021,6
ZAF,-1.2497485,2021-06-16,2021,6
SGS,-2.2280598,2021-06-16,2021,6
KOR,-0.17305568,2021-06-16,2021,6
SSD,-0.11417544,2021-06-16,2021,6
ESP,-0.30237263,2021-06-16,2021,6
LKA,0.52661926,2021-06-16,2021,6
SDN,-0.14300026,2021-06-16,2021,6
SUR,1.4329758,2021-06-16,2021,6
SWE,-0.31445587,2021-06-16,2021,6
CHE,0.55390066,2021-06-16,2021,6
SYR,-2.160439,2021-06-16,2021,6
TWN,-0.5683817,2021-06-16,2021,6
TJK,-1.2943825,2021-06-16,2021,6
THA,-0.0003029759,2021-06-16,2021,6
BHS,-1.0959053,2021-06-16,2021,6
TGO,-1.6078445,2021-06-16,2021,6
TTO,0.96248543,2021-06-16,2021,6
TUN,-1.3086629,2021-06-16,2021,6
TUR,-1.4190108,2021-06-16,2021,6
TKM,-2.5819447,2021-06-16,2021,6
UGA,-0.24882832,2021-06-16,2021,6
UKR,0.80459994,2021-06-16,2021,6
ARE,-1.9989296,2021-06-16,2021,6
GBR,-0.30508548,2021-06-16,2021,6
TZA,-0.5559037,2021-06-16,2021,6
VIR,-0.25932735,2021-06-16,2021,6
USA,-0.4297204,2021-06-16,2021,6
URY,0.073102124,2021-06-16,2021,6
UZB,-2.3858898,2021-06-16,2021,6
VUT,0.08426567,2021-06-16,2021,6
VEN,-0.16229148,2021-06-16,2021,6
VNM,-0.20911454,2021-06-16,2021,6
ESH,-1.0435734,2021-06-16,2021,6
YEM,-0.01277382,2021-06-16,2021,6
ZMB,0.28253135,2021-06-16,2021,6
ZWE,-0.075721055,2021-06-16,2021,6
SWZ,-0.48197746,2021-06-16,2021,6
AFG,-1.5875882,2021-07-16,2021,7
ALA,-0.77870286,2021-07-16,2021,7
ALB,-1.6577812,2021-07-16,2021,7
DZA,-0.7816189,2021-07-16,2021,7
AGO,-0.24170434,2021-07-16,2021,7
ARG,-0.91038454,2021-07-16,2021,7
ARM,-1.9458165,2021-07-16,2021,7
AUS,-0.23705676,2021-07-16,2021,7
AUT,0.40481326,2021-07-16,2021,7
AZE,-1.3744465,2021-07-16,2021,7
BGD,-0.20736955,2021-07-16,2021,7
BLR,-0.7914047,2021-07-16,2021,7
BEL,1.5973079,2021-07-16,2021,7
BLZ,-0.70694596,2021-07-16,2021,7
BEN,-0.88946307,2021-07-16,2021,7
BTN,-1.0956126,2021-07-16,2021,7
BOL,-1.0435581,2021-07-16,2021,7
BIH,-1.3718066,2021-07-16,2021,7
BWA,-0.8626353,2021-07-16,2021,7
BRA,-0.66116345,2021-07-16,2021,7
BRN,0.8459878,2021-07-16,2021,7
BGR,0.32453427,2021-07-16,2021,7
BFA,0.36799678,2021-07-16,2021,7
BDI,0.36340198,2021-07-16,2021,7
CPV,0.14248425,2021-07-16,2021,7
KHM,-0.47940683,2021-07-16,2021,7
CMR,-0.6948158,2021-07-16,2021,7
CAN,-0.48028824,2021-07-16,2021,7
CAF,0.102312244,2021-07-16,2021,7
TCD,-0.5867316,2021-07-16,2021,7
CHL,-0.8241476,2021-07-16,2021,7
CHN,-0.11455083,2021-07-16,2021,7
COL,0.11847888,2021-07-16,2021,7
COM,-0.4007156,2021-07-16,2021,7
CRI,0.21188757,2021-07-16,2021,7
HRV,-1.1549174,2021-07-16,2021,7
CUB,0.11773012,2021-07-16,2021,7
CYP,-1.3136066,2021-07-16,2021,7
CZE,0.0191041,2021-07-16,2021,7
COD,0.032960724,2021-07-16,2021,7
DNK,-0.20184614,2021-07-16,2021,7
DJI,0.47039565,2021-07-16,2021,7
DOM,-0.19015205,2021-07-16,2021,7
TLS,-0.451542,2021-07-16,2021,7
ECU,-0.20037308,2021-07-16,2021,7
EGY,-1.4649844,2021-07-16,2021,7
SLV,-0.39702755,2021-07-16,2021,7
GNQ,0.023868296,2021-07-16,2021,7
ERI,0.20617774,2021-07-16,2021,7
EST,-1.1074399,2021-07-16,2021,7
ETH,0.11848262,2021-07-16,2021,7
FLK,-0.82284105,2021-07-16,2021,7
FRO,-0.5030827,2021-07-16,2021,7
FJI,-0.06539366,2021-07-16,2021,7
FIN,-1.0094627,2021-07-16,2021,7
FRA,1.2596388,2021-07-16,2021,7
PYF,-1.0716594,2021-07-16,2021,7
ATF,0.7444702,2021-07-16,2021,7
GAB,0.29685646,2021-07-16,2021,7
GMB,-1.3050923,2021-07-16,2021,7
GEO,-1.4734625,2021-07-16,2021,7
DEU,0.68903756,2021-07-16,2021,7
GHA,-0.14718442,2021-07-16,2021,7
GRC,-1.3302948,2021-07-16,2021,7
GRL,-0.75207424,2021-07-16,2021,7
GTM,-0.6294898,2021-07-16,2021,7
GIN,-0.5640348,2021-07-16,2021,7
GNB,-1.32249,2021-07-16,2021,7
GUY,1.3723224,2021-07-16,2021,7
HTI,-0.8280646,2021-07-16,2021,7
HND,-0.41321555,2021-07-16,2021,7
HUN,-1.3693477,2021-07-16,2021,7
ISL,-1.0648447,2021-07-16,2021,7
IND,0.44808024,2021-07-16,2021,7
IDN,0.28221813,2021-07-16,2021,7
IRN,-1.6570591,2021-07-16,2021,7
IRQ,-2.539772,2021-07-16,2021,7
IRL,0.04701357,2021-07-16,2021,7
ISR,-1.3333268,2021-07-16,2021,7
ITA,-0.6684768,2021-07-16,2021,7
CIV,0.275799,2021-07-16,2021,7
JAM,0.12841071,2021-07-16,2021,7
JPN,-0.39377746,2021-07-16,2021,7
JOR,-1.2568088,2021-07-16,2021,7
KAZ,-1.9630688,2021-07-16,2021,7
KEN,0.25648993,2021-07-16,2021,7
XKX,-1.716484,2021-07-16,2021,7
KWT,-2.2152348,2021-07-16,2021,7
KGZ,-1.2797035,2021-07-16,2021,7
LAO,-0.9119761,2021-07-16,2021,7
LVA,-0.8682371,2021-07-16,2021,7
LBN,-1.4919062,2021-07-16,2021,7
LSO,-1.7490764,2021-07-16,2021,7
LBR,-0.046615634,2021-07-16,2021,7
LBY,-1.6925362,2021-07-16,2021,7
LTU,-0.44676957,2021-07-16,2021,7
LUX,1.7605397,2021-07-16,2021,7
MDG,-0.28909686,2021-07-16,2021,7
MWI,0.34694526,2021-07-16,2021,7
MYS,0.9267775,2021-07-16,2021,7
MLI,-0.5974352,2021-07-16,2021,7
MRT,-0.6543554,2021-07-16,2021,7
MUS,-0.101813026,2021-07-16,2021,7
MEX,0.73017555,2021-07-16,2021,7
MDA,1.0213554,2021-07-16,2021,7
MNG,-0.06796993,2021-07-16,2021,7
MNE,-1.421608,2021-07-16,2021,7
MAR,-0.8625444,2021-07-16,2021,7
MOZ,0.17081057,2021-07-16,2021,7
MMR,-1.095081,2021-07-16,2021,7
NAM,-0.10528061,2021-07-16,2021,7
NPL,0.81438416,2021-07-16,2021,7
NLD,1.3697193,2021-07-16,2021,7
NCL,-0.8816858,2021-07-16,2021,7
NZL,-0.053758375,2021-07-16,2021,7
NIC,-0.65689814,2021-07-16,2021,7
NER,-1.3081448,2021-07-16,2021,7
NGA,-1.0122663,2021-07-16,2021,7
PRK,-0.85083884,2021-07-16,2021,7
MKD,-1.2536983,2021-07-16,2021,7
NOR,-0.3769563,2021-07-16,2021,7
OMN,-1.3980294,2021-07-16,2021,7
PAK,-0.52431035,2021-07-16,2021,7
PSE,-1.166874,2021-07-16,2021,7
PAN,0.26981625,2021-07-16,2021,7
PNG,0.13211939,2021-07-16,2021,7
PRY,-1.2668425,2021-07-16,2021,7
PER,-0.33467087,2021-07-16,2021,7
PHL,0.41295594,2021-07-16,2021,7
POL,-0.5297853,2021-07-16,2021,7
PRT,-0.8276505,2021-07-16,2021,7
PRI,0.30126974,2021-07-16,2021,7
QAT,-2.1228077,2021-07-16,2021,7
SRB,-1.4169971,2021-07-16,2021,7
COG,0.15640798,2021-07-16,2021,7
ROU,-0.10139505,2021-07-16,2021,7
RUS,-0.75399184,2021-07-16,2021,7
RWA,0.11624174,2021-07-16,2021,7
VCT,-0.04599407,2021-07-16,2021,7
WSM,-0.017674979,2021-07-16,2021,7
SAU,-1.5346454,2021-07-16,2021,7
SEN,-1.5749011,2021-07-16,2021,7
SIA,0.28685433,2021-07-16,2021,7
SLE,-0.1798275,2021-07-16,2021,7
SVK,-1.0709438,2021-07-16,2021,7
SVN,-0.43548632,2021-07-16,2021,7
SLB,0.051780004,2021-07-16,2021,7
SOM,-0.2340476,2021-07-16,2021,7
SOL,-0.08709201,2021-07-16,2021,7
ZAF,-1.251297,2021-07-16,2021,7
SGS,-1.1856161,2021-07-16,2021,7
KOR,-0.5975623,2021-07-16,2021,7
SSD,-0.11381742,2021-07-16,2021,7
ESP,-0.78316516,2021-07-16,2021,7
LKA,1.1091477,2021-07-16,2021,7
SDN,-0.5406762,2021-07-16,2021,7
SUR,1.5954113,2021-07-16,2021,7
SWE,-0.36480695,2021-07-16,2021,7
CHE,1.8831549,2021-07-16,2021,7
SYR,-2.1684494,2021-07-16,2021,7
TWN,-0.5859253,2021-07-16,2021,7
TJK,-1.2345128,2021-07-16,2021,7
THA,-0.9731502,2021-07-16,2021,7
BHS,-0.995522,2021-07-16,2021,7
TGO,-0.7469382,2021-07-16,2021,7
TTO,0.8891039,2021-07-16,2021,7
TUN,-1.6336925,2021-07-16,2021,7
TUR,-1.1650671,2021-07-16,2021,7
TKM,-2.547127,2021-07-16,2021,7
UGA,0.40795085,2021-07-16,2021,7
UKR,0.33971602,2021-07-16,2021,7
ARE,-1.8807263,2021-07-16,2021,7
GBR,0.41078377,2021-07-16,2021,7
TZA,-0.046437006,2021-07-16,2021,7
VIR,0.14026481,2021-07-16,2021,7
USA,0.02078777,2021-07-16,2021,7
URY,-0.028499814,2021-07-16,2021,7
UZB,-2.341903,2021-07-16,2021,7
VUT,0.014646653,2021-07-16,2021,7
VEN,-0.40904784,2021-07-16,2021,7
VNM,-0.92067444,2021-07-16,2021,7
ESH,-0.7295952,2021-07-16,2021,7
YEM,-0.32388163,2021-07-16,2021,7
ZMB,-0.060733493,2021-07-16,2021,7
ZWE,0.022667954,2021-07-16,2021,7
SWZ,-0.8174734,2021-07-16,2021,7
AFG,-2.025038,2021-08-16,2021,8
ALA,-0.6403056,2021-08-16,2021,8
ALB,-1.2445828,2021-08-16,2021,8
DZA,-1.1456718,2021-08-16,2021,8
AGO,-0.71275944,2021-08-16,2021,8
ARG,-1.4634784,2021-08-16,2021,8
ARM,-0.88961667,2021-08-16,2021,8
AUS,-0.37647635,2021-08-16,2021,8
AUT,0.25359023,2021-08-16,2021,8
AZE,-0.92996186,2021-08-16,2021,8
BGD,-0.010432034,2021-08-16,2021,8
BLR,-0.52713805,2021-08-16,2021,8
BEL,1.1395034,2021-08-16,2021,8
BLZ,-0.8026853,2021-08-16,2021,8
BEN,0.40790156,2021-08-16,2021,8
BTN,-1.1715807,2021-08-16,2021,8
BOL,-1.0061272,2021-08-16,2021,8
BIH,-1.2204497,2021-08-16,2021,8
BWA,-0.8773823,2021-08-16,2021,8
BRA,-0.49866775,2021-08-16,2021,8
BRN,1.6385808,2021-08-16,2021,8
BGR,0.02176157,2021-08-16,2021,8
BFA,0.7766391,2021-08-16,2021,8
BDI,-1.2575743,2021-08-16,2021,8
CPV,-0.055629287,2021-08-16,2021,8
KHM,-0.27557763,2021-08-16,2021,8
CMR,-0.3009795,2021-08-16,2021,8
CAN,-0.5111426,2021-08-16,2021,8
CAF,0.4459634,2021-08-16,2021,8
TCD,0.20498367,2021-08-16,2021,8
CHL,-0.7751215,2021-08-16,2021,8
CHN,0.004143386,2021-08-16,2021,8
COL,0.42940858,2021-08-16,2021,8
COM,-0.3204239,2021-08-16,2021,8
CRI,0.1396833,2021-08-16,2021,8
HRV,-1.2513562,2021-08-16,2021,8
CUB,0.70160735,2021-08-16,2021,8
CYP,-0.35155958,2021-08-16,2021,8
CZE,0.3850365,2021-08-16,2021,8
COD,0.025111472,2021-08-16,2021,8
DNK,-0.783287,2021-08-16,2021,8
DJI,-0.13211295,2021-08-16,2021,8
DOM,0.35084766,2021-08-16,2021,8
TLS,-0.24959035,2021-08-16,2021,8
ECU,-0.13725783,2021-08-16,2021,8
EGY,-1.43611,2021-08-16,2021,8
SLV,-0.3419521,2021-08-16,2021,8
GNQ,0.33936286,2021-08-16,2021,8
ERI,0.0705211,2021-08-16,2021,8
EST,-0.78010625,2021-08-16,2021,8
ETH,-0.28925833,2021-08-16,2021,8
FLK,-1.4767871,2021-08-16,2021,8
FRO,-0.8092116,2021-08-16,2021,8
FJI,-1.4021449,2021-08-16,2021,8
FIN,-0.62000525,2021-08-16,2021,8
FRA,0.50730675,2021-08-16,2021,8
PYF,-0.3218976,2021-08-16,2021,8
ATF,0.957406,2021-08-16,2021,8
GAB,0.6543443,2021-08-16,2021,8
GMB,-0.40211305,2021-08-16,2021,8
GEO,-0.35863248,2021-08-16,2021,8
DEU,0.6904696,2021-08-16,2021,8
GHA,0.648012,2021-08-16,2021,8
GRC,-0.9985724,2021-08-16,2021,8
GRL,-0.90594614,2021-08-16,2021,8
GTM,-0.8664684,2021-08-16,2021,8
GIN,-0.08657261,2021-08-16,2021,8
GNB,-0.5843113,2021-08-16,2021,8
GUY,1.1454945,2021-08-16,2021,8
HTI,1.9356439,2021-08-16,2021,8
HND,-0.5582215,2021-08-16,2021,8
HUN,-1.2937142,2021-08-16,2021,8
ISL,-1.7584797,2021-08-16,2021,8
IND,-0.099662244,2021-08-16,2021,8
IDN,0.59337246,2021-08-16,2021,8
IRN,-1.8671699,2021-08-16,2021,8
IRQ,-1.933646,2021-08-16,2021,8
IRL,-1.0971742,2021-08-16,2021,8
ISR,-0.9907945,2021-08-16,2021,8
ITA,-1.0768297,2021-08-16,2021,8
CIV,0.46961585,2021-08-16,2021,8
JAM,1.448386,2021-08-16,2021,8
JPN,0.122381076,2021-08-16,2021,8
JOR,-0.97194904,2021-08-16,2021,8
KAZ,-1.492069,2021-08-16,2021,8
KEN,0.22764987,2021-08-16,2021,8
XKX,-1.5276266,2021-08-16,2021,8
KWT,-1.9969014,2021-08-16,2021,8
KGZ,-1.0490863,2021-08-16,2021,8
LAO,-0.8773714,2021-08-16,2021,8
LVA,-0.74990493,2021-08-16,2021,8
LBN,-0.70140594,2021-08-16,2021,8
LSO,0.11231915,2021-08-16,2021,8
LBR,0.036441997,2021-08-16,2021,8
LBY,-1.7670802,2021-08-16,2021,8
LTU,-0.34525365,2021-08-16,2021,8
LUX,1.3182744,2021-08-16,2021,8
MDG,-0.018426582,2021-08-16,2021,8
MWI,0.9410344,2021-08-16,2021,8
MYS,1.0146152,2021-08-16,2021,8
MLI,-0.3917562,2021-08-16,2021,8
MRT,-0.5879502,2021-08-16,2021,8
MUS,1.4206128,2021-08-16,2021,8
MEX,1.082691,2021-08-16,2021,8
MDA,0.82590145,2021-08-16,2021,8
MNG,0.27176505,2021-08-16,2021,8
MNE,-1.3622069,2021-08-16,2021,8
MAR,-1.2093157,2021-08-16,2021,8
MOZ,0.423389,2021-08-16,2021,8
MMR,-0.33470136,2021-08-16,2021,8
NAM,-0.22856519,2021-08-16,2021,8
NPL,0.22596352,2021-08-16,2021,8
NLD,0.61459994,2021-08-16,2021,8
NCL,-1.9491035,2021-08-16,2021,8
NZL,0.23366897,2021-08-16,2021,8
NIC,-0.39134455,2021-08-16,2021,8
NER,-0.8800452,2021-08-16,2021,8
NGA,-0.4525487,2021-08-16,2021,8
PRK,-0.70403737,2021-08-16,2021,8
MKD,-0.72324485,2021-08-16,2021,8
NOR,-0.51893586,2021-08-16,2021,8
OMN,-1.4702724,2021-08-16,2021,8
PAK,-0.9374779,2021-08-16,2021,8
PSE,-1.1561435,2021-08-16,2021,8
PAN,0.3865441,2021-08-16,2021,8
PNG,0.104376234,2021-08-16,2021,8
PRY,-1.3174775,2021-08-16,2021,8
PER,-0.80277336,2021-08-16,2021,8
PHL,-0.039694097,2021-08-16,2021,8
POL,0.11973312,2021-08-16,2021,8
PRT,-0.4188001,2021-08-16,2021,8
PRI,0.24426556,2021-08-16,2021,8
QAT,-2.052283,2021-08-16,2021,8
SRB,-1.4384537,2021-08-16,2021,8
COG,1.1465838,2021-08-16,2021,8
ROU,-0.3193829,2021-08-16,2021,8
RUS,-0.714938,2021-08-16,2021,8
RWA,-1.389976,2021-08-16,2021,8
VCT,0.003968312,2021-08-16,2021,8
WSM,0.6273627,2021-08-16,2021,8
SAU,-1.6017008,2021-08-16,2021,8
SEN,-0.29492268,2021-08-16,2021,8
SIA,-0.14106043,2021-08-16,2021,8
SLE,-0.11736176,2021-08-16,2021,8
SVK,-0.50819916,2021-08-16,2021,8
SVN,-1.2813672,2021-08-16,2021,8
SLB,0.03823063,2021-08-16,2021,8
SOM,-0.44342542,2021-08-16,2021,8
SOL,-0.84248155,2021-08-16,2021,8
ZAF,-0.5562666,2021-08-16,2021,8
SGS,-0.7230368,2021-08-16,2021,8
KOR,-0.18126123,2021-08-16,2021,8
SSD,-0.25123954,2021-08-16,2021,8
ESP,-0.3644285,2021-08-16,2021,8
LKA,0.9153308,2021-08-16,2021,8
SDN,-0.24306305,2021-08-16,2021,8
SUR,1.3883753,2021-08-16,2021,8
SWE,-0.4833026,2021-08-16,2021,8
CHE,1.1731956,2021-08-16,2021,8
SYR,-1.0580038,2021-08-16,2021,8
TWN,0.08390442,2021-08-16,2021,8
TJK,-1.8198304,2021-08-16,2021,8
THA,-0.6795723,2021-08-16,2021,8
BHS,0.085998595,2021-08-16,2021,8
TGO,0.47956493,2021-08-16,2021,8
TTO,1.1830254,2021-08-16,2021,8
TUN,-1.7004303,2021-08-16,2021,8
TUR,0.13873275,2021-08-16,2021,8
TKM,-2.4127212,2021-08-16,2021,8
UGA,-1.0613657,2021-08-16,2021,8
UKR,0.17180313,2021-08-16,2021,8
ARE,-1.9423448,2021-08-16,2021,8
GBR,-0.7938084,2021-08-16,2021,8
TZA,-0.10861169,2021-08-16,2021,8
VIR,0.06657226,2021-08-16,2021,8
USA,0.19074196,2021-08-16,2021,8
URY,-0.34559157,2021-08-16,2021,8
UZB,-2.1551378,2021-08-16,2021,8
VUT,-0.050360695,2021-08-16,2021,8
VEN,-0.32865006,2021-08-16,2021,8
VNM,-0.9412569,2021-08-16,2021,8
ESH,-0.8684468,2021-08-16,2021,8
YEM,-0.56677115,2021-08-16,2021,8
ZMB,-0.2688265,2021-08-16,2021,8
ZWE,-0.073045895,2021-08-16,2021,8
SWZ,0.06732907,2021-08-16,2021,8
AFG,-1.9692148,2021-09-16,2021,9
ALA,-0.62855566,2021-09-16,2021,9
ALB,-0.973695,2021-09-16,2021,9
DZA,-1.3255609,2021-09-16,2021,9
AGO,-0.38090327,2021-09-16,2021,9
ARG,-1.415211,2021-09-16,2021,9
ARM,0.5549258,2021-09-16,2021,9
AUS,-0.6336293,2021-09-16,2021,9
AUT,0.49388063,2021-09-16,2021,9
AZE,0.32411277,2021-09-16,2021,9
BGD,-0.21344624,2021-09-16,2021,9
BLR,0.5673903,2021-09-16,2021,9
BEL,0.25987574,2021-09-16,2021,9
BLZ,-0.28908476,2021-09-16,2021,9
BEN,0.4424157,2021-09-16,2021,9
BTN,-0.94535446,2021-09-16,2021,9
BOL,-1.2709688,2021-09-16,2021,9
BIH,-0.7359327,2021-09-16,2021,9
BWA,-0.87928474,2021-09-16,2021,9
BRA,-0.6222375,2021-09-16,2021,9
BRN,1.6831994,2021-09-16,2021,9
BGR,-1.2670727,2021-09-16,2021,9
BFA,0.02330726,2021-09-16,2021,9
BDI,-0.34529024,2021-09-16,2021,9
CPV,-0.0050382605,2021-09-16,2021,9
KHM,0.51948667,2021-09-16,2021,9
CMR,-0.2910278,2021-09-16,2021,9
CAN,-0.40431178,2021-09-16,2021,9
CAF,0.7205233,2021-09-16,2021,9
TCD,0.16086057,2021-09-16,2021,9
CHL,-0.8517571,2021-09-16,2021,9
CHN,-0.046223104,2021-09-16,2021,9
COL,0.23753005,2021-09-16,2021,9
COM,-1.6991553,2021-09-16,2021,9
CRI,0.9698251,2021-09-16,2021,9
HRV,-0.7425625,2021-09-16,2021,9
CUB,0.06392481,2021-09-16,2021,9
CYP,-0.39577413,2021-09-16,2021,9
CZE,0.60304636,2021-09-16,2021,9
COD,0.10356191,2021-09-16,2021,9
DNK,-0.32267195,2021-09-16,2021,9
DJI,-0.08697995,2021-09-16,2021,9
DOM,0.3198536,2021-09-16,2021,9
TLS,-0.13425393,2021-09-16,2021,9
ECU,-0.31825823,2021-09-16,2021,9
EGY,-1.5062854,2021-09-16,2021,9
SLV,-0.3137075,2021-09-16,2021,9
GNQ,-0.25202778,2021-09-16,2021,9
ERI,0.34168357,2021-09-16,2021,9
EST,-0.48059097,2021-09-16,2021,9
ETH,0.041311428,2021-09-16,2021,9
FLK,-1.9671657,2021-09-16,2021,9
FRO,-0.25505862,2021-09-16,2021,9
FJI,-1.3892074,2021-09-16,2021,9
FIN,-0.3902504,2021-09-16,2021,9
FRA,0.16055122,2021-09-16,2021,9
PYF,-0.8465383,2021-09-16,2021,9
ATF,0.491452,2021-09-16,2021,9
GAB,-0.5963885,2021-09-16,2021,9
GMB,-0.5067209,2021-09-16,2021,9
GEO,1.0989418,2021-09-16,2021,9
DEU,0.27838695,2021-09-16,2021,9
GHA,0.62355113,2021-09-16,2021,9
GRC,-1.4251804,2021-09-16,2021,9
GRL,-0.68748546,2021-09-16,2021,9
GTM,-0.6667225,2021-09-16,2021,9
GIN,-0.07817934,2021-09-16,2021,9
GNB,-0.6678291,2021-09-16,2021,9
GUY,0.7818028,2021-09-16,2021,9
HTI,1.7961736,2021-09-16,2021,9
HND,-0.49878728,2021-09-16,2021,9
HUN,-0.49043,2021-09-16,2021,9
ISL,0.49593535,2021-09-16,2021,9
IND,0.12975219,2021-09-16,2021,9
IDN,0.97062063,2021-09-16,2021,9
IRN,-1.5624008,2021-09-16,2021,9
IRQ,-1.5633659,2021-09-16,2021,9
IRL,-0.6147571,2021-09-16,2021,9
ISR,-1.0991979,2021-09-16,2021,9
ITA,-1.0206078,2021-09-16,2021,9
CIV,0.31556016,2021-09-16,2021,9
JAM,0.9609535,2021-09-16,2021,9
JPN,0.28534892,2021-09-16,2021,9
JOR,-0.9907697,2021-09-16,2021,9
KAZ,-1.288718,2021-09-16,2021,9
KEN,0.5807593,2021-09-16,2021,9
XKX,-1.2350535,2021-09-16,2021,9
KWT,-1.80938,2021-09-16,2021,9
KGZ,-1.0399321,2021-09-16,2021,9
LAO,-1.0840348,2021-09-16,2021,9
LVA,-0.3601626,2021-09-16,2021,9
LBN,-0.70290244,2021-09-16,2021,9
LSO,0.05324599,2021-09-16,2021,9
LBR,-0.025932055,2021-09-16,2021,9
LBY,-1.6795641,2021-09-16,2021,9
LTU,0.26005957,2021-09-16,2021,9
LUX,0.30770758,2021-09-16,2021,9
MDG,-0.2656528,2021-09-16,2021,9
MWI,-0.13655631,2021-09-16,2021,9
MYS,1.1891978,2021-09-16,2021,9
MLI,-0.56459683,2021-09-16,2021,9
MRT,-0.45683149,2021-09-16,2021,9
MUS,0.9063838,2021-09-16,2021,9
MEX,0.6455039,2021-09-16,2021,9
MDA,-0.18966112,2021-09-16,2021,9
MNG,0.42992827,2021-09-16,2021,9
MNE,-1.1462139,2021-09-16,2021,9
MAR,-1.2570711,2021-09-16,2021,9
MOZ,-0.4940135,2021-09-16,2021,9
MMR,-0.2905226,2021-09-16,2021,9
NAM,-0.33446226,2021-09-16,2021,9
NPL,-0.38638827,2021-09-16,2021,9
NLD,-0.24072215,2021-09-16,2021,9
NCL,-1.5576617,2021-09-16,2021,9
NZL,0.3730267,2021-09-16,2021,9
NIC,-0.20023958,2021-09-16,2021,9
NER,-0.3796075,2021-09-16,2021,9
NGA,-0.22778086,2021-09-16,2021,9
PRK,-0.93773407,2021-09-16,2021,9
MKD,-0.72602487,2021-09-16,2021,9
NOR,-0.4945605,2021-09-16,2021,9
OMN,-1.3548976,2021-09-16,2021,9
PAK,-0.6104115,2021-09-16,2021,9
PSE,-1.3869289,2021-09-16,2021,9
PAN,0.8447832,2021-09-16,2021,9
PNG,0.034379926,2021-09-16,2021,9
PRY,-1.9073364,2021-09-16,2021,9
PER,-1.023947,2021-09-16,2021,9
PHL,0.13162376,2021-09-16,2021,9
POL,0.614137,2021-09-16,2021,9
PRT,-0.1456641,2021-09-16,2021,9
PRI,-0.99071175,2021-09-16,2021,9
QAT,-1.9517733,2021-09-16,2021,9
SRB,-1.0235934,2021-09-16,2021,9
COG,0.44979328,2021-09-16,2021,9
ROU,-0.5582768,2021-09-16,2021,9
RUS,-0.36920887,2021-09-16,2021,9
RWA,0.047926247,2021-09-16,2021,9
VCT,-0.68660927,2021-09-16,2021,9
WSM,-0.39158523,2021-09-16,2021,9
SAU,-1.6135257,2021-09-16,2021,9
SEN,-0.3577712,2021-09-16,2021,9
SIA,-0.5252896,2021-09-16,2021,9
SLE,-0.1642208,2021-09-16,2021,9
SVK,0.36019826,2021-09-16,2021,9
SVN,-0.88536185,2021-09-16,2021,9
SLB,0.036092382,2021-09-16,2021,9
SOM,-0.48367408,2021-09-16,2021,9
SOL,-0.656999,2021-09-16,2021,9
ZAF,-0.8331669,2021-09-16,2021,9
SGS,-2.5605283,2021-09-16,2021,9
KOR,0.2617268,2021-09-16,2021,9
SSD,-0.12095409,2021-09-16,2021,9
ESP,-0.17431223,2021-09-16,2021,9
LKA,0.7827866,2021-09-16,2021,9
SDN,-0.12948056,2021-09-16,2021,9
SUR,1.6643071,2021-09-16,2021,9
SWE,-0.4119009,2021-09-16,2021,9
CHE,0.3954379,2021-09-16,2021,9
SYR,-0.554208,2021-09-16,2021,9
TWN,0.295105,2021-09-16,2021,9
TJK,-1.7390966,2021-09-16,2021,9
THA,-0.17616141,2021-09-16,2021,9
BHS,0.73993784,2021-09-16,2021,9
TGO,0.6631773,2021-09-16,2021,9
TTO,1.0244869,2021-09-16,2021,9
TUN,-2.01622,2021-09-16,2021,9
TUR,0.44388992,2021-09-16,2021,9
TKM,-2.3741298,2021-09-16,2021,9
UGA,0.34700435,2021-09-16,2021,9
UKR,-0.13475145,2021-09-16,2021,9
ARE,-1.8480407,2021-09-16,2021,9
GBR,-0.51419926,2021-09-16,2021,9
TZA,-0.052471448,2021-09-16,2021,9
VIR,-1.0343069,2021-09-16,2021,9
USA,0.22014728,2021-09-16,2021,9
URY,-0.18190567,2021-09-16,2021,9
UZB,-2.0678995,2021-09-16,2021,9
VUT,-0.0020685436,2021-09-16,2021,9
VEN,-0.15769066,2021-09-16,2021,9
VNM,-0.6251256,2021-09-16,2021,9
ESH,-0.5128169,2021-09-16,2021,9
YEM,-0.68025506,2021-09-16,2021,9
ZMB,-0.3359397,2021-09-16,2021,9
ZWE,-0.30081448,2021-09-16,2021,9
SWZ,-1.2459671,2021-09-16,2021,9
AFG,-1.7567651,2021-10-16,2021,10
ALA,0.44105214,2021-10-16,2021,10
ALB,0.112939894,2021-10-16,2021,10
DZA,-1.5907046,2021-10-16,2021,10
AGO,0.09391864,2021-10-16,2021,10
ARG,-1.4447145,2021-10-16,2021,10
ARM,0.47873908,2021-10-16,2021,10
AUS,-0.4652735,2021-10-16,2021,10
AUT,-0.63694185,2021-10-16,2021,10
AZE,0.72965986,2021-10-16,2021,10
BGD,0.19851494,2021-10-16,2021,10
BLR,0.69742936,2021-10-16,2021,10
BEL,-0.33823705,2021-10-16,2021,10
BLZ,0.5035186,2021-10-16,2021,10
BEN,0.34926087,2021-10-16,2021,10
BTN,0.010700895,2021-10-16,2021,10
BOL,-1.0675347,2021-10-16,2021,10
BIH,-0.42220458,2021-10-16,2021,10
BWA,-0.37534204,2021-10-16,2021,10
BRA,-0.20281231,2021-10-16,2021,10
BRN,1.598202,2021-10-16,2021,10
BGR,-0.13748045,2021-10-16,2021,10
BFA,-0.19640662,2021-10-16,2021,10
BDI,-1.0109915,2021-10-16,2021,10
CPV,-0.059454296,2021-10-16,2021,10
KHM,1.419191,2021-10-16,2021,10
CMR,0.3348757,2021-10-16,2021,10
CAN,-0.25482732,2021-10-16,2021,10
CAF,0.58777606,2021-10-16,2021,10
TCD,0.25811377,2021-10-16,2021,10
CHL,-0.74708724,2021-10-16,2021,10
CHN,0.1975288,2021-10-16,2021,10
COL,0.45877197,2021-10-16,2021,10
COM,-1.7096012,2021-10-16,2021,10
CRI,0.97267723,2021-10-16,2021,10
HRV,-0.6423912,2021-10-16,2021,10
CUB,-0.8191811,2021-10-16,2021,10
CYP,-0.33799487,2021-10-16,2021,10
CZE,-0.24725808,2021-10-16,2021,10
COD,-0.07401335,2021-10-16,2021,10
DNK,0.03919558,2021-10-16,2021,10
DJI,-0.5512373,2021-10-16,2021,10
DOM,-0.0301902,2021-10-16,2021,10
TLS,-0.30187857,2021-10-16,2021,10
ECU,0.49015278,2021-10-16,2021,10
EGY,-1.1846031,2021-10-16,2021,10
SLV,-0.3019092,2021-10-16,2021,10
GNQ,-0.2764691,2021-10-16,2021,10
ERI,0.13419463,2021-10-16,2021,10
EST,0.55473834,2021-10-16,2021,10
ETH,0.37718785,2021-10-16,2021,10
FLK,-2.0191388,2021-10-16,2021,10
FRO,0.10490948,2021-10-16,2021,10
FJI,-1.3583477,2021-10-16,2021,10
FIN,1.0944157,2021-10-16,2021,10
FRA,-0.5108414,2021-10-16,2021,10
PYF,-0.435741,2021-10-16,2021,10
ATF,0.84634274,2021-10-16,2021,10
GAB,-1.2941655,2021-10-16,2021,10
GMB,0.15493853,2021-10-16,2021,10
GEO,0.99766785,2021-10-16,2021,10
DEU,-0.26465252,2021-10-16,2021,10
GHA,0.38168964,2021-10-16,2021,10
GRC,0.42646575,2021-10-16,2021,10
GRL,-0.31875235,2021-10-16,2021,10
GTM,-0.35447618,2021-10-16,2021,10
GIN,0.4202218,2021-10-16,2021,10
GNB,0.18843313,2021-10-16,2021,10
GUY,0.8827239,2021-10-16,2021,10
HTI,1.4204867,2021-10-16,2021,10
HND,-0.04978398,2021-10-16,2021,10
HUN,-0.61050117,2021-10-16,2021,10
ISL,1.7629741,2021-10-16,2021,10
IND,0.28628182,2021-10-16,2021,10
IDN,1.063496,2021-10-16,2021,10
IRN,-1.5794591,2021-10-16,2021,10
IRQ,-1.2919582,2021-10-16,2021,10
IRL,0.40957975,2021-10-16,2021,10
ISR,-0.6577515,2021-10-16,2021,10
ITA,-1.1019244,2021-10-16,2021,10
CIV,0.071331054,2021-10-16,2021,10
JAM,-0.11185525,2021-10-16,2021,10
JPN,0.50552624,2021-10-16,2021,10
JOR,-0.479725,2021-10-16,2021,10
KAZ,-1.0121737,2021-10-16,2021,10
KEN,0.92867154,2021-10-16,2021,10
XKX,0.07235816,2021-10-16,2021,10
KWT,-1.5727998,2021-10-16,2021,10
KGZ,-0.9222071,2021-10-16,2021,10
LAO,-0.36927876,2021-10-16,2021,10
LVA,0.26624367,2021-10-16,2021,10
LBN,-0.79315096,2021-10-16,2021,10
LSO,-0.2942901,2021-10-16,2021,10
LBR,-0.15586838,2021-10-16,2021,10
LBY,-1.244779,2021-10-16,2021,10
LTU,0.4450624,2021-10-16,2021,10
LUX,-0.7048723,2021-10-16,2021,10
MDG,-0.32934648,2021-10-16,2021,10
MWI,-0.681318,2021-10-16,2021,10
MYS,0.9363413,2021-10-16,2021,10
MLI,-0.60121727,2021-10-16,2021,10
MRT,-0.4933805,2021-10-16,2021,10
MUS,1.399152,2021-10-16,2021,10
MEX,0.33315253,2021-10-16,2021,10
MDA,-0.6975666,2021-10-16,2021,10
MNG,0.66232854,2021-10-16,2021,10
MNE,-0.6735735,2021-10-16,2021,10
MAR,-1.7376231,2021-10-16,2021,10
MOZ,-0.7227349,2021-10-16,2021,10
MMR,0.049784787,2021-10-16,2021,10
NAM,0.42874065,2021-10-16,2021,10
NPL,-0.15556291,2021-10-16,2021,10
NLD,-0.28301725,2021-10-16,2021,10
NCL,0.73705703,2021-10-16,2021,10
NZL,0.5202338,2021-10-16,2021,10
NIC,-0.10723339,2021-10-16,2021,10
NER,-0.38864625,2021-10-16,2021,10
NGA,-0.12435243,2021-10-16,2021,10
PRK,0.71956205,2021-10-16,2021,10
MKD,0.66626453,2021-10-16,2021,10
NOR,0.014379511,2021-10-16,2021,10
OMN,-1.285349,2021-10-16,2021,10
PAK,-0.63743687,2021-10-16,2021,10
PSE,-0.7536917,2021-10-16,2021,10
PAN,0.4705365,2021-10-16,2021,10
PNG,0.17966908,2021-10-16,2021,10
PRY,-0.7800355,2021-10-16,2021,10
PER,-0.5426342,2021-10-16,2021,10
PHL,0.49376872,2021-10-16,2021,10
POL,0.29390442,2021-10-16,2021,10
PRT,-0.2164071,2021-10-16,2021,10
PRI,-0.6575803,2021-10-16,2021,10
QAT,-1.9280297,2021-10-16,2021,10
SRB,-0.4904229,2021-10-16,2021,10
COG,-0.8696293,2021-10-16,2021,10
ROU,-0.61769664,2021-10-16,2021,10
RUS,-0.16519122,2021-10-16,2021,10
RWA,-0.43123895,2021-10-16,2021,10
VCT,-0.45502752,2021-10-16,2021,10
WSM,-0.6880586,2021-10-16,2021,10
SAU,-1.5025985,2021-10-16,2021,10
SEN,0.35295245,2021-10-16,2021,10
SIA,-0.99471414,2021-10-16,2021,10
SLE,0.6336699,2021-10-16,2021,10
SVK,-0.14751947,2021-10-16,2021,10
SVN,-1.1699784,2021-10-16,2021,10
SLB,0.03890474,2021-10-16,2021,10
SOM,0.36765018,2021-10-16,2021,10
SOL,-0.6624476,2021-10-16,2021,10
ZAF,-0.4805453,2021-10-16,2021,10
SGS,-2.438146,2021-10-16,2021,10
KOR,0.96090144,2021-10-16,2021,10
SSD,-0.23197974,2021-10-16,2021,10
ESP,-0.17661297,2021-10-16,2021,10
LKA,0.70806855,2021-10-16,2021,10
SDN,-0.06563832,2021-10-16,2021,10
SUR,1.1536362,2021-10-16,2021,10
SWE,0.14656904,2021-10-16,2021,10
CHE,-1.1138128,2021-10-16,2021,10
SYR,-0.6632119,2021-10-16,2021,10
TWN,0.87233543,2021-10-16,2021,10
TJK,-1.1072919,2021-10-16,2021,10
THA,0.16626312,2021-10-16,2021,10
BHS,0.45119062,2021-10-16,2021,10
TGO,0.61694324,2021-10-16,2021,10
TTO,1.1482072,2021-10-16,2021,10
TUN,-1.4472841,2021-10-16,2021,10
TUR,-0.07227684,2021-10-16,2021,10
TKM,-1.7983439,2021-10-16,2021,10
UGA,0.2098329,2021-10-16,2021,10
UKR,-0.50854975,2021-10-16,2021,10
ARE,-1.9039111,2021-10-16,2021,10
GBR,0.3040881,2021-10-16,2021,10
TZA,-0.1936269,2021-10-16,2021,10
VIR,-0.59656537,2021-10-16,2021,10
USA,0.4297255,2021-10-16,2021,10
URY,-0.7502645,2021-10-16,2021,10
UZB,-1.4891796,2021-10-16,2021,10
VUT,0.07873225,2021-10-16,2021,10
VEN,0.27094966,2021-10-16,2021,10
VNM,0.32061395,2021-10-16,2021,10
ESH,-0.75058156,2021-10-16,2021,10
YEM,-0.7805044,2021-10-16,2021,10
ZMB,0.074866384,2021-10-16,2021,10
ZWE,-0.23022352,2021-10-16,2021,10
SWZ,-0.15876207,2021-10-16,2021,10
AFG,-1.4721153,2021-11-16,2021,11
ALA,-0.40306607,2021-11-16,2021,11
ALB,0.37272474,2021-11-16,2021,11
DZA,-1.164854,2021-11-16,2021,11
AGO,0.14528537,2021-11-16,2021,11
ARG,-0.866121,2021-11-16,2021,11
ARM,-0.3918169,2021-11-16,2021,11
AUS,0.4265539,2021-11-16,2021,11
AUT,-1.3048943,2021-11-16,2021,11
AZE,0.21128891,2021-11-16,2021,11
BGD,0.16742161,2021-11-16,2021,11
BLR,-0.3599017,2021-11-16,2021,11
BEL,-0.85813856,2021-11-16,2021,11
BLZ,0.18272959,2021-11-16,2021,11
BEN,-0.43608275,2021-11-16,2021,11
BTN,-0.53189033,2021-11-16,2021,11
BOL,-0.32513133,2021-11-16,2021,11
BIH,-0.21251291,2021-11-16,2021,11
BWA,-0.16430722,2021-11-16,2021,11
BRA,0.26381308,2021-11-16,2021,11
BRN,-0.011005783,2021-11-16,2021,11
BGR,-0.13202305,2021-11-16,2021,11
BFA,-1.3428812,2021-11-16,2021,11
BDI,-1.452734,2021-11-16,2021,11
CPV,-0.076330066,2021-11-16,2021,11
KHM,1.6128294,2021-11-16,2021,11
CMR,0.3054706,2021-11-16,2021,11
CAN,-0.11824748,2021-11-16,2021,11
CAF,0.47831786,2021-11-16,2021,11
TCD,-0.84540313,2021-11-16,2021,11
CHL,-0.8019886,2021-11-16,2021,11
CHN,0.13994718,2021-11-16,2021,11
COL,0.10254174,2021-11-16,2021,11
COM,-1.7632303,2021-11-16,2021,11
CRI,0.42640707,2021-11-16,2021,11
HRV,-0.5652854,2021-11-16,2021,11
CUB,-1.1282396,2021-11-16,2021,11
CYP,-0.5418799,2021-11-16,2021,11
CZE,-1.508349,2021-11-16,2021,11
COD,-0.05578593,2021-11-16,2021,11
DNK,-0.10845608,2021-11-16,2021,11
DJI,-0.42713684,2021-11-16,2021,11
DOM,-1.3300914,2021-11-16,2021,11
TLS,0.0035414125,2021-11-16,2021,11
ECU,0.6658132,2021-11-16,2021,11
EGY,-0.85089695,2021-11-16,2021,11
SLV,-0.4380515,2021-11-16,2021,11
GNQ,-0.90223247,2021-11-16,2021,11
ERI,0.87897474,2021-11-16,2021,11
EST,-0.06517175,2021-11-16,2021,11
ETH,0.39621967,2021-11-16,2021,11
FLK,-1.7181635,2021-11-16,2021,11
FRO,0.3539417,2021-11-16,2021,11
FJI,0.21327552,2021-11-16,2021,11
FIN,0.2145891,2021-11-16,2021,11
FRA,-0.60129774,2021-11-16,2021,11
PYF,-0.8086983,2021-11-16,2021,11
ATF,1.1688213,2021-11-16,2021,11
GAB,-1.4758456,2021-11-16,2021,11
GMB,-0.42100507,2021-11-16,2021,11
GEO,0.5175248,2021-11-16,2021,11
DEU,-1.1992491,2021-11-16,2021,11
GHA,0.14111674,2021-11-16,2021,11
GRC,0.36118186,2021-11-16,2021,11
GRL,0.44285762,2021-11-16,2021,11
GTM,-0.960948,2021-11-16,2021,11
GIN,-0.31842053,2021-11-16,2021,11
GNB,-0.35206425,2021-11-16,2021,11
GUY,0.93204683,2021-11-16,2021,11
HTI,-1.7879308,2021-11-16,2021,11
HND,-0.10187157,2021-11-16,2021,11
HUN,-0.99342513,2021-11-16,2021,11
ISL,2.2473137,2021-11-16,2021,11
IND,0.86990285,2021-11-16,2021,11
IDN,0.8434174,2021-11-16,2021,11
IRN,-1.1133537,2021-11-16,2021,11
IRQ,-1.2593294,2021-11-16,2021,11
IRL,-0.14681843,2021-11-16,2021,11
ISR,-0.44885036,2021-11-16,2021,11
ITA,-0.7741511,2021-11-16,2021,11
CIV,-0.20657441,2021-11-16,2021,11
JAM,-0.26347086,2021-11-16,2021,11
JPN,-0.26858157,2021-11-16,2021,11
JOR,-0.43192792,2021-11-16,2021,11
KAZ,-0.71273714,2021-11-16,2021,11
KEN,1.4819689,2021-11-16,2021,11
XKX,0.4496772,2021-11-16,2021,11
KWT,-1.4924722,2021-11-16,2021,11
KGZ,-1.0845779,2021-11-16,2021,11
LAO,0.14224446,2021-11-16,2021,11
LVA,-0.11961679,2021-11-16,2021,11
LBN,-0.95542705,2021-11-16,2021,11
LSO,-0.8752684,2021-11-16,2021,11
LBR,-0.42088312,2021-11-16,2021,11
LBY,-0.8502411,2021-11-16,2021,11
LTU,-0.33047086,2021-11-16,2021,11
LUX,-1.3385413,2021-11-16,2021,11
MDG,-0.018098352,2021-11-16,2021,11
MWI,-0.71954787,2021-11-16,2021,11
MYS,-0.3147423,2021-11-16,2021,11
MLI,-1.3121761,2021-11-16,2021,11
MRT,-0.5549403,2021-11-16,2021,11
MUS,-0.5763375,2021-11-16,2021,11
MEX,-0.3738487,2021-11-16,2021,11
MDA,-1.5006733,2021-11-16,2021,11
MNG,-0.19018885,2021-11-16,2021,11
MNE,-0.10725064,2021-11-16,2021,11
MAR,-0.7112974,2021-11-16,2021,11
MOZ,-1.0240616,2021-11-16,2021,11
MMR,0.074764244,2021-11-16,2021,11
NAM,-0.10885425,2021-11-16,2021,11
NPL,0.07937237,2021-11-16,2021,11
NLD,-0.69606036,2021-11-16,2021,11
NCL,0.91717196,2021-11-16,2021,11
NZL,0.35056207,2021-11-16,2021,11
NIC,-0.80684704,2021-11-16,2021,11
NER,-1.1884527,2021-11-16,2021,11
NGA,-0.33063352,2021-11-16,2021,11
PRK,0.90285355,2021-11-16,2021,11
MKD,0.6197838,2021-11-16,2021,11
NOR,0.4117656,2021-11-16,2021,11
OMN,-0.9196702,2021-11-16,2021,11
PAK,-0.10408087,2021-11-16,2021,11
PSE,-0.48870623,2021-11-16,2021,11
PAN,-0.019310694,2021-11-16,2021,11
PNG,0.16514112,2021-11-16,2021,11
PRY,-0.018570181,2021-11-16,2021,11
PER,-0.21641096,2021-11-16,2021,11
PHL,0.47693193,2021-11-16,2021,11
POL,-1.1158273,2021-11-16,2021,11
PRT,-0.770574,2021-11-16,2021,11
PRI,-0.4589957,2021-11-16,2021,11
QAT,-1.8378882,2021-11-16,2021,11
SRB,-0.21029373,2021-11-16,2021,11
COG,-1.0308487,2021-11-16,2021,11
ROU,-0.9802909,2021-11-16,2021,11
RUS,0.24366014,2021-11-16,2021,11
RWA,-0.9573385,2021-11-16,2021,11
VCT,-1.3914683,2021-11-16,2021,11
WSM,-0.75151014,2021-11-16,2021,11
SAU,-1.4219722,2021-11-16,2021,11
SEN,-0.47518164,2021-11-16,2021,11
SIA,-0.631029,2021-11-16,2021,11
SLE,0.58552086,2021-11-16,2021,11
SVK,-1.2486238,2021-11-16,2021,11
SVN,-1.0311168,2021-11-16,2021,11
SLB,0.05968467,2021-11-16,2021,11
SOM,0.4428016,2021-11-16,2021,11
SOL,-0.28306648,2021-11-16,2021,11
ZAF,-0.39631307,2021-11-16,2021,11
SGS,-2.372099,2021-11-16,2021,11
KOR,0.32707757,2021-11-16,2021,11
SSD,-0.18064432,2021-11-16,2021,11
ESP,-0.1725539,2021-11-16,2021,11
LKA,1.0352705,2021-11-16,2021,11
SDN,-0.6041284,2021-11-16,2021,11
SUR,1.2989929,2021-11-16,2021,11
SWE,0.25795746,2021-11-16,2021,11
CHE,-1.6339666,2021-11-16,2021,11
SYR,-1.1581117,2021-11-16,2021,11
TWN,0.34962127,2021-11-16,2021,11
TJK,-1.135353,2021-11-16,2021,11
THA,0.84241104,2021-11-16,2021,11
BHS,0.1500931,2021-11-16,2021,11
TGO,0.19879372,2021-11-16,2021,11
TTO,-1.2950764,2021-11-16,2021,11
TUN,-1.020008,2021-11-16,2021,11
TUR,-0.6504283,2021-11-16,2021,11
TKM,-1.1631047,2021-11-16,2021,11
UGA,0.92275876,2021-11-16,2021,11
UKR,-1.0511869,2021-11-16,2021,11
ARE,-1.5971358,2021-11-16,2021,11
GBR,0.0044811307,2021-11-16,2021,11
TZA,-0.42610064,2021-11-16,2021,11
VIR,-0.11328066,2021-11-16,2021,11
USA,-0.13331138,2021-11-16,2021,11
URY,-0.509113,2021-11-16,2021,11
UZB,-1.3381007,2021-11-16,2021,11
VUT,0.077314585,2021-11-16,2021,11
VEN,0.17293335,2021-11-16,2021,11
VNM,0.5933003,2021-11-16,2021,11
ESH,0.29093355,2021-11-16,2021,11
YEM,-0.62891215,2021-11-16,2021,11
ZMB,0.15604739,2021-11-16,2021,11
ZWE,0.022645624,2021-11-16,2021,11
SWZ,-0.10469693,2021-11-16,2021,11
AFG,-1.2339611,2021-12-16,2021,12
ALA,-0.09728011,2021-12-16,2021,12
ALB,0.94614977,2021-12-16,2021,12
DZA,-0.8355455,2021-12-16,2021,12
AGO,0.069391295,2021-12-16,2021,12
ARG,-0.96128166,2021-12-16,2021,12
ARM,-0.4365145,2021-12-16,2021,12
AUS,0.29703844,2021-12-16,2021,12
AUT,-0.44126517,2021-12-16,2021,12
AZE,0.23433346,2021-12-16,2021,12
BGD,0.88392335,2021-12-16,2021,12
BLR,-1.040834,2021-12-16,2021,12
BEL,-0.09207813,2021-12-16,2021,12
BLZ,-0.75499314,2021-12-16,2021,12
BEN,-0.82211256,2021-12-16,2021,12
BTN,0.45168015,2021-12-16,2021,12
BOL,0.49593773,2021-12-16,2021,12
BIH,1.16601,2021-12-16,2021,12
BWA,0.44782,2021-12-16,2021,12
BRA,0.5105156,2021-12-16,2021,12
BRN,-0.82682866,2021-12-16,2021,12
BGR,1.0040191,2021-12-16,2021,12
BFA,-0.9993161,2021-12-16,2021,12
BDI,-1.3394506,2021-12-16,2021,12
CPV,-0.29941416,2021-12-16,2021,12
KHM,1.4122221,2021-12-16,2021,12
CMR,0.580836,2021-12-16,2021,12
CAN,-0.03534185,2021-12-16,2021,12
CAF,0.09571624,2021-12-16,2021,12
TCD,-0.91706777,2021-12-16,2021,12
CHL,-0.5907571,2021-12-16,2021,12
CHN,0.17621681,2021-12-16,2021,12
COL,0.022403669,2021-12-16,2021,12
COM,-1.8886667,2021-12-16,2021,12
CRI,0.002749443,2021-12-16,2021,12
HRV,0.5148228,2021-12-16,2021,12
CUB,-0.73130536,2021-12-16,2021,12
CYP,0.042862583,2021-12-16,2021,12
CZE,-0.8540739,2021-12-16,2021,12
COD,-0.097739,2021-12-16,2021,12
DNK,0.03938293,2021-12-16,2021,12
DJI,-0.8321723,2021-12-16,2021,12
DOM,-1.105986,2021-12-16,2021,12
TLS,-0.14566274,2021-12-16,2021,12
ECU,0.6878105,2021-12-16,2021,12
EGY,-0.839023,2021-12-16,2021,12
SLV,-0.28796998,2021-12-16,2021,12
GNQ,-0.26829994,2021-12-16,2021,12
ERI,0.05245961,2021-12-16,2021,12
EST,0.32617584,2021-12-16,2021,12
ETH,-0.01956076,2021-12-16,2021,12
FLK,-1.8650217,2021-12-16,2021,12
FRO,0.28607404,2021-12-16,2021,12
FJI,1.1915151,2021-12-16,2021,12
FIN,0.722099,2021-12-16,2021,12
FRA,-0.1550283,2021-12-16,2021,12
PYF,-1.4686219,2021-12-16,2021,12
ATF,0.96170634,2021-12-16,2021,12
GAB,-0.4692781,2021-12-16,2021,12
GMB,-0.25636148,2021-12-16,2021,12
GEO,-0.39726114,2021-12-16,2021,12
DEU,-0.44310084,2021-12-16,2021,12
GHA,-0.065304965,2021-12-16,2021,12
GRC,0.7599764,2021-12-16,2021,12
GRL,0.55761766,2021-12-16,2021,12
GTM,-0.8583047,2021-12-16,2021,12
GIN,-0.09931819,2021-12-16,2021,12
GNB,0.11891291,2021-12-16,2021,12
GUY,1.3868088,2021-12-16,2021,12
HTI,-1.5336832,2021-12-16,2021,12
HND,-0.0801589,2021-12-16,2021,12
HUN,-0.30245414,2021-12-16,2021,12
ISL,1.2577525,2021-12-16,2021,12
IND,0.64695925,2021-12-16,2021,12
IDN,0.55041164,2021-12-16,2021,12
IRN,-0.89188087,2021-12-16,2021,12
IRQ,-0.86099577,2021-12-16,2021,12
IRL,0.22331639,2021-12-16,2021,12
ISR,0.34161213,2021-12-16,2021,12
ITA,-0.40407464,2021-12-16,2021,12
CIV,-0.37342173,2021-12-16,2021,12
JAM,0.35499418,2021-12-16,2021,12
JPN,0.21029434,2021-12-16,2021,12
JOR,0.033255186,2021-12-16,2021,12
KAZ,-0.68225247,2021-12-16,2021,12
KEN,1.2676544,2021-12-16,2021,12
XKX,1.8344237,2021-12-16,2021,12
KWT,-0.87639403,2021-12-16,2021,12
KGZ,-0.525417,2021-12-16,2021,12
LAO,0.45235112,2021-12-16,2021,12
LVA,0.065831676,2021-12-16,2021,12
LBN,-0.13339293,2021-12-16,2021,12
LSO,1.146675,2021-12-16,2021,12
LBR,-0.55863655,2021-12-16,2021,12
LBY,-0.32196245,2021-12-16,2021,12
LTU,-0.6604518,2021-12-16,2021,12
LUX,-0.4069541,2021-12-16,2021,12
MDG,0.15789777,2021-12-16,2021,12
MWI,-2.2300212,2021-12-16,2021,12
MYS,-0.4528818,2021-12-16,2021,12
MLI,-1.4420198,2021-12-16,2021,12
MRT,-1.1960284,2021-12-16,2021,12
MUS,-0.5091855,2021-12-16,2021,12
MEX,-0.65152526,2021-12-16,2021,12
MDA,-0.42330676,2021-12-16,2021,12
MNG,-0.82879394,2021-12-16,2021,12
MNE,1.2718872,2021-12-16,2021,12
MAR,-0.864664,2021-12-16,2021,12
MOZ,-1.6183277,2021-12-16,2021,12
MMR,0.5838689,2021-12-16,2021,12
NAM,0.09991852,2021-12-16,2021,12
NPL,0.6030158,2021-12-16,2021,12
NLD,0.27195966,2021-12-16,2021,12
NCL,1.7123467,2021-12-16,2021,12
NZL,0.77503306,2021-12-16,2021,12
NIC,-0.82446164,2021-12-16,2021,12
NER,-1.2190895,2021-12-16,2021,12
NGA,-0.543882,2021-12-16,2021,12
PRK,1.4011316,2021-12-16,2021,12
MKD,1.4662277,2021-12-16,2021,12
NOR,0.55026406,2021-12-16,2021,12
OMN,-1.0777571,2021-12-16,2021,12
PAK,-0.58284235,2021-12-16,2021,12
PSE,0.14990197,2021-12-16,2021,12
PAN,-0.17150816,2021-12-16,2021,12
PNG,0.2582236,2021-12-16,2021,12
PRY,-0.40070656,2021-12-16,2021,12
PER,-0.09564864,2021-12-16,2021,12
PHL,0.5762486,2021-12-16,2021,12
POL,-1.2164284,2021-12-16,2021,12
PRT,-1.0011556,2021-12-16,2021,12
PRI,-0.2389078,2021-12-16,2021,12
QAT,-0.6775332,2021-12-16,2021,12
SRB,1.3001609,2021-12-16,2021,12
COG,-0.6637222,2021-12-16,2021,12
ROU,0.1634566,2021-12-16,2021,12
RUS,0.29611975,2021-12-16,2021,12
RWA,-1.1633716,2021-12-16,2021,12
VCT,-1.842797,2021-12-16,2021,12
WSM,-1.0252192,2021-12-16,2021,12
SAU,-1.0750506,2021-12-16,2021,12
SEN,-0.48593977,2021-12-16,2021,12
SIA,-0.20692149,2021-12-16,2021,12
SLE,0.7963996,2021-12-16,2021,12
SVK,-0.9489547,2021-12-16,2021,12
SVN,-0.09828016,2021-12-16,2021,12
SLB,0.03006955,2021-12-16,2021,12
SOM,0.5131483,2021-12-16,2021,12
SOL,-0.41723928,2021-12-16,2021,12
ZAF,1.1203144,2021-12-16,2021,12
SGS,-1.305093,2021-12-16,2021,12
KOR,-0.06422101,2021-12-16,2021,12
SSD,-0.40754697,2021-12-16,2021,12
ESP,-0.7805647,2021-12-16,2021,12
LKA,0.5326834,2021-12-16,2021,12
SDN,-1.2383727,2021-12-16,2021,12
SUR,1.4916719,2021-12-16,2021,12
SWE,0.38596773,2021-12-16,2021,12
CHE,-0.57758147,2021-12-16,2021,12
SYR,-1.2009754,2021-12-16,2021,12
TWN,0.13963653,2021-12-16,2021,12
TJK,-1.1785691,2021-12-16,2021,12
THA,0.7446431,2021-12-16,2021,12
BHS,-0.4029057,2021-12-16,2021,12
TGO,-0.42228496,2021-12-16,2021,12
TTO,-1.3318777,2021-12-16,2021,12
TUN,-0.8878158,2021-12-16,2021,12
TUR,-0.8026975,2021-12-16,2021,12
TKM,-1.1211138,2021-12-16,2021,12
UGA,0.48520726,2021-12-16,2021,12
UKR,-0.62777764,2021-12-16,2021,12
ARE,-0.7622485,2021-12-16,2021,12
GBR,0.12435978,2021-12-16,2021,12
TZA,-0.59874284,2021-12-16,2021,12
VIR,-0.29876956,2021-12-16,2021,12
USA,0.091738984,2021-12-16,2021,12
URY,-1.8299198,2021-12-16,2021,12
UZB,-1.1927961,2021-12-16,2021,12
VUT,-0.04196297,2021-12-16,2021,12
VEN,0.22946337,2021-12-16,2021,12
VNM,0.93272287,2021-12-16,2021,12
ESH,0.05432768,2021-12-16,2021,12
YEM,-0.76630956,2021-12-16,2021,12
ZMB,-0.014005785,2021-12-16,2021,12
ZWE,-0.28239486,2021-12-16,2021,12
SWZ,1.0985464,2021-12-16,2021,12
AFG,-0.3873344,2022-01-16,2022,1
ALA,-0.5094265,2022-01-16,2022,1
ALB,-0.14981833,2022-01-16,2022,1
DZA,-0.37962863,2022-01-16,2022,1
AGO,0.025695449,2022-01-16,2022,1
ARG,-0.41187894,2022-01-16,2022,1
ARM,-0.30335885,2022-01-16,2022,1
AUS,0.3600394,2022-01-16,2022,1
AUT,-0.13474995,2022-01-16,2022,1
AZE,-0.6296854,2022-01-16,2022,1
BGD,0.97866774,2022-01-16,2022,1
BLR,1.0616779,2022-01-16,2022,1
BEL,-0.64054227,2022-01-16,2022,1
BLZ,-1.0100883,2022-01-16,2022,1
BEN,-1.4329867,2022-01-16,2022,1
BTN,0.22527745,2022-01-16,2022,1
BOL,0.13572605,2022-01-16,2022,1
BIH,0.7518562,2022-01-16,2022,1
BWA,0.7387008,2022-01-16,2022,1
BRA,0.21846554,2022-01-16,2022,1
BRN,-0.70814323,2022-01-16,2022,1
BGR,-0.1386724,2022-01-16,2022,1
BFA,-1.9513289,2022-01-16,2022,1
BDI,-0.47611278,2022-01-16,2022,1
CPV,-3.313311,2022-01-16,2022,1
KHM,-0.006284891,2022-01-16,2022,1
CMR,0.13866448,2022-01-16,2022,1
CAN,0.22263178,2022-01-16,2022,1
CAF,0.011820131,2022-01-16,2022,1
TCD,-1.075329,2022-01-16,2022,1
CHL,-0.46134213,2022-01-16,2022,1
CHN,0.0015695998,2022-01-16,2022,1
COL,-0.27138937,2022-01-16,2022,1
COM,-0.10144333,2022-01-16,2022,1
CRI,-0.8884786,2022-01-16,2022,1
HRV,0.2688045,2022-01-16,2022,1
CUB,-0.17908137,2022-01-16,2022,1
CYP,0.58743095,2022-01-16,2022,1
CZE,-0.3456536,2022-01-16,2022,1
COD,0.07373226,2022-01-16,2022,1
DNK,-0.39631677,2022-01-16,2022,1
DJI,-1.0617069,2022-01-16,2022,1
DOM,-1.3070481,2022-01-16,2022,1
TLS,0.05351612,2022-01-16,2022,1
ECU,-0.2912146,2022-01-16,2022,1
EGY,-0.42771333,2022-01-16,2022,1
SLV,-0.2021092,2022-01-16,2022,1
GNQ,-0.0054172343,2022-01-16,2022,1
ERI,0.36568132,2022-01-16,2022,1
EST,1.0464765,2022-01-16,2022,1
ETH,-0.41053483,2022-01-16,2022,1
FLK,-1.0428768,2022-01-16,2022,1
FRO,0.032518957,2022-01-16,2022,1
FJI,2.089323,2022-01-16,2022,1
FIN,0.30119976,2022-01-16,2022,1
FRA,-0.60204625,2022-01-16,2022,1
PYF,-0.18958542,2022-01-16,2022,1
ATF,-0.6856986,2022-01-16,2022,1
GAB,-0.3397632,2022-01-16,2022,1
GMB,-2.3355596,2022-01-16,2022,1
GEO,-0.17103568,2022-01-16,2022,1
DEU,-0.31167307,2022-01-16,2022,1
GHA,-0.3883987,2022-01-16,2022,1
GRC,-0.5057325,2022-01-16,2022,1
GRL,0.7193201,2022-01-16,2022,1
GTM,-0.7923721,2022-01-16,2022,1
GIN,-2.1315732,2022-01-16,2022,1
GNB,-2.4942756,2022-01-16,2022,1
GUY,0.23010843,2022-01-16,2022,1
HTI,-1.4288795,2022-01-16,2022,1
HND,-0.26852092,2022-01-16,2022,1
HUN,-0.17851378,2022-01-16,2022,1
ISL,0.6666313,2022-01-16,2022,1
IND,1.2691582,2022-01-16,2022,1
IDN,0.3234389,2022-01-16,2022,1
IRN,-0.6389797,2022-01-16,2022,1
IRQ,-0.6097409,2022-01-16,2022,1
IRL,-1.5247834,2022-01-16,2022,1
ISR,1.1519468,2022-01-16,2022,1
ITA,-0.69315594,2022-01-16,2022,1
CIV,-0.7026483,2022-01-16,2022,1
JAM,0.76406753,2022-01-16,2022,1
JPN,0.40586853,2022-01-16,2022,1
JOR,0.72287446,2022-01-16,2022,1
KAZ,-0.30975336,2022-01-16,2022,1
KEN,1.21442,2022-01-16,2022,1
XKX,0.88604766,2022-01-16,2022,1
KWT,0.1761884,2022-01-16,2022,1
KGZ,-1.2421833,2022-01-16,2022,1
LAO,-0.3157708,2022-01-16,2022,1
LVA,1.3252201,2022-01-16,2022,1
LBN,0.80697364,2022-01-16,2022,1
LSO,1.0068654,2022-01-16,2022,1
LBR,-0.6156253,2022-01-16,2022,1
LBY,-0.010659051,2022-01-16,2022,1
LTU,0.89577734,2022-01-16,2022,1
LUX,-0.541537,2022-01-16,2022,1
MDG,0.7104771,2022-01-16,2022,1
MWI,-1.4471664,2022-01-16,2022,1
MYS,-0.49180627,2022-01-16,2022,1
MLI,-1.6139075,2022-01-16,2022,1
MRT,-1.4334701,2022-01-16,2022,1
MUS,-0.78149885,2022-01-16,2022,1
MEX,-1.0583735,2022-01-16,2022,1
MDA,-0.37653774,2022-01-16,2022,1
MNG,-0.9120061,2022-01-16,2022,1
MNE,0.68903714,2022-01-16,2022,1
MAR,-0.6254199,2022-01-16,2022,1
MOZ,-0.5382972,2022-01-16,2022,1
MMR,0.19222336,2022-01-16,2022,1
NAM,0.37432256,2022-01-16,2022,1
NPL,0.75028235,2022-01-16,2022,1
NLD,-0.48327273,2022-01-16,2022,1
NCL,1.6042256,2022-01-16,2022,1
NZL,-0.011434758,2022-01-16,2022,1
NIC,-0.8943985,2022-01-16,2022,1
NER,-0.7549826,2022-01-16,2022,1
NGA,-0.8863966,2022-01-16,2022,1
PRK,-0.6189464,2022-01-16,2022,1
MKD,0.009116412,2022-01-16,2022,1
NOR,0.20224446,2022-01-16,2022,1
OMN,-0.8945691,2022-01-16,2022,1
PAK,0.5843006,2022-01-16,2022,1
PSE,0.86487466,2022-01-16,2022,1
PAN,-0.5276631,2022-01-16,2022,1
PNG,0.11200109,2022-01-16,2022,1
PRY,-1.6845609,2022-01-16,2022,1
PER,-0.4042949,2022-01-16,2022,1
PHL,-0.08097255,2022-01-16,2022,1
POL,-0.1392249,2022-01-16,2022,1
PRT,-1.5006253,2022-01-16,2022,1
PRI,-0.7846914,2022-01-16,2022,1
QAT,0.6217789,2022-01-16,2022,1
SRB,0.9707671,2022-01-16,2022,1
COG,-0.048175707,2022-01-16,2022,1
ROU,0.17595053,2022-01-16,2022,1
RUS,0.5453175,2022-01-16,2022,1
RWA,-0.38978234,2022-01-16,2022,1
VCT,-2.778209,2022-01-16,2022,1
WSM,-0.3254036,2022-01-16,2022,1
SAU,-0.41137174,2022-01-16,2022,1
SEN,-2.4527862,2022-01-16,2022,1
SIA,-0.5187311,2022-01-16,2022,1
SLE,-0.7291138,2022-01-16,2022,1
SVK,-0.4551591,2022-01-16,2022,1
SVN,0.024641585,2022-01-16,2022,1
SLB,0.060673326,2022-01-16,2022,1
SOM,-0.0059645916,2022-01-16,2022,1
SOL,-1.2198085,2022-01-16,2022,1
ZAF,0.9930421,2022-01-16,2022,1
SGS,-1.0514535,2022-01-16,2022,1
KOR,-1.4659206,2022-01-16,2022,1
SSD,-0.15770078,2022-01-16,2022,1
ESP,-1.1370078,2022-01-16,2022,1
LKA,0.19038463,2022-01-16,2022,1
SDN,-0.65265715,2022-01-16,2022,1
SUR,0.35300225,2022-01-16,2022,1
SWE,-0.20216644,2022-01-16,2022,1
CHE,-0.67455447,2022-01-16,2022,1
SYR,-0.6067701,2022-01-16,2022,1
TWN,-0.13816743,2022-01-16,2022,1
TJK,-1.0135926,2022-01-16,2022,1
THA,-0.17566575,2022-01-16,2022,1
BHS,0.577501,2022-01-16,2022,1
TGO,-1.053535,2022-01-16,2022,1
TTO,-1.9012973,2022-01-16,2022,1
TUN,-1.0247475,2022-01-16,2022,1
TUR,-0.17641804,2022-01-16,2022,1
TKM,-1.1481146,2022-01-16,2022,1
UGA,0.9025978,2022-01-16,2022,1
UKR,0.5028559,2022-01-16,2022,1
ARE,-0.26805303,2022-01-16,2022,1
GBR,-1.4625475,2022-01-16,2022,1
TZA,-0.23331074,2022-01-16,2022,1
VIR,-0.9284736,2022-01-16,2022,1
USA,-0.59780675,2022-01-16,2022,1
URY,-0.44310966,2022-01-16,2022,1
UZB,-0.7726874,2022-01-16,2022,1
VUT,-0.052867357,2022-01-16,2022,1
VEN,-0.4436735,2022-01-16,2022,1
VNM,0.35319057,2022-01-16,2022,1
ESH,0.12098607,2022-01-16,2022,1
YEM,-0.7878156,2022-01-16,2022,1
ZMB,0.19130974,2022-01-16,2022,1
ZWE,0.24534412,2022-01-16,2022,1
SWZ,0.41647586,2022-01-16,2022,1
AFG,-0.8671683,2022-02-15,2022,2
ALA,0.509705,2022-02-15,2022,2
ALB,-0.48569575,2022-02-15,2022,2
DZA,-0.83163345,2022-02-15,2022,2
AGO,0.00961228,2022-02-15,2022,2
ARG,-0.28422815,2022-02-15,2022,2
ARM,-0.5484126,2022-02-15,2022,2
AUS,-0.1378032,2022-02-15,2022,2
AUT,-0.608696,2022-02-15,2022,2
AZE,-0.72130543,2022-02-15,2022,2
BGD,1.9771904,2022-02-15,2022,2
BLR,1.1917454,2022-02-15,2022,2
BEL,0.05563898,2022-02-15,2022,2
BLZ,0.45526817,2022-02-15,2022,2
BEN,-1.5140082,2022-02-15,2022,2
BTN,2.2044368,2022-02-15,2022,2
BOL,-0.47686818,2022-02-15,2022,2
BIH,-0.37282428,2022-02-15,2022,2
BWA,0.47128785,2022-02-15,2022,2
BRA,-0.14907397,2022-02-15,2022,2
BRN,-0.03328689,2022-02-15,2022,2
BGR,0.12732546,2022-02-15,2022,2
BFA,-1.5203075,2022-02-15,2022,2
BDI,1.1677344,2022-02-15,2022,2
CPV,-2.4831386,2022-02-15,2022,2
KHM,1.4212325,2022-02-15,2022,2
CMR,-0.84868777,2022-02-15,2022,2
CAN,0.16219573,2022-02-15,2022,2
CAF,-1.0082138,2022-02-15,2022,2
TCD,0.102584735,2022-02-15,2022,2
CHL,-0.27904192,2022-02-15,2022,2
CHN,0.19200334,2022-02-15,2022,2
COL,0.22285892,2022-02-15,2022,2
COM,0.070157304,2022-02-15,2022,2
CRI,-1.0876617,2022-02-15,2022,2
HRV,-0.72899616,2022-02-15,2022,2
CUB,-0.81156534,2022-02-15,2022,2
CYP,0.82430494,2022-02-15,2022,2
CZE,-1.1244419,2022-02-15,2022,2
COD,0.049510118,2022-02-15,2022,2
DNK,1.016594,2022-02-15,2022,2
DJI,-1.3330203,2022-02-15,2022,2
DOM,-0.24960093,2022-02-15,2022,2
TLS,-1.0724084,2022-02-15,2022,2
ECU,-0.85477376,2022-02-15,2022,2
EGY,-0.07097269,2022-02-15,2022,2
SLV,-0.24540426,2022-02-15,2022,2
GNQ,-0.41256008,2022-02-15,2022,2
ERI,0.07037026,2022-02-15,2022,2
EST,1.3168923,2022-02-15,2022,2
ETH,-0.7014355,2022-02-15,2022,2
FLK,-0.7195785,2022-02-15,2022,2
FRO,0.027762415,2022-02-15,2022,2
FJI,2.300878,2022-02-15,2022,2
FIN,1.1738838,2022-02-15,2022,2
FRA,-0.50706387,2022-02-15,2022,2
PYF,-0.8894562,2022-02-15,2022,2
ATF,-0.95875293,2022-02-15,2022,2
GAB,-0.8221053,2022-02-15,2022,2
GMB,-2.2841642,2022-02-15,2022,2
GEO,-0.3507208,2022-02-15,2022,2
DEU,-0.105142735,2022-02-15,2022,2
GHA,-1.6492975,2022-02-15,2022,2
GRC,-0.2817736,2022-02-15,2022,2
GRL,0.42985585,2022-02-15,2022,2
GTM,-0.10075526,2022-02-15,2022,2
GIN,-1.9553124,2022-02-15,2022,2
GNB,-2.3699002,2022-02-15,2022,2
GUY,0.9272573,2022-02-15,2022,2
HTI,-0.53157395,2022-02-15,2022,2
HND,0.12558138,2022-02-15,2022,2
HUN,-1.151425,2022-02-15,2022,2
ISL,1.0533738,2022-02-15,2022,2
IND,1.1350696,2022-02-15,2022,2
IDN,-0.0064948085,2022-02-15,2022,2
IRN,-1.0387394,2022-02-15,2022,2
IRQ,-0.7618571,2022-02-15,2022,2
IRL,-0.046224933,2022-02-15,2022,2
ISR,1.2293718,2022-02-15,2022,2
ITA,-1.2859501,2022-02-15,2022,2
CIV,-1.321269,2022-02-15,2022,2
JAM,-1.2617483,2022-02-15,2022,2
JPN,-0.3315771,2022-02-15,2022,2
JOR,0.85491574,2022-02-15,2022,2
KAZ,-0.5909905,2022-02-15,2022,2
KEN,0.11127917,2022-02-15,2022,2
XKX,-0.038302056,2022-02-15,2022,2
KWT,0.20213667,2022-02-15,2022,2
KGZ,-1.1792604,2022-02-15,2022,2
LAO,1.003176,2022-02-15,2022,2
LVA,1.3294163,2022-02-15,2022,2
LBN,0.81812686,2022-02-15,2022,2
LSO,0.6949404,2022-02-15,2022,2
LBR,-0.451185,2022-02-15,2022,2
LBY,0.5223601,2022-02-15,2022,2
LTU,1.1907711,2022-02-15,2022,2
LUX,0.2550305,2022-02-15,2022,2
MDG,0.4009546,2022-02-15,2022,2
MWI,-0.88629836,2022-02-15,2022,2
MYS,0.074922755,2022-02-15,2022,2
MLI,-1.2442112,2022-02-15,2022,2
MRT,-1.5467795,2022-02-15,2022,2
MUS,-0.20708747,2022-02-15,2022,2
MEX,-0.94600844,2022-02-15,2022,2
MDA,-0.52175474,2022-02-15,2022,2
MNG,-0.2598329,2022-02-15,2022,2
MNE,-0.3981407,2022-02-15,2022,2
MAR,-1.2052412,2022-02-15,2022,2
MOZ,-0.12792471,2022-02-15,2022,2
MMR,1.2296855,2022-02-15,2022,2
NAM,0.40292943,2022-02-15,2022,2
NPL,0.8727057,2022-02-15,2022,2
NLD,0.39441976,2022-02-15,2022,2
NCL,2.048865,2022-02-15,2022,2
NZL,0.7649171,2022-02-15,2022,2
NIC,-0.72674525,2022-02-15,2022,2
NER,0.41254205,2022-02-15,2022,2
NGA,-0.14064103,2022-02-15,2022,2
PRK,-1.8488911,2022-02-15,2022,2
MKD,0.034669187,2022-02-15,2022,2
NOR,0.3040721,2022-02-15,2022,2
OMN,-0.7909595,2022-02-15,2022,2
PAK,-0.094290555,2022-02-15,2022,2
PSE,0.9354253,2022-02-15,2022,2
PAN,-0.52177775,2022-02-15,2022,2
PNG,0.095425144,2022-02-15,2022,2
PRY,-2.433994,2022-02-15,2022,2
PER,-0.5376769,2022-02-15,2022,2
PHL,0.41349003,2022-02-15,2022,2
POL,-0.026501453,2022-02-15,2022,2
PRT,-1.5533868,2022-02-15,2022,2
PRI,-0.33327326,2022-02-15,2022,2
QAT,0.14059028,2022-02-15,2022,2
SRB,-0.13488363,2022-02-15,2022,2
COG,-0.8382326,2022-02-15,2022,2
ROU,-0.41003644,2022-02-15,2022,2
RUS,0.3348054,2022-02-15,2022,2
RWA,1.0927187,2022-02-15,2022,2
VCT,-1.4957517,2022-02-15,2022,2
WSM,-0.13445891,2022-02-15,2022,2
SAU,-0.1189671,2022-02-15,2022,2
SEN,-2.2986705,2022-02-15,2022,2
SIA,-0.38874796,2022-02-15,2022,2
SLE,-1.1190339,2022-02-15,2022,2
SVK,-1.1725713,2022-02-15,2022,2
SVN,-0.6953816,2022-02-15,2022,2
SLB,0.031490184,2022-02-15,2022,2
SOM,-0.69344836,2022-02-15,2022,2
SOL,-1.8913023,2022-02-15,2022,2
ZAF,0.71784496,2022-02-15,2022,2
SGS,-1.2928803,2022-02-15,2022,2
KOR,-2.3105912,2022-02-15,2022,2
SSD,0.15616885,2022-02-15,2022,2
ESP,-1.7716771,2022-02-15,2022,2
LKA,-0.34320983,2022-02-15,2022,2
SDN,0.16415611,2022-02-15,2022,2
SUR,0.4739787,2022-02-15,2022,2
SWE,0.11389732,2022-02-15,2022,2
CHE,-0.22851416,2022-02-15,2022,2
SYR,-0.687358,2022-02-15,2022,2
TWN,0.27429986,2022-02-15,2022,2
TJK,-1.1424401,2022-02-15,2022,2
THA,1.3844802,2022-02-15,2022,2
BHS,0.0456765,2022-02-15,2022,2
TGO,-1.8920825,2022-02-15,2022,2
TTO,0.10340236,2022-02-15,2022,2
TUN,-1.4003476,2022-02-15,2022,2
TUR,0.032930132,2022-02-15,2022,2
TKM,-1.3846232,2022-02-15,2022,2
UGA,0.7433638,2022-02-15,2022,2
UKR,0.33568865,2022-02-15,2022,2
ARE,-0.61248016,2022-02-15,2022,2
GBR,-0.1688585,2022-02-15,2022,2
TZA,0.34200996,2022-02-15,2022,2
VIR,-0.6638275,2022-02-15,2022,2
USA,-0.11861017,2022-02-15,2022,2
URY,-0.366198,2022-02-15,2022,2
UZB,-1.0309263,2022-02-15,2022,2
VUT,0.053005185,2022-02-15,2022,2
VEN,-0.018215725,2022-02-15,2022,2
VNM,1.1524299,2022-02-15,2022,2
ESH,-0.98345166,2022-02-15,2022,2
YEM,-0.46745744,2022-02-15,2022,2
ZMB,0.05727384,2022-02-15,2022,2
ZWE,-0.0011793993,2022-02-15,2022,2
SWZ,-0.26444474,2022-02-15,2022,2
AFG,-0.78670526,2022-03-16,2022,3
ALA,0.25517336,2022-03-16,2022,3
ALB,-0.9304015,2022-03-16,2022,3
DZA,-0.2972964,2022-03-16,2022,3
AGO,0.016260596,2022-03-16,2022,3
ARG,0.03130846,2022-03-16,2022,3
ARM,0.30612734,2022-03-16,2022,3
AUS,-0.05395818,2022-03-16,2022,3
AUT,-1.7751414,2022-03-16,2022,3
AZE,-0.26744625,2022-03-16,2022,3
BGD,0.17208429,2022-03-16,2022,3
BLR,-0.46601394,2022-03-16,2022,3
BEL,-1.192221,2022-03-16,2022,3
BLZ,1.2958204,2022-03-16,2022,3
BEN,-0.9771893,2022-03-16,2022,3
BTN,0.40379128,2022-03-16,2022,3
BOL,-0.94779134,2022-03-16,2022,3
BIH,-1.9412065,2022-03-16,2022,3
BWA,0.3506398,2022-03-16,2022,3
BRA,-0.20711523,2022-03-16,2022,3
BRN,1.0315973,2022-03-16,2022,3
BGR,-1.2554771,2022-03-16,2022,3
BFA,-0.37308165,2022-03-16,2022,3
BDI,1.3836952,2022-03-16,2022,3
CPV,-1.7517191,2022-03-16,2022,3
KHM,1.7656306,2022-03-16,2022,3
CMR,-0.7734477,2022-03-16,2022,3
CAN,0.11541355,2022-03-16,2022,3
CAF,-0.61863095,2022-03-16,2022,3
TCD,0.19586605,2022-03-16,2022,3
CHL,-0.15433629,2022-03-16,2022,3
CHN,0.02350117,2022-03-16,2022,3
COL,0.6481,2022-03-16,2022,3
COM,0.45039895,2022-03-16,2022,3
CRI,-0.41744488,2022-03-16,2022,3
HRV,-1.871163,2022-03-16,2022,3
CUB,-0.4592336,2022-03-16,2022,3
CYP,0.8638499,2022-03-16,2022,3
CZE,-2.094772,2022-03-16,2022,3
COD,0.005217466,2022-03-16,2022,3
DNK,-0.1533135,2022-03-16,2022,3
DJI,-0.78984004,2022-03-16,2022,3
DOM,0.35997516,2022-03-16,2022,3
TLS,-0.83367354,2022-03-16,2022,3
ECU,-0.55346197,2022-03-16,2022,3
EGY,0.71712327,2022-03-16,2022,3
SLV,0.12455346,2022-03-16,2022,3
GNQ,-1.0845091,2022-03-16,2022,3
ERI,0.15648293,2022-03-16,2022,3
EST,0.52864784,2022-03-16,2022,3
ETH,-0.28608993,2022-03-16,2022,3
FLK,0.73870546,2022-03-16,2022,3
FRO,-0.083665974,2022-03-16,2022,3
FJI,2.2836425,2022-03-16,2022,3
FIN,0.8964321,2022-03-16,2022,3
FRA,-1.2221591,2022-03-16,2022,3
PYF,-0.62629455,2022-03-16,2022,3
ATF,-0.69349635,2022-03-16,2022,3
GAB,-1.7977026,2022-03-16,2022,3
GMB,-1.4687911,2022-03-16,2022,3
GEO,0.53891873,2022-03-16,2022,3
DEU,-1.3197913,2022-03-16,2022,3
GHA,-1.2764733,2022-03-16,2022,3
GRC,-0.58998144,2022-03-16,2022,3
GRL,0.54022145,2022-03-16,2022,3
GTM,0.044177227,2022-03-16,2022,3
GIN,0.5645617,2022-03-16,2022,3
GNB,-1.1894894,2022-03-16,2022,3
GUY,1.2061204,2022-03-16,2022,3
HTI,0.82782227,2022-03-16,2022,3
HND,0.5256049,2022-03-16,2022,3
HUN,-2.093296,2022-03-16,2022,3
ISL,1.8002319,2022-03-16,2022,3
IND,0.1595741,2022-03-16,2022,3
IDN,-0.0053929253,2022-03-16,2022,3
IRN,-1.2100948,2022-03-16,2022,3
IRQ,-0.6859722,2022-03-16,2022,3
IRL,-0.9276808,2022-03-16,2022,3
ISR,1.1572034,2022-03-16,2022,3
ITA,-1.6812572,2022-03-16,2022,3
CIV,-0.26747575,2022-03-16,2022,3
JAM,-1.3115216,2022-03-16,2022,3
JPN,-0.7069632,2022-03-16,2022,3
JOR,1.0615046,2022-03-16,2022,3
KAZ,0.4284636,2022-03-16,2022,3
KEN,-0.08799656,2022-03-16,2022,3
XKX,-1.4913049,2022-03-16,2022,3
KWT,-0.62783796,2022-03-16,2022,3
KGZ,1.520203,2022-03-16,2022,3
LAO,1.834458,2022-03-16,2022,3
LVA,-0.07153584,2022-03-16,2022,3
LBN,0.95815593,2022-03-16,2022,3
LSO,-0.5730962,2022-03-16,2022,3
LBR,-0.39928183,2022-03-16,2022,3
LBY,0.79137063,2022-03-16,2022,3
LTU,-0.22544898,2022-03-16,2022,3
LUX,-0.7029251,2022-03-16,2022,3
MDG,0.4155272,2022-03-16,2022,3
MWI,0.48214674,2022-03-16,2022,3
MYS,0.3569512,2022-03-16,2022,3
MLI,-0.66663957,2022-03-16,2022,3
MRT,-1.0734718,2022-03-16,2022,3
MUS,0.41386983,2022-03-16,2022,3
MEX,-1.1202798,2022-03-16,2022,3
MDA,-1.9010893,2022-03-16,2022,3
MNG,-0.8052685,2022-03-16,2022,3
MNE,-1.6551334,2022-03-16,2022,3
MAR,-0.75372976,2022-03-16,2022,3
MOZ,0.56609786,2022-03-16,2022,3
MMR,1.0006874,2022-03-16,2022,3
NAM,0.5089887,2022-03-16,2022,3
NPL,0.23335376,2022-03-16,2022,3
NLD,-0.9969201,2022-03-16,2022,3
NCL,1.589763,2022-03-16,2022,3
NZL,-0.21456781,2022-03-16,2022,3
NIC,-0.47250217,2022-03-16,2022,3
NER,0.58765453,2022-03-16,2022,3
NGA,0.12885459,2022-03-16,2022,3
PRK,0.47071156,2022-03-16,2022,3
MKD,-0.93387246,2022-03-16,2022,3
NOR,0.46267948,2022-03-16,2022,3
OMN,-0.96468437,2022-03-16,2022,3
PAK,-1.0270646,2022-03-16,2022,3
PSE,1.0157362,2022-03-16,2022,3
PAN,-0.10858889,2022-03-16,2022,3
PNG,-0.15055422,2022-03-16,2022,3
PRY,-1.5315099,2022-03-16,2022,3
PER,-0.61471355,2022-03-16,2022,3
PHL,0.81466615,2022-03-16,2022,3
POL,-1.242849,2022-03-16,2022,3
PRT,-0.9731051,2022-03-16,2022,3
PRI,0.40992522,2022-03-16,2022,3
QAT,-0.53125757,2022-03-16,2022,3
SRB,-1.8303001,2022-03-16,2022,3
COG,-1.5989938,2022-03-16,2022,3
ROU,-1.9479324,2022-03-16,2022,3
RUS,0.084132805,2022-03-16,2022,3
RWA,1.2806357,2022-03-16,2022,3
VCT,-0.04489422,2022-03-16,2022,3
WSM,-0.029728033,2022-03-16,2022,3
SAU,-0.26175207,2022-03-16,2022,3
SEN,-1.5282706,2022-03-16,2022,3
SIA,-0.5085145,2022-03-16,2022,3
SLE,-0.33892563,2022-03-16,2022,3
SVK,-2.0061867,2022-03-16,2022,3
SVN,-1.6536615,2022-03-16,2022,3
SLB,0.03714139,2022-03-16,2022,3
SOM,-0.056102835,2022-03-16,2022,3
SOL,-1.5642035,2022-03-16,2022,3
ZAF,0.14280117,2022-03-16,2022,3
SGS,-0.8651525,2022-03-16,2022,3
KOR,-0.63185847,2022-03-16,2022,3
SSD,0.34132245,2022-03-16,2022,3
ESP,-0.531759,2022-03-16,2022,3
LKA,-0.01708168,2022-03-16,2022,3
SDN,0.44381854,2022-03-16,2022,3
SUR,0.8094518,2022-03-16,2022,3
SWE,-0.03204695,2022-03-16,2022,3
CHE,-1.5033531,2022-03-16,2022,3
SYR,0.28179663,2022-03-16,2022,3
TWN,0.37635726,2022-03-16,2022,3
TJK,0.697125,2022-03-16,2022,3
THA,1.8092663,2022-03-16,2022,3
BHS,0.5697828,2022-03-16,2022,3
TGO,-1.5756427,2022-03-16,2022,3
TTO,0.7771332,2022-03-16,2022,3
TUN,-0.98855704,2022-03-16,2022,3
TUR,0.5642626,2022-03-16,2022,3
TKM,-0.48609045,2022-03-16,2022,3
UGA,0.5624747,2022-03-16,2022,3
UKR,-1.1468996,2022-03-16,2022,3
ARE,-1.3370607,2022-03-16,2022,3
GBR,-0.7059573,2022-03-16,2022,3
TZA,0.48930588,2022-03-16,2022,3
VIR,0.13119322,2022-03-16,2022,3
USA,-0.20878224,2022-03-16,2022,3
URY,0.4441547,2022-03-16,2022,3
UZB,0.20046338,2022-03-16,2022,3
VUT,0.11274115,2022-03-16,2022,3
VEN,0.08268561,2022-03-16,2022,3
VNM,1.277129,2022-03-16,2022,3
ESH,-0.6395944,2022-03-16,2022,3
YEM,-0.21309061,2022-03-16,2022,3
ZMB,0.19753705,2022-03-16,2022,3
ZWE,0.07546527,2022-03-16,2022,3
SWZ,-1.5435009,2022-03-16,2022,3
AFG,-1.6974938,2022-04-16,2022,4
ALA,-0.025145704,2022-04-16,2022,4
ALB,-0.57042414,2022-04-16,2022,4
DZA,-0.18920171,2022-04-16,2022,4
AGO,0.08434541,2022-04-16,2022,4
ARG,0.07229723,2022-04-16,2022,4
ARM,-1.1158943,2022-04-16,2022,4
AUS,-0.0922338,2022-04-16,2022,4
AUT,-1.3597507,2022-04-16,2022,4
AZE,-1.1030859,2022-04-16,2022,4
BGD,-0.360366,2022-04-16,2022,4
BLR,-0.5002695,2022-04-16,2022,4
BEL,-1.1856586,2022-04-16,2022,4
BLZ,1.5863982,2022-04-16,2022,4
BEN,-0.19411464,2022-04-16,2022,4
BTN,0.6398382,2022-04-16,2022,4
BOL,-1.1845016,2022-04-16,2022,4
BIH,-1.1820093,2022-04-16,2022,4
BWA,0.14748292,2022-04-16,2022,4
BRA,-0.25264028,2022-04-16,2022,4
BRN,1.7529852,2022-04-16,2022,4
BGR,-0.6911839,2022-04-16,2022,4
BFA,-0.4756853,2022-04-16,2022,4
BDI,1.1340473,2022-04-16,2022,4
CPV,-0.6686204,2022-04-16,2022,4
KHM,1.5094007,2022-04-16,2022,4
CMR,-0.6004743,2022-04-16,2022,4
CAN,0.11628175,2022-04-16,2022,4
CAF,-0.57883227,2022-04-16,2022,4
TCD,0.24661092,2022-04-16,2022,4
CHL,0.07056929,2022-04-16,2022,4
CHN,-0.46287113,2022-04-16,2022,4
COL,1.0117997,2022-04-16,2022,4
COM,1.2779434,2022-04-16,2022,4
CRI,0.34871787,2022-04-16,2022,4
HRV,-1.280579,2022-04-16,2022,4
CUB,0.23488982,2022-04-16,2022,4
CYP,-0.0076747155,2022-04-16,2022,4
CZE,-1.5546592,2022-04-16,2022,4
COD,0.09444724,2022-04-16,2022,4
DNK,-0.096240185,2022-04-16,2022,4
DJI,-0.3802163,2022-04-16,2022,4
DOM,0.46499696,2022-04-16,2022,4
TLS,-1.295808,2022-04-16,2022,4
ECU,0.109294854,2022-04-16,2022,4
EGY,-0.32416698,2022-04-16,2022,4
SLV,0.22181283,2022-04-16,2022,4
GNQ,-0.96665543,2022-04-16,2022,4
ERI,0.07596101,2022-04-16,2022,4
EST,-0.33894962,2022-04-16,2022,4
ETH,0.2222828,2022-04-16,2022,4
FLK,1.2142717,2022-04-16,2022,4
FRO,-0.1658986,2022-04-16,2022,4
FJI,1.6091149,2022-04-16,2022,4
FIN,0.74611056,2022-04-16,2022,4
FRA,-0.9115382,2022-04-16,2022,4
PYF,-1.8607379,2022-04-16,2022,4
ATF,-0.5276981,2022-04-16,2022,4
GAB,-1.3631662,2022-04-16,2022,4
GMB,-1.1174027,2022-04-16,2022,4
GEO,-0.5015545,2022-04-16,2022,4
DEU,-1.0297241,2022-04-16,2022,4
GHA,-0.58016926,2022-04-16,2022,4
GRC,-0.801714,2022-04-16,2022,4
GRL,0.2365231,2022-04-16,2022,4
GTM,0.57626164,2022-04-16,2022,4
GIN,0.014651342,2022-04-16,2022,4
GNB,-1.032713,2022-04-16,2022,4
GUY,1.5210909,2022-04-16,2022,4
HTI,0.87706655,2022-04-16,2022,4
HND,0.7380281,2022-04-16,2022,4
HUN,-1.458662,2022-04-16,2022,4
ISL,1.6478975,2022-04-16,2022,4
IND,-0.79328257,2022-04-16,2022,4
IDN,0.016962437,2022-04-16,2022,4
IRN,-1.4869978,2022-04-16,2022,4
IRQ,-1.3675072,2022-04-16,2022,4
IRL,0.037715964,2022-04-16,2022,4
ISR,-0.17700376,2022-04-16,2022,4
ITA,-1.614152,2022-04-16,2022,4
CIV,-0.16972575,2022-04-16,2022,4
JAM,1.2867507,2022-04-16,2022,4
JPN,-1.0257512,2022-04-16,2022,4
JOR,-0.2283137,2022-04-16,2022,4
KAZ,-0.90315473,2022-04-16,2022,4
KEN,0.72340536,2022-04-16,2022,4
XKX,-0.9632788,2022-04-16,2022,4
KWT,-1.8328253,2022-04-16,2022,4
KGZ,0.40275094,2022-04-16,2022,4
LAO,1.9189827,2022-04-16,2022,4
LVA,-0.89604676,2022-04-16,2022,4
LBN,-0.5069351,2022-04-16,2022,4
LSO,1.0107607,2022-04-16,2022,4
LBR,-0.4009062,2022-04-16,2022,4
LBY,-0.0048768176,2022-04-16,2022,4
LTU,-0.77100104,2022-04-16,2022,4
LUX,-0.74539214,2022-04-16,2022,4
MDG,-0.035434652,2022-04-16,2022,4
MWI,0.8718503,2022-04-16,2022,4
MYS,1.0780118,2022-04-16,2022,4
MLI,-0.93530804,2022-04-16,2022,4
MRT,-0.8747095,2022-04-16,2022,4
MUS,1.7805015,2022-04-16,2022,4
MEX,-1.0615443,2022-04-16,2022,4
MDA,-1.2874283,2022-04-16,2022,4
MNG,-1.3648396,2022-04-16,2022,4
MNE,-1.0241982,2022-04-16,2022,4
MAR,-0.5272675,2022-04-16,2022,4
MOZ,0.59067076,2022-04-16,2022,4
MMR,0.99391735,2022-04-16,2022,4
NAM,0.17446163,2022-04-16,2022,4
NPL,-0.32975405,2022-04-16,2022,4
NLD,-0.8266072,2022-04-16,2022,4
NCL,1.1980587,2022-04-16,2022,4
NZL,0.24031492,2022-04-16,2022,4
NIC,0.2680451,2022-04-16,2022,4
NER,0.15220305,2022-04-16,2022,4
NGA,0.13909137,2022-04-16,2022,4
PRK,-0.7337126,2022-04-16,2022,4
MKD,-0.7732906,2022-04-16,2022,4
NOR,0.22833444,2022-04-16,2022,4
OMN,-0.969283,2022-04-16,2022,4
PAK,-2.258005,2022-04-16,2022,4
PSE,-0.17626822,2022-04-16,2022,4
PAN,0.9001713,2022-04-16,2022,4
PNG,-0.2967335,2022-04-16,2022,4
PRY,-0.64872533,2022-04-16,2022,4
PER,-0.3931336,2022-04-16,2022,4
PHL,1.5488855,2022-04-16,2022,4
POL,-1.1157727,2022-04-16,2022,4
PRT,-0.49524054,2022-04-16,2022,4
PRI,0.5916552,2022-04-16,2022,4
QAT,-1.6309525,2022-04-16,2022,4
SRB,-1.1593,2022-04-16,2022,4
COG,-0.93609565,2022-04-16,2022,4
ROU,-1.3068727,2022-04-16,2022,4
RUS,-0.06807438,2022-04-16,2022,4
RWA,0.9216329,2022-04-16,2022,4
VCT,0.47930372,2022-04-16,2022,4
WSM,-1.0518649,2022-04-16,2022,4
SAU,-1.1911255,2022-04-16,2022,4
SEN,-1.2208747,2022-04-16,2022,4
SIA,-1.273653,2022-04-16,2022,4
SLE,-0.22521372,2022-04-16,2022,4
SVK,-1.4293255,2022-04-16,2022,4
SVN,-1.3943439,2022-04-16,2022,4
SLB,-0.00087223406,2022-04-16,2022,4
SOM,0.928995,2022-04-16,2022,4
SOL,-0.6989691,2022-04-16,2022,4
ZAF,0.46592987,2022-04-16,2022,4
SGS,-0.7521018,2022-04-16,2022,4
KOR,-0.92885417,2022-04-16,2022,4
SSD,-0.03425946,2022-04-16,2022,4
ESP,0.14987805,2022-04-16,2022,4
LKA,1.0728854,2022-04-16,2022,4
SDN,0.07561807,2022-04-16,2022,4
SUR,1.0800481,2022-04-16,2022,4
SWE,-0.08325718,2022-04-16,2022,4
CHE,-0.96968246,2022-04-16,2022,4
SYR,-0.93128204,2022-04-16,2022,4
TWN,-0.08569174,2022-04-16,2022,4
TJK,-0.13040845,2022-04-16,2022,4
THA,1.654601,2022-04-16,2022,4
BHS,-0.13778721,2022-04-16,2022,4
TGO,-0.55280447,2022-04-16,2022,4
TTO,1.45268,2022-04-16,2022,4
TUN,-1.001814,2022-04-16,2022,4
TUR,-0.6442084,2022-04-16,2022,4
TKM,-1.1206557,2022-04-16,2022,4
UGA,-0.064988576,2022-04-16,2022,4
UKR,-0.66372615,2022-04-16,2022,4
ARE,-1.3668146,2022-04-16,2022,4
GBR,-0.064026356,2022-04-16,2022,4
TZA,0.04970331,2022-04-16,2022,4
VIR,0.77331954,2022-04-16,2022,4
USA,-0.06096083,2022-04-16,2022,4
URY,0.27042428,2022-04-16,2022,4
UZB,-0.9205372,2022-04-16,2022,4
VUT,0.013381009,2022-04-16,2022,4
VEN,0.37377152,2022-04-16,2022,4
VNM,1.1348596,2022-04-16,2022,4
ESH,-0.4886415,2022-04-16,2022,4
YEM,-0.07014954,2022-04-16,2022,4
ZMB,0.069721565,2022-04-16,2022,4
ZWE,-0.15902717,2022-04-16,2022,4
SWZ,-0.091282204,2022-04-16,2022,4
AFG,-1.35981,2022-05-16,2022,5
ALA,-0.8592596,2022-05-16,2022,5
ALB,-1.3648405,2022-05-16,2022,5
DZA,-0.62245417,2022-05-16,2022,5
AGO,0.1273245,2022-05-16,2022,5
ARG,-0.46061295,2022-05-16,2022,5
ARM,-0.010686294,2022-05-16,2022,5
AUS,0.01935253,2022-05-16,2022,5
AUT,-1.5278455,2022-05-16,2022,5
AZE,0.5152168,2022-05-16,2022,5
BGD,-0.1763021,2022-05-16,2022,5
BLR,-0.5283405,2022-05-16,2022,5
BEL,-1.8647063,2022-05-16,2022,5
BLZ,1.7868515,2022-05-16,2022,5
BEN,-0.5031973,2022-05-16,2022,5
BTN,0.6152623,2022-05-16,2022,5
BOL,-1.0904454,2022-05-16,2022,5
BIH,-1.6903007,2022-05-16,2022,5
BWA,0.49366933,2022-05-16,2022,5
BRA,-0.31867284,2022-05-16,2022,5
BRN,1.5218451,2022-05-16,2022,5
BGR,-1.5548491,2022-05-16,2022,5
BFA,-0.722362,2022-05-16,2022,5
BDI,-0.59392226,2022-05-16,2022,5
CPV,-0.45989427,2022-05-16,2022,5
KHM,1.0546771,2022-05-16,2022,5
CMR,-0.23710907,2022-05-16,2022,5
CAN,0.112809524,2022-05-16,2022,5
CAF,-0.024883285,2022-05-16,2022,5
TCD,-0.082145065,2022-05-16,2022,5
CHL,-0.2608366,2022-05-16,2022,5
CHN,-0.5928536,2022-05-16,2022,5
COL,0.46283385,2022-05-16,2022,5
COM,1.0140983,2022-05-16,2022,5
CRI,0.61029553,2022-05-16,2022,5
HRV,-1.6323673,2022-05-16,2022,5
CUB,0.09331385,2022-05-16,2022,5
CYP,-0.20799004,2022-05-16,2022,5
CZE,-1.8422645,2022-05-16,2022,5
COD,0.053497694,2022-05-16,2022,5
DNK,-1.700714,2022-05-16,2022,5
DJI,-0.97358066,2022-05-16,2022,5
DOM,0.20334505,2022-05-16,2022,5
TLS,-0.7429204,2022-05-16,2022,5
ECU,0.14731899,2022-05-16,2022,5
EGY,-0.4467092,2022-05-16,2022,5
SLV,0.24595554,2022-05-16,2022,5
GNQ,-0.3842091,2022-05-16,2022,5
ERI,-0.7532002,2022-05-16,2022,5
EST,-1.1767337,2022-05-16,2022,5
ETH,-0.23708062,2022-05-16,2022,5
FLK,0.733973,2022-05-16,2022,5
FRO,-0.30183724,2022-05-16,2022,5
FJI,0.86934155,2022-05-16,2022,5
FIN,-0.5388567,2022-05-16,2022,5
FRA,-1.3761699,2022-05-16,2022,5
PYF,-0.76410675,2022-05-16,2022,5
ATF,-1.0734409,2022-05-16,2022,5
GAB,-0.49275166,2022-05-16,2022,5
GMB,-0.19306895,2022-05-16,2022,5
GEO,0.45622218,2022-05-16,2022,5
DEU,-1.7135949,2022-05-16,2022,5
GHA,-0.33909848,2022-05-16,2022,5
GRC,-1.5477536,2022-05-16,2022,5
GRL,0.24946684,2022-05-16,2022,5
GTM,1.4275304,2022-05-16,2022,5
GIN,0.45767182,2022-05-16,2022,5
GNB,0.6032961,2022-05-16,2022,5
GUY,1.1933609,2022-05-16,2022,5
HTI,0.73019475,2022-05-16,2022,5
HND,0.94711035,2022-05-16,2022,5
HUN,-1.672583,2022-05-16,2022,5
ISL,1.6056536,2022-05-16,2022,5
IND,-0.3752295,2022-05-16,2022,5
IDN,-0.22989732,2022-05-16,2022,5
IRN,-1.2238567,2022-05-16,2022,5
IRQ,-1.0640429,2022-05-16,2022,5
IRL,-0.9731247,2022-05-16,2022,5
ISR,-0.14511293,2022-05-16,2022,5
ITA,-1.8572145,2022-05-16,2022,5
CIV,-0.2207918,2022-05-16,2022,5
JAM,1.0140123,2022-05-16,2022,5
JPN,-0.8976329,2022-05-16,2022,5
JOR,-0.16774154,2022-05-16,2022,5
KAZ,-0.34289747,2022-05-16,2022,5
KEN,0.7891202,2022-05-16,2022,5
XKX,-1.6308714,2022-05-16,2022,5
KWT,-1.6544921,2022-05-16,2022,5
KGZ,1.380452,2022-05-16,2022,5
LAO,1.164243,2022-05-16,2022,5
LVA,-1.0526805,2022-05-16,2022,5
LBN,-0.2067765,2022-05-16,2022,5
LSO,1.6443576,2022-05-16,2022,5
LBR,-0.40477493,2022-05-16,2022,5
LBY,-0.41625223,2022-05-16,2022,5
LTU,-0.79949945,2022-05-16,2022,5
LUX,-1.723245,2022-05-16,2022,5
MDG,0.07655061,2022-05-16,2022,5
MWI,0.46870226,2022-05-16,2022,5
MYS,0.9340427,2022-05-16,2022,5
MLI,-0.72071844,2022-05-16,2022,5
MRT,-0.8086153,2022-05-16,2022,5
MUS,1.9796188,2022-05-16,2022,5
MEX,-1.390278,2022-05-16,2022,5
MDA,-1.4458096,2022-05-16,2022,5
MNG,-1.9165255,2022-05-16,2022,5
MNE,-1.4838142,2022-05-16,2022,5
MAR,-0.6584547,2022-05-16,2022,5
MOZ,0.70726424,2022-05-16,2022,5
MMR,0.9272892,2022-05-16,2022,5
NAM,0.13775545,2022-05-16,2022,5
NPL,-0.24388984,2022-05-16,2022,5
NLD,-1.7226528,2022-05-16,2022,5
NCL,0.08234116,2022-05-16,2022,5
NZL,-0.74017435,2022-05-16,2022,5
NIC,1.1295153,2022-05-16,2022,5
NER,-0.5836041,2022-05-16,2022,5
NGA,-0.591195,2022-05-16,2022,5
PRK,-1.2504436,2022-05-16,2022,5
MKD,-1.7574737,2022-05-16,2022,5
NOR,-0.04048608,2022-05-16,2022,5
OMN,-1.1165745,2022-05-16,2022,5
PAK,-2.280154,2022-05-16,2022,5
PSE,0.021891654,2022-05-16,2022,5
PAN,0.7175167,2022-05-16,2022,5
PNG,-0.37849554,2022-05-16,2022,5
PRY,-0.13443424,2022-05-16,2022,5
PER,-0.53825426,2022-05-16,2022,5
PHL,1.5856425,2022-05-16,2022,5
POL,-1.7619749,2022-05-16,2022,5
PRT,-0.29491785,2022-05-16,2022,5
PRI,-0.43165186,2022-05-16,2022,5
QAT,-1.5095367,2022-05-16,2022,5
SRB,-1.5754385,2022-05-16,2022,5
COG,-0.07216306,2022-05-16,2022,5
ROU,-1.3800051,2022-05-16,2022,5
RUS,-0.26072648,2022-05-16,2022,5
RWA,-0.54550266,2022-05-16,2022,5
VCT,-0.44116506,2022-05-16,2022,5
WSM,-1.5545218,2022-05-16,2022,5
SAU,-1.1648942,2022-05-16,2022,5
SEN,-0.12376129,2022-05-16,2022,5
SIA,-0.43260378,2022-05-16,2022,5
SLE,-0.027272642,2022-05-16,2022,5
SVK,-1.8275614,2022-05-16,2022,5
SVN,-1.549556,2022-05-16,2022,5
SLB,0.002725708,2022-05-16,2022,5
SOM,0.4736477,2022-05-16,2022,5
SOL,-0.8268489,2022-05-16,2022,5
ZAF,0.75784206,2022-05-16,2022,5
SGS,-0.70121187,2022-05-16,2022,5
KOR,-1.823555,2022-05-16,2022,5
SSD,-0.3257912,2022-05-16,2022,5
ESP,-0.13203304,2022-05-16,2022,5
LKA,1.2441717,2022-05-16,2022,5
SDN,-0.5245123,2022-05-16,2022,5
SUR,0.664198,2022-05-16,2022,5
SWE,-0.6221818,2022-05-16,2022,5
CHE,-1.6023417,2022-05-16,2022,5
SYR,-0.12863843,2022-05-16,2022,5
TWN,0.37454224,2022-05-16,2022,5
TJK,0.893856,2022-05-16,2022,5
THA,1.4356791,2022-05-16,2022,5
BHS,-0.09176871,2022-05-16,2022,5
TGO,-0.37673968,2022-05-16,2022,5
TTO,0.06819372,2022-05-16,2022,5
TUN,-0.95851517,2022-05-16,2022,5
TUR,-0.6823607,2022-05-16,2022,5
TKM,-0.10016163,2022-05-16,2022,5
UGA,-0.6828186,2022-05-16,2022,5
UKR,-0.83408505,2022-05-16,2022,5
ARE,-1.4716568,2022-05-16,2022,5
GBR,-0.86300457,2022-05-16,2022,5
TZA,-0.72917634,2022-05-16,2022,5
VIR,-0.9012969,2022-05-16,2022,5
USA,-0.22873282,2022-05-16,2022,5
URY,0.1509515,2022-05-16,2022,5
UZB,0.044182688,2022-05-16,2022,5
VUT,-0.0033603115,2022-05-16,2022,5
VEN,0.018278405,2022-05-16,2022,5
VNM,0.94508004,2022-05-16,2022,5
ESH,-0.82015985,2022-05-16,2022,5
YEM,-0.19069053,2022-05-16,2022,5
ZMB,0.24360922,2022-05-16,2022,5
ZWE,0.29028958,2022-05-16,2022,5
SWZ,1.4837692,2022-05-16,2022,5
AFG,-1.4073628,2022-06-16,2022,6
ALA,-0.5866616,2022-06-16,2022,6
ALB,-1.3851284,2022-06-16,2022,6
DZA,-1.1116109,2022-06-16,2022,6
AGO,0.18971997,2022-06-16,2022,6
ARG,-0.79404914,2022-06-16,2022,6
ARM,-0.65023327,2022-06-16,2022,6
AUS,0.14195871,2022-06-16,2022,6
AUT,-0.98844314,2022-06-16,2022,6
AZE,-0.28806576,2022-06-16,2022,6
BGD,-0.5617813,2022-06-16,2022,6
BLR,-0.37838292,2022-06-16,2022,6
BEL,-1.2822473,2022-06-16,2022,6
BLZ,1.3812284,2022-06-16,2022,6
BEN,0.113705315,2022-06-16,2022,6
BTN,0.7932926,2022-06-16,2022,6
BOL,-1.5081615,2022-06-16,2022,6
BIH,-1.6762227,2022-06-16,2022,6
BWA,0.42734838,2022-06-16,2022,6
BRA,-0.46779945,2022-06-16,2022,6
BRN,0.950765,2022-06-16,2022,6
BGR,-0.9246959,2022-06-16,2022,6
BFA,-0.23379192,2022-06-16,2022,6
BDI,-1.0139848,2022-06-16,2022,6
CPV,-0.52903587,2022-06-16,2022,6
KHM,-0.16379099,2022-06-16,2022,6
CMR,0.13721727,2022-06-16,2022,6
CAN,-0.24115022,2022-06-16,2022,6
CAF,0.2276614,2022-06-16,2022,6
TCD,-0.27132657,2022-06-16,2022,6
CHL,-0.56167096,2022-06-16,2022,6
CHN,-0.30250505,2022-06-16,2022,6
COL,0.9855915,2022-06-16,2022,6
COM,0.8349938,2022-06-16,2022,6
CRI,1.2108954,2022-06-16,2022,6
HRV,-1.6928381,2022-06-16,2022,6
CUB,0.50703114,2022-06-16,2022,6
CYP,-0.8223863,2022-06-16,2022,6
CZE,-1.4513699,2022-06-16,2022,6
COD,0.18781778,2022-06-16,2022,6
DNK,-1.1128633,2022-06-16,2022,6
DJI,-1.4414955,2022-06-16,2022,6
DOM,-0.33038712,2022-06-16,2022,6
TLS,-1.0671257,2022-06-16,2022,6
ECU,0.68201256,2022-06-16,2022,6
EGY,-1.159102,2022-06-16,2022,6
SLV,0.18411756,2022-06-16,2022,6
GNQ,0.42810678,2022-06-16,2022,6
ERI,-0.74578124,2022-06-16,2022,6
EST,-0.6014031,2022-06-16,2022,6
ETH,0.1588421,2022-06-16,2022,6
FLK,-0.10384427,2022-06-16,2022,6
FRO,-0.29288122,2022-06-16,2022,6
FJI,-0.045495186,2022-06-16,2022,6
FIN,-0.40759212,2022-06-16,2022,6
FRA,-1.2321367,2022-06-16,2022,6
PYF,-0.22146212,2022-06-16,2022,6
ATF,-0.0715857,2022-06-16,2022,6
GAB,1.0652919,2022-06-16,2022,6
GMB,0.8583303,2022-06-16,2022,6
GEO,0.058388248,2022-06-16,2022,6
DEU,-1.4509403,2022-06-16,2022,6
GHA,0.06509537,2022-06-16,2022,6
GRC,-1.3882998,2022-06-16,2022,6
GRL,0.17683738,2022-06-16,2022,6
GTM,1.2955058,2022-06-16,2022,6
GIN,0.5967788,2022-06-16,2022,6
GNB,0.94676024,2022-06-16,2022,6
GUY,0.65299386,2022-06-16,2022,6
HTI,-0.3196923,2022-06-16,2022,6
HND,0.61211216,2022-06-16,2022,6
HUN,-1.8410151,2022-06-16,2022,6
ISL,0.80197126,2022-06-16,2022,6
IND,0.13072254,2022-06-16,2022,6
IDN,-0.0035512964,2022-06-16,2022,6
IRN,-1.129432,2022-06-16,2022,6
IRQ,-1.5301758,2022-06-16,2022,6
IRL,-0.022404116,2022-06-16,2022,6
ISR,-0.7856937,2022-06-16,2022,6
ITA,-1.9489021,2022-06-16,2022,6
CIV,0.020843355,2022-06-16,2022,6
JAM,0.7762865,2022-06-16,2022,6
JPN,-0.5924022,2022-06-16,2022,6
JOR,-0.7552368,2022-06-16,2022,6
KAZ,-0.9071431,2022-06-16,2022,6
KEN,1.1406454,2022-06-16,2022,6
XKX,-1.3216046,2022-06-16,2022,6
KWT,-1.6527332,2022-06-16,2022,6
KGZ,-0.1703472,2022-06-16,2022,6
LAO,0.2974758,2022-06-16,2022,6
LVA,-0.07623994,2022-06-16,2022,6
LBN,-1.5021076,2022-06-16,2022,6
LSO,1.9043249,2022-06-16,2022,6
LBR,-0.21360706,2022-06-16,2022,6
LBY,-1.262345,2022-06-16,2022,6
LTU,0.29013005,2022-06-16,2022,6
LUX,-1.2445858,2022-06-16,2022,6
MDG,-0.32847703,2022-06-16,2022,6
MWI,1.0149152,2022-06-16,2022,6
MYS,1.3151486,2022-06-16,2022,6
MLI,-0.23251763,2022-06-16,2022,6
MRT,-0.69155586,2022-06-16,2022,6
MUS,1.5098044,2022-06-16,2022,6
MEX,-0.7153062,2022-06-16,2022,6
MDA,-1.5703727,2022-06-16,2022,6
MNG,-1.7782491,2022-06-16,2022,6
MNE,-1.4102364,2022-06-16,2022,6
MAR,-1.0776281,2022-06-16,2022,6
MOZ,1.225829,2022-06-16,2022,6
MMR,0.79925925,2022-06-16,2022,6
NAM,-0.5312745,2022-06-16,2022,6
NPL,-0.10555333,2022-06-16,2022,6
NLD,-0.84523827,2022-06-16,2022,6
NCL,-0.208441,2022-06-16,2022,6
NZL,0.40606958,2022-06-16,2022,6
NIC,1.5473974,2022-06-16,2022,6
NER,-0.7535652,2022-06-16,2022,6
NGA,-0.29049757,2022-06-16,2022,6
PRK,0.86793786,2022-06-16,2022,6
MKD,-0.97477573,2022-06-16,2022,6
NOR,-0.106141955,2022-06-16,2022,6
OMN,-0.3987838,2022-06-16,2022,6
PAK,-0.74380726,2022-06-16,2022,6
PSE,-0.78355485,2022-06-16,2022,6
PAN,1.1478527,2022-06-16,2022,6
PNG,-0.19326904,2022-06-16,2022,6
PRY,-0.27244768,2022-06-16,2022,6
PER,-0.5938469,2022-06-16,2022,6
PHL,1.031222,2022-06-16,2022,6
POL,-1.5387777,2022-06-16,2022,6
PRT,-1.4383014,2022-06-16,2022,6
PRI,-1.0415045,2022-06-16,2022,6
QAT,-1.5815357,2022-06-16,2022,6
SRB,-1.596914,2022-06-16,2022,6
COG,1.505345,2022-06-16,2022,6
ROU,-1.6900166,2022-06-16,2022,6
RUS,-0.26161695,2022-06-16,2022,6
RWA,-0.8559847,2022-06-16,2022,6
VCT,0.019119482,2022-06-16,2022,6
WSM,-0.96366584,2022-06-16,2022,6
SAU,-1.5450482,2022-06-16,2022,6
SEN,0.7848416,2022-06-16,2022,6
SIA,0.8828204,2022-06-16,2022,6
SLE,-0.09116339,2022-06-16,2022,6
SVK,-1.9005023,2022-06-16,2022,6
SVN,-1.6745838,2022-06-16,2022,6
SLB,0.034936644,2022-06-16,2022,6
SOM,0.36043695,2022-06-16,2022,6
SOL,-1.1031269,2022-06-16,2022,6
ZAF,0.8470983,2022-06-16,2022,6
SGS,-0.94627595,2022-06-16,2022,6
KOR,-1.1934279,2022-06-16,2022,6
SSD,-0.30381593,2022-06-16,2022,6
ESP,-1.5817502,2022-06-16,2022,6
LKA,1.3923665,2022-06-16,2022,6
SDN,-0.6635843,2022-06-16,2022,6
SUR,0.24924913,2022-06-16,2022,6
SWE,-0.48166016,2022-06-16,2022,6
CHE,-1.2105515,2022-06-16,2022,6
SYR,-1.1062015,2022-06-16,2022,6
TWN,0.3979901,2022-06-16,2022,6
TJK,-0.010979467,2022-06-16,2022,6
THA,0.74247885,2022-06-16,2022,6
BHS,0.5064158,2022-06-16,2022,6
TGO,0.19532898,2022-06-16,2022,6
TTO,1.0471861,2022-06-16,2022,6
TUN,-1.756524,2022-06-16,2022,6
TUR,-0.5513494,2022-06-16,2022,6
TKM,-0.8337477,2022-06-16,2022,6
UGA,-0.36103174,2022-06-16,2022,6
UKR,-0.97066724,2022-06-16,2022,6
ARE,-1.1996325,2022-06-16,2022,6
GBR,-0.6733298,2022-06-16,2022,6
TZA,-0.54017895,2022-06-16,2022,6
VIR,-1.2364408,2022-06-16,2022,6
USA,-0.57125384,2022-06-16,2022,6
URY,-0.5418944,2022-06-16,2022,6
UZB,-0.78623646,2022-06-16,2022,6
VUT,0.036318902,2022-06-16,2022,6
VEN,0.27088875,2022-06-16,2022,6
VNM,0.6988303,2022-06-16,2022,6
ESH,-1.1750336,2022-06-16,2022,6
YEM,-0.24765044,2022-06-16,2022,6
ZMB,0.5467478,2022-06-16,2022,6
ZWE,0.9599146,2022-06-16,2022,6
SWZ,2.223289,2022-06-16,2022,6
AFG,-0.32871103,2022-07-16,2022,7
ALA,-0.3394015,2022-07-16,2022,7
ALB,-1.4980475,2022-07-16,2022,7
DZA,-1.4065824,2022-07-16,2022,7
AGO,-0.109165125,2022-07-16,2022,7
ARG,-1.02579,2022-07-16,2022,7
ARM,-0.6115132,2022-07-16,2022,7
AUS,0.07708339,2022-07-16,2022,7
AUT,-1.6506858,2022-07-16,2022,7
AZE,0.14462571,2022-07-16,2022,7
BGD,-1.5953009,2022-07-16,2022,7
BLR,-0.6621103,2022-07-16,2022,7
BEL,-1.9977127,2022-07-16,2022,7
BLZ,0.7448953,2022-07-16,2022,7
BEN,-0.15872046,2022-07-16,2022,7
BTN,-0.7503582,2022-07-16,2022,7
BOL,-1.218589,2022-07-16,2022,7
BIH,-2.1613314,2022-07-16,2022,7
BWA,-0.26264957,2022-07-16,2022,7
BRA,-0.59711665,2022-07-16,2022,7
BRN,0.45831746,2022-07-16,2022,7
BGR,-1.1521134,2022-07-16,2022,7
BFA,0.11363578,2022-07-16,2022,7
BDI,-1.2058842,2022-07-16,2022,7
CPV,-0.12311596,2022-07-16,2022,7
KHM,0.11884334,2022-07-16,2022,7
CMR,0.5001783,2022-07-16,2022,7
CAN,-0.33627728,2022-07-16,2022,7
CAF,0.7999892,2022-07-16,2022,7
TCD,-0.14942545,2022-07-16,2022,7
CHL,-0.4526411,2022-07-16,2022,7
CHN,-0.30483097,2022-07-16,2022,7
COL,0.8822617,2022-07-16,2022,7
COM,1.3158844,2022-07-16,2022,7
CRI,0.5914594,2022-07-16,2022,7
HRV,-2.139984,2022-07-16,2022,7
CUB,-0.053025447,2022-07-16,2022,7
CYP,-0.14723559,2022-07-16,2022,7
CZE,-1.8533167,2022-07-16,2022,7
COD,0.14215307,2022-07-16,2022,7
DNK,-1.3708105,2022-07-16,2022,7
DJI,-1.8254244,2022-07-16,2022,7
DOM,-0.34043792,2022-07-16,2022,7
TLS,-0.3441477,2022-07-16,2022,7
ECU,0.69000053,2022-07-16,2022,7
EGY,-0.8078412,2022-07-16,2022,7
SLV,0.0238798,2022-07-16,2022,7
GNQ,0.31120858,2022-07-16,2022,7
ERI,-0.275356,2022-07-16,2022,7
EST,-0.46800777,2022-07-16,2022,7
ETH,-0.4166426,2022-07-16,2022,7
FLK,-0.34459987,2022-07-16,2022,7
FRO,-0.05282913,2022-07-16,2022,7
FJI,-0.5215566,2022-07-16,2022,7
FIN,0.24386053,2022-07-16,2022,7
FRA,-1.7607876,2022-07-16,2022,7
PYF,-0.08078926,2022-07-16,2022,7
ATF,0.14154787,2022-07-16,2022,7
GAB,1.2540967,2022-07-16,2022,7
GMB,1.2788067,2022-07-16,2022,7
GEO,-0.059740078,2022-07-16,2022,7
DEU,-1.9269768,2022-07-16,2022,7
GHA,-0.0685821,2022-07-16,2022,7
GRC,-0.8591884,2022-07-16,2022,7
GRL,0.25596768,2022-07-16,2022,7
GTM,0.47751316,2022-07-16,2022,7
GIN,0.43175378,2022-07-16,2022,7
GNB,0.9334478,2022-07-16,2022,7
GUY,1.150805,2022-07-16,2022,7
HTI,-0.92005885,2022-07-16,2022,7
HND,0.22850887,2022-07-16,2022,7
HUN,-2.3706374,2022-07-16,2022,7
ISL,1.3396834,2022-07-16,2022,7
IND,0.83065826,2022-07-16,2022,7
IDN,0.38224193,2022-07-16,2022,7
IRN,-0.8663156,2022-07-16,2022,7
IRQ,-1.1259515,2022-07-16,2022,7
IRL,-0.82543385,2022-07-16,2022,7
ISR,0.09541796,2022-07-16,2022,7
ITA,-2.1757264,2022-07-16,2022,7
CIV,0.24510048,2022-07-16,2022,7
JAM,-0.3700539,2022-07-16,2022,7
JPN,0.028026957,2022-07-16,2022,7
JOR,-0.0109067205,2022-07-16,2022,7
KAZ,-0.54812974,2022-07-16,2022,7
KEN,0.55850154,2022-07-16,2022,7
XKX,-1.8123837,2022-07-16,2022,7
KWT,-1.5248317,2022-07-16,2022,7
KGZ,-0.05104475,2022-07-16,2022,7
LAO,-0.16853942,2022-07-16,2022,7
LVA,0.09111251,2022-07-16,2022,7
LBN,-0.24315614,2022-07-16,2022,7
LSO,0.57514703,2022-07-16,2022,7
LBR,-0.02190765,2022-07-16,2022,7
LBY,-1.2885814,2022-07-16,2022,7
LTU,0.4805066,2022-07-16,2022,7
LUX,-2.0409846,2022-07-16,2022,7
MDG,-0.9727826,2022-07-16,2022,7
MWI,-0.00049522903,2022-07-16,2022,7
MYS,0.7815734,2022-07-16,2022,7
MLI,0.02832587,2022-07-16,2022,7
MRT,-0.36576533,2022-07-16,2022,7
MUS,-1.2994545,2022-07-16,2022,7
MEX,-1.0094742,2022-07-16,2022,7
MDA,-1.9923278,2022-07-16,2022,7
MNG,-1.4745411,2022-07-16,2022,7
MNE,-2.0019329,2022-07-16,2022,7
MAR,-1.4135461,2022-07-16,2022,7
MOZ,0.4225828,2022-07-16,2022,7
MMR,-0.20793657,2022-07-16,2022,7
NAM,-0.7554932,2022-07-16,2022,7
NPL,-0.2329765,2022-07-16,2022,7
NLD,-1.6871744,2022-07-16,2022,7
NCL,0.7184941,2022-07-16,2022,7
NZL,1.4054723,2022-07-16,2022,7
NIC,0.9720442,2022-07-16,2022,7
NER,-0.4109479,2022-07-16,2022,7
NGA,-0.04119424,2022-07-16,2022,7
PRK,1.059302,2022-07-16,2022,7
MKD,-1.0493096,2022-07-16,2022,7
NOR,0.39810318,2022-07-16,2022,7
OMN,-0.29328766,2022-07-16,2022,7
PAK,1.7966594,2022-07-16,2022,7
PSE,0.07789857,2022-07-16,2022,7
PAN,0.6258471,2022-07-16,2022,7
PNG,-0.05148806,2022-07-16,2022,7
PRY,-0.9714072,2022-07-16,2022,7
PER,-0.50305986,2022-07-16,2022,7
PHL,0.35886535,2022-07-16,2022,7
POL,-1.5597976,2022-07-16,2022,7
PRT,-2.084443,2022-07-16,2022,7
PRI,-0.49597147,2022-07-16,2022,7
QAT,-1.5898699,2022-07-16,2022,7
SRB,-2.1497705,2022-07-16,2022,7
COG,1.4594433,2022-07-16,2022,7
ROU,-2.2925277,2022-07-16,2022,7
RUS,-0.22024195,2022-07-16,2022,7
RWA,-0.6503949,2022-07-16,2022,7
VCT,0.28225842,2022-07-16,2022,7
WSM,0.10522864,2022-07-16,2022,7
SAU,-1.0339503,2022-07-16,2022,7
SEN,0.8827394,2022-07-16,2022,7
SIA,1.5143553,2022-07-16,2022,7
SLE,0.0034704998,2022-07-16,2022,7
SVK,-2.2300773,2022-07-16,2022,7
SVN,-2.098351,2022-07-16,2022,7
SLB,0.055094816,2022-07-16,2022,7
SOM,-0.4261156,2022-07-16,2022,7
SOL,-1.4522167,2022-07-16,2022,7
ZAF,0.1972344,2022-07-16,2022,7
SGS,-1.3218113,2022-07-16,2022,7
KOR,-0.9097643,2022-07-16,2022,7
SSD,-0.10913409,2022-07-16,2022,7
ESP,-2.296902,2022-07-16,2022,7
LKA,0.99927384,2022-07-16,2022,7
SDN,-0.12579116,2022-07-16,2022,7
SUR,1.1440353,2022-07-16,2022,7
SWE,0.0057250652,2022-07-16,2022,7
CHE,-2.095388,2022-07-16,2022,7
SYR,0.07123883,2022-07-16,2022,7
TWN,0.107344404,2022-07-16,2022,7
TJK,0.5386774,2022-07-16,2022,7
THA,1.0465363,2022-07-16,2022,7
BHS,0.37070355,2022-07-16,2022,7
TGO,-0.2168489,2022-07-16,2022,7
TTO,0.81548727,2022-07-16,2022,7
TUN,-1.9351078,2022-07-16,2022,7
TUR,0.30697128,2022-07-16,2022,7
TKM,-0.31727648,2022-07-16,2022,7
UGA,-0.09115142,2022-07-16,2022,7
UKR,-1.4159477,2022-07-16,2022,7
ARE,-1.1671512,2022-07-16,2022,7
GBR,-1.2294563,2022-07-16,2022,7
TZA,-0.26942983,2022-07-16,2022,7
VIR,-1.0440398,2022-07-16,2022,7
USA,-0.38696155,2022-07-16,2022,7
URY,-0.78559846,2022-07-16,2022,7
UZB,-0.29955447,2022-07-16,2022,7
VUT,-0.005970571,2022-07-16,2022,7
VEN,0.03386188,2022-07-16,2022,7
VNM,0.05988204,2022-07-16,2022,7
ESH,-1.339899,2022-07-16,2022,7
YEM,-0.07114278,2022-07-16,2022,7
ZMB,0.5156222,2022-07-16,2022,7
ZWE,0.4947248,2022-07-16,2022,7
SWZ,0.9897295,2022-07-16,2022,7
AFG,-0.19454226,2022-08-16,2022,8
ALA,-0.74744,2022-08-16,2022,8
ALB,-0.74546903,2022-08-16,2022,8
DZA,-1.2463017,2022-08-16,2022,8
AGO,-0.2903286,2022-08-16,2022,8
ARG,-0.96327233,2022-08-16,2022,8
ARM,-1.6455917,2022-08-16,2022,8
AUS,-0.036313932,2022-08-16,2022,8
AUT,-1.5799928,2022-08-16,2022,8
AZE,-1.6396345,2022-08-16,2022,8
BGD,-2.4589968,2022-08-16,2022,8
BLR,-1.446561,2022-08-16,2022,8
BEL,-2.201621,2022-08-16,2022,8
BLZ,2.0098648,2022-08-16,2022,8
BEN,0.39662978,2022-08-16,2022,8
BTN,-1.7774485,2022-08-16,2022,8
BOL,-0.7062051,2022-08-16,2022,8
BIH,-1.9838078,2022-08-16,2022,8
BWA,-0.49341276,2022-08-16,2022,8
BRA,-0.32314965,2022-08-16,2022,8
BRN,1.0243263,2022-08-16,2022,8
BGR,-0.31778377,2022-08-16,2022,8
BFA,0.6762563,2022-08-16,2022,8
BDI,1.3153003,2022-08-16,2022,8
CPV,-0.1551559,2022-08-16,2022,8
KHM,0.80879563,2022-08-16,2022,8
CMR,0.55621713,2022-08-16,2022,8
CAN,-0.49960575,2022-08-16,2022,8
CAF,0.383274,2022-08-16,2022,8
TCD,-0.03125741,2022-08-16,2022,8
CHL,-0.5218617,2022-08-16,2022,8
CHN,-0.44290212,2022-08-16,2022,8
COL,0.98180544,2022-08-16,2022,8
COM,1.423784,2022-08-16,2022,8
CRI,0.051659726,2022-08-16,2022,8
HRV,-1.9516517,2022-08-16,2022,8
CUB,-0.29017165,2022-08-16,2022,8
CYP,0.14589797,2022-08-16,2022,8
CZE,-1.5092013,2022-08-16,2022,8
COD,0.16278915,2022-08-16,2022,8
DNK,-1.7653584,2022-08-16,2022,8
DJI,-0.2431288,2022-08-16,2022,8
DOM,-0.09582098,2022-08-16,2022,8
TLS,0.13336654,2022-08-16,2022,8
ECU,0.9856122,2022-08-16,2022,8
EGY,-1.1588706,2022-08-16,2022,8
SLV,-0.13255616,2022-08-16,2022,8
GNQ,0.38845855,2022-08-16,2022,8
ERI,0.81731033,2022-08-16,2022,8
EST,-0.88894475,2022-08-16,2022,8
ETH,0.14699616,2022-08-16,2022,8
FLK,-0.7582308,2022-08-16,2022,8
FRO,-0.24217169,2022-08-16,2022,8
FJI,-0.5691471,2022-08-16,2022,8
FIN,-0.07607924,2022-08-16,2022,8
FRA,-1.5561604,2022-08-16,2022,8
PYF,1.0464351,2022-08-16,2022,8
ATF,0.1431267,2022-08-16,2022,8
GAB,1.7295053,2022-08-16,2022,8
GMB,0.79626286,2022-08-16,2022,8
GEO,-1.0917962,2022-08-16,2022,8
DEU,-1.9975308,2022-08-16,2022,8
GHA,0.100251,2022-08-16,2022,8
GRC,0.34399155,2022-08-16,2022,8
GRL,0.21317162,2022-08-16,2022,8
GTM,0.11737557,2022-08-16,2022,8
GIN,0.4309892,2022-08-16,2022,8
GNB,0.51719993,2022-08-16,2022,8
GUY,0.7569723,2022-08-16,2022,8
HTI,-1.8026221,2022-08-16,2022,8
HND,-0.10822904,2022-08-16,2022,8
HUN,-1.9987793,2022-08-16,2022,8
ISL,0.65096444,2022-08-16,2022,8
IND,0.62188673,2022-08-16,2022,8
IDN,1.0497899,2022-08-16,2022,8
IRN,-1.2480041,2022-08-16,2022,8
IRQ,-1.8034618,2022-08-16,2022,8
IRL,-1.741382,2022-08-16,2022,8
ISR,-0.25169456,2022-08-16,2022,8
ITA,-1.985986,2022-08-16,2022,8
CIV,0.61054945,2022-08-16,2022,8
JAM,0.18770191,2022-08-16,2022,8
JPN,0.63574183,2022-08-16,2022,8
JOR,-0.49469018,2022-08-16,2022,8
KAZ,-1.0810615,2022-08-16,2022,8
KEN,0.9573474,2022-08-16,2022,8
XKX,-1.3362538,2022-08-16,2022,8
KWT,-1.7572747,2022-08-16,2022,8
KGZ,-1.0057368,2022-08-16,2022,8
LAO,0.23282713,2022-08-16,2022,8
LVA,-0.73731655,2022-08-16,2022,8
LBN,-0.31547254,2022-08-16,2022,8
LSO,0.12071732,2022-08-16,2022,8
LBR,0.06168712,2022-08-16,2022,8
LBY,-1.4370785,2022-08-16,2022,8
LTU,-0.6602607,2022-08-16,2022,8
LUX,-2.191316,2022-08-16,2022,8
MDG,-0.93231875,2022-08-16,2022,8
MWI,0.8700494,2022-08-16,2022,8
MYS,0.6773746,2022-08-16,2022,8
MLI,0.33220562,2022-08-16,2022,8
MRT,-0.07219413,2022-08-16,2022,8
MUS,-1.3002232,2022-08-16,2022,8
MEX,-0.2556674,2022-08-16,2022,8
MDA,-1.5799397,2022-08-16,2022,8
MNG,-1.0723222,2022-08-16,2022,8
MNE,-1.8183584,2022-08-16,2022,8
MAR,-0.66486907,2022-08-16,2022,8
MOZ,0.39048174,2022-08-16,2022,8
MMR,-0.7567826,2022-08-16,2022,8
NAM,-0.48594463,2022-08-16,2022,8
NPL,-0.7160115,2022-08-16,2022,8
NLD,-2.0748408,2022-08-16,2022,8
NCL,2.2121181,2022-08-16,2022,8
NZL,1.5287448,2022-08-16,2022,8
NIC,0.4387496,2022-08-16,2022,8
NER,0.37338537,2022-08-16,2022,8
NGA,0.73804265,2022-08-16,2022,8
PRK,1.5018492,2022-08-16,2022,8
MKD,-0.19683832,2022-08-16,2022,8
NOR,0.18795854,2022-08-16,2022,8
OMN,-0.2128056,2022-08-16,2022,8
PAK,2.1709323,2022-08-16,2022,8
PSE,-0.33505693,2022-08-16,2022,8
PAN,0.59561485,2022-08-16,2022,8
PNG,0.059015483,2022-08-16,2022,8
PRY,-1.0607619,2022-08-16,2022,8
PER,-0.32838556,2022-08-16,2022,8
PHL,0.013392944,2022-08-16,2022,8
POL,-1.4651623,2022-08-16,2022,8
PRT,-2.0479355,2022-08-16,2022,8
PRI,0.53613716,2022-08-16,2022,8
QAT,-1.7303057,2022-08-16,2022,8
SRB,-1.8785559,2022-08-16,2022,8
COG,1.2669045,2022-08-16,2022,8
ROU,-1.8313557,2022-08-16,2022,8
RUS,-0.14945267,2022-08-16,2022,8
RWA,2.0693865,2022-08-16,2022,8
VCT,0.8871925,2022-08-16,2022,8
WSM,0.34029993,2022-08-16,2022,8
SAU,-1.3397254,2022-08-16,2022,8
SEN,0.5812095,2022-08-16,2022,8
SIA,1.7052158,2022-08-16,2022,8
SLE,-0.1139847,2022-08-16,2022,8
SVK,-1.6324028,2022-08-16,2022,8
SVN,-2.005897,2022-08-16,2022,8
SLB,0.037519194,2022-08-16,2022,8
SOM,-0.24887286,2022-08-16,2022,8
SOL,-0.77110356,2022-08-16,2022,8
ZAF,-0.11392901,2022-08-16,2022,8
SGS,-1.429667,2022-08-16,2022,8
KOR,0.1768706,2022-08-16,2022,8
SSD,0.31620798,2022-08-16,2022,8
ESP,-1.9628989,2022-08-16,2022,8
LKA,0.7924475,2022-08-16,2022,8
SDN,0.24633762,2022-08-16,2022,8
SUR,1.5981567,2022-08-16,2022,8
SWE,-0.16676056,2022-08-16,2022,8
CHE,-1.7384884,2022-08-16,2022,8
SYR,-1.0469007,2022-08-16,2022,8
TWN,-0.8015028,2022-08-16,2022,8
TJK,-0.40526652,2022-08-16,2022,8
THA,0.857555,2022-08-16,2022,8
BHS,0.06969428,2022-08-16,2022,8
TGO,0.24373634,2022-08-16,2022,8
TTO,1.4376314,2022-08-16,2022,8
TUN,-1.9834768,2022-08-16,2022,8
TUR,0.4020351,2022-08-16,2022,8
TKM,-1.7843468,2022-08-16,2022,8
UGA,1.7667869,2022-08-16,2022,8
UKR,-1.1830959,2022-08-16,2022,8
ARE,-0.9582005,2022-08-16,2022,8
GBR,-1.8307226,2022-08-16,2022,8
TZA,0.5853051,2022-08-16,2022,8
VIR,0.26224956,2022-08-16,2022,8
USA,-0.22614074,2022-08-16,2022,8
URY,-0.6299245,2022-08-16,2022,8
UZB,-1.4889064,2022-08-16,2022,8
VUT,-0.052117184,2022-08-16,2022,8
VEN,-0.04211186,2022-08-16,2022,8
VNM,-0.4448648,2022-08-16,2022,8
ESH,-0.92025673,2022-08-16,2022,8
YEM,0.12810399,2022-08-16,2022,8
ZMB,0.5066612,2022-08-16,2022,8
ZWE,0.32613716,2022-08-16,2022,8
SWZ,-0.858709,2022-08-16,2022,8
AFG,-0.5173758,2022-09-16,2022,9
ALA,-0.766339,2022-09-16,2022,9
ALB,-0.070883,2022-09-16,2022,9
DZA,-1.3072402,2022-09-16,2022,9
AGO,-0.061994515,2022-09-16,2022,9
ARG,-0.85996556,2022-09-16,2022,9
ARM,-1.5909979,2022-09-16,2022,9
AUS,0.4401861,2022-09-16,2022,9
AUT,-0.94243985,2022-09-16,2022,9
AZE,-1.0768611,2022-09-16,2022,9
BGD,-2.1544118,2022-09-16,2022,9
BLR,-0.71315145,2022-09-16,2022,9
BEL,-1.777566,2022-09-16,2022,9
BLZ,2.254896,2022-09-16,2022,9
BEN,0.3994148,2022-09-16,2022,9
BTN,-2.174396,2022-09-16,2022,9
BOL,-0.9170371,2022-09-16,2022,9
BIH,-0.48420885,2022-09-16,2022,9
BWA,-1.073558,2022-09-16,2022,9
BRA,-0.5127583,2022-09-16,2022,9
BRN,0.8118452,2022-09-16,2022,9
BGR,-0.27878907,2022-09-16,2022,9
BFA,1.2509121,2022-09-16,2022,9
BDI,1.2361362,2022-09-16,2022,9
CPV,-0.059399176,2022-09-16,2022,9
KHM,2.1469235,2022-09-16,2022,9
CMR,0.29876295,2022-09-16,2022,9
CAN,-0.4167266,2022-09-16,2022,9
CAF,0.6476038,2022-09-16,2022,9
TCD,0.12368576,2022-09-16,2022,9
CHL,-0.46859822,2022-09-16,2022,9
CHN,-0.783152,2022-09-16,2022,9
COL,0.5278927,2022-09-16,2022,9
COM,2.432372,2022-09-16,2022,9
CRI,-0.64173687,2022-09-16,2022,9
HRV,-0.5862648,2022-09-16,2022,9
CUB,-0.83723783,2022-09-16,2022,9
CYP,-0.54291576,2022-09-16,2022,9
CZE,-0.95474094,2022-09-16,2022,9
COD,0.24807045,2022-09-16,2022,9
DNK,-1.196524,2022-09-16,2022,9
DJI,-0.1530706,2022-09-16,2022,9
DOM,-0.13480413,2022-09-16,2022,9
TLS,0.30504125,2022-09-16,2022,9
ECU,-0.050235126,2022-09-16,2022,9
EGY,-1.5038356,2022-09-16,2022,9
SLV,0.005872548,2022-09-16,2022,9
GNQ,-0.39340246,2022-09-16,2022,9
ERI,0.83688605,2022-09-16,2022,9
EST,-0.97855484,2022-09-16,2022,9
ETH,0.057312664,2022-09-16,2022,9
FLK,-0.971671,2022-09-16,2022,9
FRO,-0.16421135,2022-09-16,2022,9
FJI,-0.753956,2022-09-16,2022,9
FIN,-0.13438249,2022-09-16,2022,9
FRA,-1.4016685,2022-09-16,2022,9
PYF,1.0929762,2022-09-16,2022,9
ATF,-0.7070992,2022-09-16,2022,9
GAB,0.079334915,2022-09-16,2022,9
GMB,0.9824675,2022-09-16,2022,9
GEO,-0.96084505,2022-09-16,2022,9
DEU,-1.3776726,2022-09-16,2022,9
GHA,0.5176786,2022-09-16,2022,9
GRC,0.004119477,2022-09-16,2022,9
GRL,0.4083162,2022-09-16,2022,9
GTM,0.57418454,2022-09-16,2022,9
GIN,0.16204171,2022-09-16,2022,9
GNB,0.7009237,2022-09-16,2022,9
GUY,1.1181246,2022-09-16,2022,9
HTI,-1.7860953,2022-09-16,2022,9
HND,0.04115795,2022-09-16,2022,9
HUN,-0.5570156,2022-09-16,2022,9
ISL,0.16733035,2022-09-16,2022,9
IND,0.68343633,2022-09-16,2022,9
IDN,1.1856993,2022-09-16,2022,9
IRN,-1.0332136,2022-09-16,2022,9
IRQ,-1.7284429,2022-09-16,2022,9
IRL,-1.2166443,2022-09-16,2022,9
ISR,-0.6384403,2022-09-16,2022,9
ITA,-1.0181046,2022-09-16,2022,9
CIV,0.71667016,2022-09-16,2022,9
JAM,0.017328465,2022-09-16,2022,9
JPN,0.63366634,2022-09-16,2022,9
JOR,-0.7665313,2022-09-16,2022,9
KAZ,-1.3925599,2022-09-16,2022,9
KEN,1.7843568,2022-09-16,2022,9
XKX,-0.035645586,2022-09-16,2022,9
KWT,-1.5345896,2022-09-16,2022,9
KGZ,-1.2180061,2022-09-16,2022,9
LAO,0.93861985,2022-09-16,2022,9
LVA,-1.0015535,2022-09-16,2022,9
LBN,-0.7757416,2022-09-16,2022,9
LSO,-0.70575094,2022-09-16,2022,9
LBR,0.0184517,2022-09-16,2022,9
LBY,-1.4155667,2022-09-16,2022,9
LTU,-0.83993006,2022-09-16,2022,9
LUX,-1.6244737,2022-09-16,2022,9
MDG,-0.7112489,2022-09-16,2022,9
MWI,0.44605657,2022-09-16,2022,9
MYS,0.14889182,2022-09-16,2022,9
MLI,0.4136589,2022-09-16,2022,9
MRT,0.15041618,2022-09-16,2022,9
MUS,-1.2764076,2022-09-16,2022,9
MEX,0.053515546,2022-09-16,2022,9
MDA,-0.3073587,2022-09-16,2022,9
MNG,-1.3375282,2022-09-16,2022,9
MNE,-0.02622512,2022-09-16,2022,9
MAR,-0.523269,2022-09-16,2022,9
MOZ,-0.27569836,2022-09-16,2022,9
MMR,-0.7726423,2022-09-16,2022,9
NAM,-0.85960674,2022-09-16,2022,9
NPL,-0.49193522,2022-09-16,2022,9
NLD,-1.6341832,2022-09-16,2022,9
NCL,2.3119495,2022-09-16,2022,9
NZL,1.1067729,2022-09-16,2022,9
NIC,-0.39250433,2022-09-16,2022,9
NER,0.51725876,2022-09-16,2022,9
NGA,0.64061195,2022-09-16,2022,9
PRK,0.6460431,2022-09-16,2022,9
MKD,-0.11278713,2022-09-16,2022,9
NOR,-0.04862674,2022-09-16,2022,9
OMN,-0.53874284,2022-09-16,2022,9
PAK,1.9538058,2022-09-16,2022,9
PSE,-0.61964387,2022-09-16,2022,9
PAN,-0.039752692,2022-09-16,2022,9
PNG,0.5025184,2022-09-16,2022,9
PRY,-0.8185253,2022-09-16,2022,9
PER,-0.8190456,2022-09-16,2022,9
PHL,-0.15006627,2022-09-16,2022,9
POL,-0.6561883,2022-09-16,2022,9
PRT,-1.586808,2022-09-16,2022,9
PRI,0.7004519,2022-09-16,2022,9
QAT,-1.3991655,2022-09-16,2022,9
SRB,-0.28018117,2022-09-16,2022,9
COG,0.4171691,2022-09-16,2022,9
ROU,-0.24758582,2022-09-16,2022,9
RUS,0.00023435395,2022-09-16,2022,9
RWA,1.9101055,2022-09-16,2022,9
VCT,0.57729477,2022-09-16,2022,9
WSM,0.12294542,2022-09-16,2022,9
SAU,-1.126333,2022-09-16,2022,9
SEN,0.77821076,2022-09-16,2022,9
SIA,1.0879434,2022-09-16,2022,9
SLE,-0.18233956,2022-09-16,2022,9
SVK,-0.29781768,2022-09-16,2022,9
SVN,-0.6257554,2022-09-16,2022,9
SLB,0.035438646,2022-09-16,2022,9
SOM,0.13969918,2022-09-16,2022,9
SOL,0.06491205,2022-09-16,2022,9
ZAF,-0.95442015,2022-09-16,2022,9
SGS,-1.53157,2022-09-16,2022,9
KOR,-0.023153221,2022-09-16,2022,9
SSD,0.35902303,2022-09-16,2022,9
ESP,-1.4498595,2022-09-16,2022,9
LKA,-0.17689005,2022-09-16,2022,9
SDN,0.3654968,2022-09-16,2022,9
SUR,1.2176577,2022-09-16,2022,9
SWE,-0.19147955,2022-09-16,2022,9
CHE,-1.2895849,2022-09-16,2022,9
SYR,-1.2997411,2022-09-16,2022,9
TWN,-0.9171876,2022-09-16,2022,9
TJK,-0.93303674,2022-09-16,2022,9
THA,1.6886009,2022-09-16,2022,9
BHS,-0.71187115,2022-09-16,2022,9
TGO,0.44135723,2022-09-16,2022,9
TTO,0.56352764,2022-09-16,2022,9
TUN,-1.8928494,2022-09-16,2022,9
TUR,-0.6386491,2022-09-16,2022,9
TKM,-1.9669969,2022-09-16,2022,9
UGA,1.560442,2022-09-16,2022,9
UKR,0.29260126,2022-09-16,2022,9
ARE,0.027385758,2022-09-16,2022,9
GBR,-1.3775737,2022-09-16,2022,9
TZA,0.5505338,2022-09-16,2022,9
VIR,0.33068553,2022-09-16,2022,9
USA,0.012523782,2022-09-16,2022,9
URY,-0.8286868,2022-09-16,2022,9
UZB,-1.8655416,2022-09-16,2022,9
VUT,0.035295494,2022-09-16,2022,9
VEN,-0.14664486,2022-09-16,2022,9
VNM,0.033653043,2022-09-16,2022,9
ESH,-0.59700066,2022-09-16,2022,9
YEM,0.20593995,2022-09-16,2022,9
ZMB,-0.045225613,2022-09-16,2022,9
ZWE,-0.5029482,2022-09-16,2022,9
SWZ,-0.5091282,2022-09-16,2022,9
AFG,-0.62914985,2022-10-16,2022,10
ALA,-0.7970281,2022-10-16,2022,10
ALB,-0.8184433,2022-10-16,2022,10
DZA,-1.2473701,2022-10-16,2022,10
AGO,0.22078562,2022-10-16,2022,10
ARG,-1.1586682,2022-10-16,2022,10
ARM,-1.2291186,2022-10-16,2022,10
AUS,1.0294799,2022-10-16,2022,10
AUT,-0.37920272,2022-10-16,2022,10
AZE,-0.79061985,2022-10-16,2022,10
BGD,-0.8818627,2022-10-16,2022,10
BLR,-0.5870499,2022-10-16,2022,10
BEL,-1.2296033,2022-10-16,2022,10
BLZ,1.679151,2022-10-16,2022,10
BEN,0.773836,2022-10-16,2022,10
BTN,-1.2647158,2022-10-16,2022,10
BOL,-0.60219955,2022-10-16,2022,10
BIH,-0.73141307,2022-10-16,2022,10
BWA,-1.0772023,2022-10-16,2022,10
BRA,-0.36415625,2022-10-16,2022,10
BRN,1.4030735,2022-10-16,2022,10
BGR,-0.77168757,2022-10-16,2022,10
BFA,1.2484869,2022-10-16,2022,10
BDI,0.50895387,2022-10-16,2022,10
CPV,-0.059454296,2022-10-16,2022,10
KHM,1.658893,2022-10-16,2022,10
CMR,0.31237528,2022-10-16,2022,10
CAN,-0.4559441,2022-10-16,2022,10
CAF,0.20666654,2022-10-16,2022,10
TCD,0.039431002,2022-10-16,2022,10
CHL,-0.9389431,2022-10-16,2022,10
CHN,-0.7283038,2022-10-16,2022,10
COL,0.4922564,2022-10-16,2022,10
COM,-0.8035298,2022-10-16,2022,10
CRI,-0.70966095,2022-10-16,2022,10
HRV,-0.7170661,2022-10-16,2022,10
CUB,-0.9549576,2022-10-16,2022,10
CYP,-0.42201638,2022-10-16,2022,10
CZE,-0.55649424,2022-10-16,2022,10
COD,0.17196727,2022-10-16,2022,10
DNK,-1.0086442,2022-10-16,2022,10
DJI,-0.19894168,2022-10-16,2022,10
DOM,-0.87041444,2022-10-16,2022,10
TLS,-0.06506889,2022-10-16,2022,10
ECU,-0.3304349,2022-10-16,2022,10
EGY,-1.25099,2022-10-16,2022,10
SLV,0.028602464,2022-10-16,2022,10
GNQ,0.7315301,2022-10-16,2022,10
ERI,0.97476226,2022-10-16,2022,10
EST,-1.1280458,2022-10-16,2022,10
ETH,0.34652558,2022-10-16,2022,10
FLK,-1.6776007,2022-10-16,2022,10
FRO,-0.036025733,2022-10-16,2022,10
FJI,0.7185207,2022-10-16,2022,10
FIN,-0.66359735,2022-10-16,2022,10
FRA,-0.9460417,2022-10-16,2022,10
PYF,0.4326915,2022-10-16,2022,10
ATF,-0.9189963,2022-10-16,2022,10
GAB,0.095292695,2022-10-16,2022,10
GMB,0.78819436,2022-10-16,2022,10
GEO,-0.5546122,2022-10-16,2022,10
DEU,-0.9352774,2022-10-16,2022,10
GHA,0.5809349,2022-10-16,2022,10
GRC,-0.9128177,2022-10-16,2022,10
GRL,0.7325534,2022-10-16,2022,10
GTM,0.3662803,2022-10-16,2022,10
GIN,0.54221725,2022-10-16,2022,10
GNB,0.9140322,2022-10-16,2022,10
GUY,0.9527192,2022-10-16,2022,10
HTI,-1.8934581,2022-10-16,2022,10
HND,-0.1569102,2022-10-16,2022,10
HUN,-0.14048414,2022-10-16,2022,10
ISL,0.2002732,2022-10-16,2022,10
IND,0.542171,2022-10-16,2022,10
IDN,1.3796443,2022-10-16,2022,10
IRN,-1.4074943,2022-10-16,2022,10
IRQ,-1.8314663,2022-10-16,2022,10
IRL,0.1886576,2022-10-16,2022,10
ISR,-0.36693442,2022-10-16,2022,10
ITA,-0.9570026,2022-10-16,2022,10
CIV,0.49829984,2022-10-16,2022,10
JAM,0.2419075,2022-10-16,2022,10
JPN,0.13365299,2022-10-16,2022,10
JOR,-0.6447753,2022-10-16,2022,10
KAZ,-1.5992131,2022-10-16,2022,10
KEN,1.2844782,2022-10-16,2022,10
XKX,-0.5081648,2022-10-16,2022,10
KWT,-1.7288557,2022-10-16,2022,10
KGZ,0.11929126,2022-10-16,2022,10
LAO,0.91706306,2022-10-16,2022,10
LVA,-1.3719083,2022-10-16,2022,10
LBN,-0.6867352,2022-10-16,2022,10
LSO,-1.1869491,2022-10-16,2022,10
LBR,-0.1427156,2022-10-16,2022,10
LBY,-1.284029,2022-10-16,2022,10
LTU,-1.4638809,2022-10-16,2022,10
LUX,-0.80856603,2022-10-16,2022,10
MDG,-0.71648026,2022-10-16,2022,10
MWI,-0.07767029,2022-10-16,2022,10
MYS,0.66777235,2022-10-16,2022,10
MLI,0.5835691,2022-10-16,2022,10
MRT,0.15197296,2022-10-16,2022,10
MUS,-2.0141082,2022-10-16,2022,10
MEX,0.40990096,2022-10-16,2022,10
MDA,-0.13273473,2022-10-16,2022,10
MNG,-1.4561924,2022-10-16,2022,10
MNE,-0.52605146,2022-10-16,2022,10
MAR,-0.6931572,2022-10-16,2022,10
MOZ,-0.38307348,2022-10-16,2022,10
MMR,-0.12727691,2022-10-16,2022,10
NAM,-0.5449324,2022-10-16,2022,10
NPL,-0.21487144,2022-10-16,2022,10
NLD,-1.4882942,2022-10-16,2022,10
NCL,1.9453646,2022-10-16,2022,10
NZL,0.49136403,2022-10-16,2022,10
NIC,-0.15644974,2022-10-16,2022,10
NER,0.5282561,2022-10-16,2022,10
NGA,0.6431128,2022-10-16,2022,10
PRK,0.9746581,2022-10-16,2022,10
MKD,-0.7333946,2022-10-16,2022,10
NOR,-0.13513385,2022-10-16,2022,10
OMN,-0.790489,2022-10-16,2022,10
PAK,1.0574744,2022-10-16,2022,10
PSE,-0.19512983,2022-10-16,2022,10
PAN,-0.41305333,2022-10-16,2022,10
PNG,0.52539474,2022-10-16,2022,10
PRY,0.51178133,2022-10-16,2022,10
PER,-1.0617421,2022-10-16,2022,10
PHL,0.5871045,2022-10-16,2022,10
POL,-0.7759347,2022-10-16,2022,10
PRT,-0.5115148,2022-10-16,2022,10
PRI,0.28690603,2022-10-16,2022,10
QAT,-1.4357729,2022-10-16,2022,10
SRB,-0.22208367,2022-10-16,2022,10
COG,-0.08627297,2022-10-16,2022,10
ROU,0.123456925,2022-10-16,2022,10
RUS,0.03321751,2022-10-16,2022,10
RWA,1.3459381,2022-10-16,2022,10
VCT,1.2147121,2022-10-16,2022,10
WSM,0.3130701,2022-10-16,2022,10
SAU,-1.2066239,2022-10-16,2022,10
SEN,0.8514915,2022-10-16,2022,10
SIA,0.6529081,2022-10-16,2022,10
SLE,-0.17094737,2022-10-16,2022,10
SVK,-0.051417362,2022-10-16,2022,10
SVN,-0.654517,2022-10-16,2022,10
SLB,0.03336261,2022-10-16,2022,10
SOM,0.09236493,2022-10-16,2022,10
SOL,-0.30632633,2022-10-16,2022,10
ZAF,-1.3137459,2022-10-16,2022,10
SGS,-1.4468236,2022-10-16,2022,10
KOR,0.59846175,2022-10-16,2022,10
SSD,0.47498858,2022-10-16,2022,10
ESP,-1.0526133,2022-10-16,2022,10
LKA,-0.13014896,2022-10-16,2022,10
SDN,0.41693473,2022-10-16,2022,10
SUR,0.2488827,2022-10-16,2022,10
SWE,-0.41157603,2022-10-16,2022,10
CHE,-0.12698099,2022-10-16,2022,10
SYR,-1.377175,2022-10-16,2022,10
TWN,-0.60561657,2022-10-16,2022,10
TJK,1.0759072,2022-10-16,2022,10
THA,1.6380814,2022-10-16,2022,10
BHS,-0.9999795,2022-10-16,2022,10
TGO,0.86193347,2022-10-16,2022,10
TTO,1.4533765,2022-10-16,2022,10
TUN,-1.9930677,2022-10-16,2022,10
TUR,-0.821222,2022-10-16,2022,10
TKM,-1.6672467,2022-10-16,2022,10
UGA,1.487063,2022-10-16,2022,10
UKR,0.6518028,2022-10-16,2022,10
ARE,-0.29503047,2022-10-16,2022,10
GBR,-0.34800175,2022-10-16,2022,10
TZA,-0.49942467,2022-10-16,2022,10
VIR,-0.14678732,2022-10-16,2022,10
USA,-0.12874356,2022-10-16,2022,10
URY,-1.4180608,2022-10-16,2022,10
UZB,-1.1799574,2022-10-16,2022,10
VUT,0.10346564,2022-10-16,2022,10
VEN,0.07941236,2022-10-16,2022,10
VNM,0.09570346,2022-10-16,2022,10
ESH,-0.582081,2022-10-16,2022,10
YEM,0.0068426616,2022-10-16,2022,10
ZMB,0.03940403,2022-10-16,2022,10
ZWE,-0.59360224,2022-10-16,2022,10
SWZ,-0.53126305,2022-10-16,2022,10
AFG,-0.37891948,2022-11-16,2022,11
ALA,-0.6812525,2022-11-16,2022,11
ALB,-0.21903813,2022-11-16,2022,11
DZA,-1.4381301,2022-11-16,2022,11
AGO,0.24378113,2022-11-16,2022,11
ARG,-1.4600453,2022-11-16,2022,11
ARM,-0.758865,2022-11-16,2022,11
AUS,1.3228681,2022-11-16,2022,11
AUT,-0.07970314,2022-11-16,2022,11
AZE,-0.33042663,2022-11-16,2022,11
BGD,-0.075794026,2022-11-16,2022,11
BLR,0.8845984,2022-11-16,2022,11
BEL,0.40225995,2022-11-16,2022,11
BLZ,1.2499306,2022-11-16,2022,11
BEN,0.6952168,2022-11-16,2022,11
BTN,-0.19675401,2022-11-16,2022,11
BOL,-1.7843378,2022-11-16,2022,11
BIH,-0.03967056,2022-11-16,2022,11
BWA,-0.6299763,2022-11-16,2022,11
BRA,-0.07249699,2022-11-16,2022,11
BRN,1.2998279,2022-11-16,2022,11
BGR,-1.2494735,2022-11-16,2022,11
BFA,1.3654504,2022-11-16,2022,11
BDI,-0.03216188,2022-11-16,2022,11
CPV,0.08976084,2022-11-16,2022,11
KHM,1.3414601,2022-11-16,2022,11
CMR,-0.08065071,2022-11-16,2022,11
CAN,-0.34225214,2022-11-16,2022,11
CAF,0.15590037,2022-11-16,2022,11
TCD,0.030982325,2022-11-16,2022,11
CHL,-1.2237209,2022-11-16,2022,11
CHN,-0.6656783,2022-11-16,2022,11
COL,0.9612981,2022-11-16,2022,11
COM,-0.7069952,2022-11-16,2022,11
CRI,-0.41370872,2022-11-16,2022,11
HRV,-0.35682806,2022-11-16,2022,11
CUB,-0.75447965,2022-11-16,2022,11
CYP,-0.37106192,2022-11-16,2022,11
CZE,-0.3644963,2022-11-16,2022,11
COD,0.2979435,2022-11-16,2022,11
DNK,-0.7734593,2022-11-16,2022,11
DJI,-0.5169773,2022-11-16,2022,11
DOM,0.09618378,2022-11-16,2022,11
TLS,0.07268578,2022-11-16,2022,11
ECU,-0.525285,2022-11-16,2022,11
EGY,-0.8633108,2022-11-16,2022,11
SLV,0.32158965,2022-11-16,2022,11
GNQ,0.41568446,2022-11-16,2022,11
ERI,0.5374673,2022-11-16,2022,11
EST,-0.7772434,2022-11-16,2022,11
ETH,0.12471849,2022-11-16,2022,11
FLK,-1.8787546,2022-11-16,2022,11
FRO,-0.062241524,2022-11-16,2022,11
FJI,0.50301725,2022-11-16,2022,11
FIN,-0.55550146,2022-11-16,2022,11
FRA,0.054653652,2022-11-16,2022,11
PYF,0.8969373,2022-11-16,2022,11
ATF,-0.52010477,2022-11-16,2022,11
GAB,-0.16757104,2022-11-16,2022,11
GMB,1.3845041,2022-11-16,2022,11
GEO,-0.23344284,2022-11-16,2022,11
DEU,-0.2557769,2022-11-16,2022,11
GHA,0.5193941,2022-11-16,2022,11
GRC,-1.3436083,2022-11-16,2022,11
GRL,0.96284866,2022-11-16,2022,11
GTM,1.2210227,2022-11-16,2022,11
GIN,0.79427963,2022-11-16,2022,11
GNB,1.6535534,2022-11-16,2022,11
GUY,1.8337295,2022-11-16,2022,11
HTI,-1.327214,2022-11-16,2022,11
HND,0.035217844,2022-11-16,2022,11
HUN,0.16653164,2022-11-16,2022,11
ISL,0.123024285,2022-11-16,2022,11
IND,0.48248416,2022-11-16,2022,11
IDN,1.2040159,2022-11-16,2022,11
IRN,-1.1604406,2022-11-16,2022,11
IRQ,-1.3235512,2022-11-16,2022,11
IRL,1.6085017,2022-11-16,2022,11
ISR,0.8920551,2022-11-16,2022,11
ITA,-0.6110904,2022-11-16,2022,11
CIV,0.18403953,2022-11-16,2022,11
JAM,-0.78740656,2022-11-16,2022,11
JPN,-0.85401917,2022-11-16,2022,11
JOR,0.51032764,2022-11-16,2022,11
KAZ,-0.7815336,2022-11-16,2022,11
KEN,0.48753312,2022-11-16,2022,11
XKX,0.07163288,2022-11-16,2022,11
KWT,-1.4675524,2022-11-16,2022,11
KGZ,0.717894,2022-11-16,2022,11
LAO,0.56959254,2022-11-16,2022,11
LVA,-1.066701,2022-11-16,2022,11
LBN,0.028771784,2022-11-16,2022,11
LSO,-1.0137492,2022-11-16,2022,11
LBR,-0.32878992,2022-11-16,2022,11
LBY,-0.91834855,2022-11-16,2022,11
LTU,-1.1224513,2022-11-16,2022,11
LUX,0.8480335,2022-11-16,2022,11
MDG,-0.79848075,2022-11-16,2022,11
MWI,0.009299898,2022-11-16,2022,11
MYS,1.0245638,2022-11-16,2022,11
MLI,0.6115636,2022-11-16,2022,11
MRT,0.01911603,2022-11-16,2022,11
MUS,-2.3701937,2022-11-16,2022,11
MEX,0.28248242,2022-11-16,2022,11
MDA,0.094892345,2022-11-16,2022,11
MNG,-1.6024843,2022-11-16,2022,11
MNE,0.38246667,2022-11-16,2022,11
MAR,-1.4735578,2022-11-16,2022,11
MOZ,-0.42569512,2022-11-16,2022,11
MMR,-0.16779561,2022-11-16,2022,11
NAM,-0.6731192,2022-11-16,2022,11
NPL,0.22430123,2022-11-16,2022,11
NLD,0.1255201,2022-11-16,2022,11
NCL,1.2575221,2022-11-16,2022,11
NZL,0.25063193,2022-11-16,2022,11
NIC,-0.112182766,2022-11-16,2022,11
NER,0.19637237,2022-11-16,2022,11
NGA,0.096239455,2022-11-16,2022,11
PRK,1.2828459,2022-11-16,2022,11
MKD,-0.7106756,2022-11-16,2022,11
NOR,-0.5356901,2022-11-16,2022,11
OMN,-1.3666029,2022-11-16,2022,11
PAK,-0.48415047,2022-11-16,2022,11
PSE,0.8970742,2022-11-16,2022,11
PAN,-0.64660716,2022-11-16,2022,11
PNG,0.30089253,2022-11-16,2022,11
PRY,-0.2556177,2022-11-16,2022,11
PER,-1.2822715,2022-11-16,2022,11
PHL,0.41926357,2022-11-16,2022,11
POL,-0.6293784,2022-11-16,2022,11
PRT,-0.6458835,2022-11-16,2022,11
PRI,0.09988591,2022-11-16,2022,11
QAT,-1.9627005,2022-11-16,2022,11
SRB,0.4801703,2022-11-16,2022,11
COG,0.6488152,2022-11-16,2022,11
ROU,0.41292346,2022-11-16,2022,11
RUS,0.26415843,2022-11-16,2022,11
RWA,0.10398076,2022-11-16,2022,11
VCT,1.6897539,2022-11-16,2022,11
WSM,0.2847933,2022-11-16,2022,11
SAU,-0.806914,2022-11-16,2022,11
SEN,1.2046974,2022-11-16,2022,11
SIA,0.62888724,2022-11-16,2022,11
SLE,-0.20723923,2022-11-16,2022,11
SVK,-0.029341372,2022-11-16,2022,11
SVN,-0.5383165,2022-11-16,2022,11
SLB,0.05968467,2022-11-16,2022,11
SOM,-0.049435332,2022-11-16,2022,11
SOL,-0.7825096,2022-11-16,2022,11
ZAF,-1.1003873,2022-11-16,2022,11
SGS,-2.7101479,2022-11-16,2022,11
KOR,0.4510199,2022-11-16,2022,11
SSD,0.30503392,2022-11-16,2022,11
ESP,-0.98963815,2022-11-16,2022,11
LKA,-0.7849559,2022-11-16,2022,11
SDN,0.3090397,2022-11-16,2022,11
SUR,1.4124928,2022-11-16,2022,11
SWE,-0.38633263,2022-11-16,2022,11
CHE,0.44266286,2022-11-16,2022,11
SYR,-0.43484852,2022-11-16,2022,11
TWN,0.3716003,2022-11-16,2022,11
TJK,1.1189102,2022-11-16,2022,11
THA,1.4696687,2022-11-16,2022,11
BHS,-0.3201644,2022-11-16,2022,11
TGO,0.6224032,2022-11-16,2022,11
TTO,2.60459,2022-11-16,2022,11
TUN,-1.8275325,2022-11-16,2022,11
TUR,-1.0091636,2022-11-16,2022,11
TKM,-0.934771,2022-11-16,2022,11
UGA,0.040221877,2022-11-16,2022,11
UKR,1.2150642,2022-11-16,2022,11
ARE,-0.83335304,2022-11-16,2022,11
GBR,1.2349339,2022-11-16,2022,11
TZA,-0.058060054,2022-11-16,2022,11
VIR,-0.24327552,2022-11-16,2022,11
USA,0.044893995,2022-11-16,2022,11
URY,-1.9147291,2022-11-16,2022,11
UZB,-0.6325481,2022-11-16,2022,11
VUT,0.105334304,2022-11-16,2022,11
VEN,0.74878293,2022-11-16,2022,11
VNM,0.14400841,2022-11-16,2022,11
ESH,-0.9396431,2022-11-16,2022,11
YEM,-0.50590986,2022-11-16,2022,11
ZMB,0.13842028,2022-11-16,2022,11
ZWE,-0.3311732,2022-11-16,2022,11
SWZ,0.10379596,2022-11-16,2022,11
AFG,-0.2257543,2022-12-16,2022,12
ALA,-0.23698059,2022-12-16,2022,12
ALB,-0.7548345,2022-12-16,2022,12
DZA,-1.6691022,2022-12-16,2022,12
AGO,0.11367379,2022-12-16,2022,12
ARG,-1.6300675,2022-12-16,2022,12
ARM,-1.5138334,2022-12-16,2022,12
AUS,1.0393673,2022-12-16,2022,12
AUT,-0.6981372,2022-12-16,2022,12
AZE,-1.1044816,2022-12-16,2022,12
BGD,0.041811112,2022-12-16,2022,12
BLR,1.1648008,2022-12-16,2022,12
BEL,-0.22311957,2022-12-16,2022,12
BLZ,0.59830624,2022-12-16,2022,12
BEN,0.31553063,2022-12-16,2022,12
BTN,-0.17656875,2022-12-16,2022,12
BOL,-1.517969,2022-12-16,2022,12
BIH,-0.46494916,2022-12-16,2022,12
BWA,-0.47958666,2022-12-16,2022,12
BRA,0.04200048,2022-12-16,2022,12
BRN,1.504345,2022-12-16,2022,12
BGR,-1.7068008,2022-12-16,2022,12
BFA,-0.19210358,2022-12-16,2022,12
BDI,0.3346321,2022-12-16,2022,12
CPV,0.02152669,2022-12-16,2022,12
KHM,0.36200458,2022-12-16,2022,12
CMR,-0.13083607,2022-12-16,2022,12
CAN,-0.18193382,2022-12-16,2022,12
CAF,-0.53343195,2022-12-16,2022,12
TCD,-0.8139843,2022-12-16,2022,12
CHL,-1.374134,2022-12-16,2022,12
CHN,-0.19418764,2022-12-16,2022,12
COL,0.61917746,2022-12-16,2022,12
COM,-0.44892332,2022-12-16,2022,12
CRI,-0.85449916,2022-12-16,2022,12
HRV,-0.7428295,2022-12-16,2022,12
CUB,-1.0873097,2022-12-16,2022,12
CYP,-0.8535524,2022-12-16,2022,12
CZE,-0.8705017,2022-12-16,2022,12
COD,0.16178156,2022-12-16,2022,12
DNK,-1.1008182,2022-12-16,2022,12
DJI,-0.8553255,2022-12-16,2022,12
DOM,0.13904281,2022-12-16,2022,12
TLS,-0.04958908,2022-12-16,2022,12
ECU,-0.37341303,2022-12-16,2022,12
EGY,-0.8707518,2022-12-16,2022,12
SLV,-0.07545861,2022-12-16,2022,12
GNQ,0.16705379,2022-12-16,2022,12
ERI,0.7818387,2022-12-16,2022,12
EST,0.00036161946,2022-12-16,2022,12
ETH,0.20798483,2022-12-16,2022,12
FLK,-1.9508917,2022-12-16,2022,12
FRO,0.054094646,2022-12-16,2022,12
FJI,1.3048325,2022-12-16,2022,12
FIN,0.26679364,2022-12-16,2022,12
FRA,-0.14990756,2022-12-16,2022,12
PYF,0.33347207,2022-12-16,2022,12
ATF,-1.3803414,2022-12-16,2022,12
GAB,-0.3963222,2022-12-16,2022,12
GMB,0.89151907,2022-12-16,2022,12
GEO,-1.1788825,2022-12-16,2022,12
DEU,-0.7554014,2022-12-16,2022,12
GHA,-0.2178323,2022-12-16,2022,12
GRC,-1.8076433,2022-12-16,2022,12
GRL,0.5159564,2022-12-16,2022,12
GTM,0.37887806,2022-12-16,2022,12
GIN,0.7358773,2022-12-16,2022,12
GNB,1.250629,2022-12-16,2022,12
GUY,1.9207313,2022-12-16,2022,12
HTI,-1.2157259,2022-12-16,2022,12
HND,-0.19762273,2022-12-16,2022,12
HUN,-0.6215891,2022-12-16,2022,12
ISL,0.024533408,2022-12-16,2022,12
IND,0.37230814,2022-12-16,2022,12
IDN,0.89473075,2022-12-16,2022,12
IRN,-0.69823986,2022-12-16,2022,12
IRQ,-1.3769739,2022-12-16,2022,12
IRL,1.1264627,2022-12-16,2022,12
ISR,0.5907259,2022-12-16,2022,12
ITA,-0.97613317,2022-12-16,2022,12
CIV,-0.26862893,2022-12-16,2022,12
JAM,-1.1390673,2022-12-16,2022,12
JPN,-0.8442203,2022-12-16,2022,12
JOR,0.3844331,2022-12-16,2022,12
KAZ,-0.009901441,2022-12-16,2022,12
KEN,0.066697545,2022-12-16,2022,12
XKX,-0.8928427,2022-12-16,2022,12
KWT,-0.57570094,2022-12-16,2022,12
KGZ,1.111816,2022-12-16,2022,12
LAO,-0.24168128,2022-12-16,2022,12
LVA,-0.23349118,2022-12-16,2022,12
LBN,-0.8456521,2022-12-16,2022,12
LSO,-0.022434393,2022-12-16,2022,12
LBR,-0.34034836,2022-12-16,2022,12
LBY,-1.296793,2022-12-16,2022,12
LTU,-0.4679044,2022-12-16,2022,12
LUX,-0.067447126,2022-12-16,2022,12
MDG,-0.6561645,2022-12-16,2022,12
MWI,0.5715968,2022-12-16,2022,12
MYS,1.4590819,2022-12-16,2022,12
MLI,-0.05832213,2022-12-16,2022,12
MRT,-0.9887246,2022-12-16,2022,12
MUS,-2.3809183,2022-12-16,2022,12
MEX,-0.119115815,2022-12-16,2022,12
MDA,-0.78919923,2022-12-16,2022,12
MNG,0.0011959132,2022-12-16,2022,12
MNE,-0.29912627,2022-12-16,2022,12
MAR,-1.3598132,2022-12-16,2022,12
MOZ,0.19715534,2022-12-16,2022,12
MMR,-0.27383897,2022-12-16,2022,12
NAM,-0.65073705,2022-12-16,2022,12
NPL,0.16166899,2022-12-16,2022,12
NLD,-0.5970068,2022-12-16,2022,12
NCL,1.7698684,2022-12-16,2022,12
NZL,0.047851536,2022-12-16,2022,12
NIC,-0.5194704,2022-12-16,2022,12
NER,-0.13249852,2022-12-16,2022,12
NGA,0.20333919,2022-12-16,2022,12
PRK,1.1454018,2022-12-16,2022,12
MKD,-1.3489635,2022-12-16,2022,12
NOR,-0.13483922,2022-12-16,2022,12
OMN,-1.2679496,2022-12-16,2022,12
PAK,-0.6150871,2022-12-16,2022,12
PSE,0.3182198,2022-12-16,2022,12
PAN,-0.97907996,2022-12-16,2022,12
PNG,-0.03970536,2022-12-16,2022,12
PRY,-1.212753,2022-12-16,2022,12
PER,-1.1465347,2022-12-16,2022,12
PHL,1.1119809,2022-12-16,2022,12
POL,-0.90679395,2022-12-16,2022,12
PRT,1.0853728,2022-12-16,2022,12
PRI,0.110008694,2022-12-16,2022,12
QAT,-1.8494148,2022-12-16,2022,12
SRB,-0.5927199,2022-12-16,2022,12
COG,0.30773672,2022-12-16,2022,12
ROU,-0.73346937,2022-12-16,2022,12
RUS,0.24001178,2022-12-16,2022,12
RWA,0.03784328,2022-12-16,2022,12
VCT,1.2660046,2022-12-16,2022,12
WSM,-0.12924571,2022-12-16,2022,12
SAU,-0.76165265,2022-12-16,2022,12
SEN,0.4244102,2022-12-16,2022,12
SIA,0.5543491,2022-12-16,2022,12
SLE,-0.19488429,2022-12-16,2022,12
SVK,-0.5893457,2022-12-16,2022,12
SVN,-1.031914,2022-12-16,2022,12
SLB,0.046396106,2022-12-16,2022,12
SOM,-0.11633629,2022-12-16,2022,12
SOL,-1.5686152,2022-12-16,2022,12
ZAF,-0.15161957,2022-12-16,2022,12
SGS,-2.9404082,2022-12-16,2022,12
KOR,0.2751831,2022-12-16,2022,12
SSD,0.32126677,2022-12-16,2022,12
ESP,0.03913334,2022-12-16,2022,12
LKA,-0.26109684,2022-12-16,2022,12
SDN,0.16136797,2022-12-16,2022,12
SUR,1.7096694,2022-12-16,2022,12
SWE,0.022174586,2022-12-16,2022,12
CHE,0.013295703,2022-12-16,2022,12
SYR,-1.0003891,2022-12-16,2022,12
TWN,0.55716395,2022-12-16,2022,12
TJK,0.78187466,2022-12-16,2022,12
THA,0.84590477,2022-12-16,2022,12
BHS,-0.32490525,2022-12-16,2022,12
TGO,-0.042236466,2022-12-16,2022,12
TTO,1.9000928,2022-12-16,2022,12
TUN,-2.2371,2022-12-16,2022,12
TUR,-1.570595,2022-12-16,2022,12
TKM,-0.42044422,2022-12-16,2022,12
UGA,0.032335967,2022-12-16,2022,12
UKR,0.7290461,2022-12-16,2022,12
ARE,-0.82918245,2022-12-16,2022,12
GBR,1.1377167,2022-12-16,2022,12
TZA,0.108308084,2022-12-16,2022,12
VIR,-0.2953397,2022-12-16,2022,12
USA,0.40275523,2022-12-16,2022,12
URY,-1.5993018,2022-12-16,2022,12
UZB,-0.3495216,2022-12-16,2022,12
VUT,0.0008540172,2022-12-16,2022,12
VEN,0.37458786,2022-12-16,2022,12
VNM,-0.076892585,2022-12-16,2022,12
ESH,-1.4589374,2022-12-16,2022,12
YEM,-1.2074915,2022-12-16,2022,12
ZMB,0.08421187,2022-12-16,2022,12
ZWE,-0.16413839,2022-12-16,2022,12
SWZ,0.35353094,2022-12-16,2022,12
